bank_id,product_id,month,month_label,system_uptime_pct,downtime_hrs,incidents_count,p1_incidents,avg_response_ms,sla_breached
BNK001,PRD001,2024-04-01,Apr-2024,95.61,32.05,2,2,517.2,Y
BNK001,PRD001,2024-05-01,May-2024,96.35,26.65,7,0,250.7,Y
BNK001,PRD001,2024-06-01,Jun-2024,94.93,37.01,1,2,194.5,Y
BNK001,PRD001,2024-07-01,Jul-2024,95.87,30.15,8,2,530.9,Y
BNK001,PRD001,2024-08-01,Aug-2024,95.55,32.49,2,0,467.8,Y
BNK001,PRD001,2024-09-01,Sep-2024,96.24,27.45,3,1,571.2,Y
BNK001,PRD001,2024-10-01,Oct-2024,95.64,31.83,4,0,489.6,Y
BNK001,PRD001,2024-11-01,Nov-2024,96.25,27.38,7,2,282.4,Y
BNK001,PRD001,2024-12-01,Dec-2024,95.5,32.85,8,2,425.0,Y
BNK001,PRD001,2025-01-01,Jan-2025,95.37,33.8,7,0,355.2,Y
BNK001,PRD001,2025-02-01,Feb-2025,95.97,29.42,0,2,206.5,Y
BNK001,PRD001,2025-03-01,Mar-2025,94.87,37.45,7,1,371.7,Y
BNK001,PRD002,2024-04-01,Apr-2024,98.73,9.27,1,2,83.8,Y
BNK001,PRD002,2024-05-01,May-2024,98.35,12.05,8,0,508.4,Y
BNK001,PRD002,2024-06-01,Jun-2024,98.47,11.17,5,2,446.2,Y
BNK001,PRD002,2024-07-01,Jul-2024,98.79,8.83,5,1,170.2,Y
BNK001,PRD002,2024-08-01,Aug-2024,99.5,3.65,2,1,339.8,N
BNK001,PRD002,2024-09-01,Sep-2024,99.14,6.28,0,0,212.4,N
BNK001,PRD002,2024-10-01,Oct-2024,98.39,11.75,8,1,447.0,Y
BNK001,PRD002,2024-11-01,Nov-2024,98.78,8.91,0,0,483.5,Y
BNK001,PRD002,2024-12-01,Dec-2024,98.4,11.68,2,0,366.4,Y
BNK001,PRD002,2025-01-01,Jan-2025,99.3,5.11,7,0,242.3,N
BNK001,PRD002,2025-02-01,Feb-2025,98.32,12.26,4,0,476.9,Y
BNK001,PRD002,2025-03-01,Mar-2025,99.53,3.43,5,1,255.6,N
BNK001,PRD003,2024-04-01,Apr-2024,99.23,5.62,3,2,493.8,N
BNK001,PRD003,2024-05-01,May-2024,99.79,1.53,7,2,100.1,N
BNK001,PRD003,2024-06-01,Jun-2024,98.61,10.15,6,1,585.0,Y
BNK001,PRD003,2024-07-01,Jul-2024,99.26,5.4,1,1,490.1,N
BNK001,PRD003,2024-08-01,Aug-2024,99.08,6.72,4,1,532.1,N
BNK001,PRD003,2024-09-01,Sep-2024,99.14,6.28,8,1,517.5,N
BNK001,PRD003,2024-10-01,Oct-2024,99.93,0.51,5,1,396.5,N
BNK001,PRD003,2024-11-01,Nov-2024,98.9,8.03,4,2,429.0,Y
BNK001,PRD003,2024-12-01,Dec-2024,99.8,1.46,6,1,468.0,N
BNK001,PRD003,2025-01-01,Jan-2025,98.76,9.05,2,2,521.0,Y
BNK001,PRD003,2025-02-01,Feb-2025,99.9,0.73,2,1,363.1,N
BNK001,PRD003,2025-03-01,Mar-2025,98.95,7.66,8,1,557.4,Y
BNK001,PRD004,2024-04-01,Apr-2024,96.16,28.03,6,0,204.4,Y
BNK001,PRD004,2024-05-01,May-2024,97.07,21.39,5,2,517.0,Y
BNK001,PRD004,2024-06-01,Jun-2024,97.16,20.73,4,0,299.3,Y
BNK001,PRD004,2024-07-01,Jul-2024,96.19,27.81,6,0,410.8,Y
BNK001,PRD004,2024-08-01,Aug-2024,97.04,21.61,3,0,124.3,Y
BNK001,PRD004,2024-09-01,Sep-2024,97.56,17.81,0,0,526.9,Y
BNK001,PRD004,2024-10-01,Oct-2024,96.51,25.48,8,0,440.8,Y
BNK001,PRD004,2024-11-01,Nov-2024,96.51,25.48,8,1,127.4,Y
BNK001,PRD004,2024-12-01,Dec-2024,97.28,19.86,2,2,196.4,Y
BNK001,PRD004,2025-01-01,Jan-2025,96.68,24.24,8,2,107.7,Y
BNK001,PRD004,2025-02-01,Feb-2025,97.48,18.4,8,0,99.9,Y
BNK001,PRD004,2025-03-01,Mar-2025,97.16,20.73,1,1,505.7,Y
BNK001,PRD005,2024-04-01,Apr-2024,95.43,33.36,3,1,289.9,Y
BNK001,PRD005,2024-05-01,May-2024,95.04,36.21,7,1,166.2,Y
BNK001,PRD005,2024-06-01,Jun-2024,96.16,28.03,1,1,561.5,Y
BNK001,PRD005,2024-07-01,Jul-2024,95.56,32.41,6,2,402.9,Y
BNK001,PRD005,2024-08-01,Aug-2024,95.71,31.32,4,1,579.6,Y
BNK001,PRD005,2024-09-01,Sep-2024,95.52,32.7,5,2,376.4,Y
BNK001,PRD005,2024-10-01,Oct-2024,96.48,25.7,0,1,248.6,Y
BNK001,PRD005,2024-11-01,Nov-2024,95.99,29.27,6,0,372.8,Y
BNK001,PRD005,2024-12-01,Dec-2024,95.96,29.49,7,0,236.2,Y
BNK001,PRD005,2025-01-01,Jan-2025,95.56,32.41,4,0,370.8,Y
BNK001,PRD005,2025-02-01,Feb-2025,95.95,29.56,2,2,242.7,Y
BNK001,PRD005,2025-03-01,Mar-2025,96.12,28.32,5,0,500.7,Y
BNK002,PRD001,2024-04-01,Apr-2024,94.98,36.65,8,2,587.8,Y
BNK002,PRD001,2024-05-01,May-2024,94.55,39.79,1,1,418.1,Y
BNK002,PRD001,2024-06-01,Jun-2024,94.45,40.51,1,2,407.2,Y
BNK002,PRD001,2024-07-01,Jul-2024,94.58,39.57,4,1,335.5,Y
BNK002,PRD001,2024-08-01,Aug-2024,95.37,33.8,5,0,111.2,Y
BNK002,PRD001,2024-09-01,Sep-2024,94.61,39.35,2,1,408.0,Y
BNK002,PRD001,2024-10-01,Oct-2024,95.45,33.21,4,1,185.3,Y
BNK002,PRD001,2024-11-01,Nov-2024,95.07,35.99,8,0,236.1,Y
BNK002,PRD001,2024-12-01,Dec-2024,94.39,40.95,5,2,526.3,Y
BNK002,PRD001,2025-01-01,Jan-2025,94.56,39.71,1,0,463.7,Y
BNK002,PRD001,2025-02-01,Feb-2025,94.73,38.47,4,0,463.1,Y
BNK002,PRD001,2025-03-01,Mar-2025,94.56,39.71,3,1,201.4,Y
BNK002,PRD002,2024-04-01,Apr-2024,98.35,12.05,0,2,210.3,Y
BNK002,PRD002,2024-05-01,May-2024,97.42,18.83,1,2,548.6,Y
BNK002,PRD002,2024-06-01,Jun-2024,97.7,16.79,2,1,328.7,Y
BNK002,PRD002,2024-07-01,Jul-2024,97.63,17.3,0,2,94.0,Y
BNK002,PRD002,2024-08-01,Aug-2024,98.54,10.66,7,2,554.8,Y
BNK002,PRD002,2024-09-01,Sep-2024,97.29,19.78,3,0,249.0,Y
BNK002,PRD002,2024-10-01,Oct-2024,97.77,16.28,1,2,548.0,Y
BNK002,PRD002,2024-11-01,Nov-2024,97.29,19.78,1,0,496.0,Y
BNK002,PRD002,2024-12-01,Dec-2024,98.27,12.63,3,1,496.5,Y
BNK002,PRD002,2025-01-01,Jan-2025,98.22,12.99,7,0,185.1,Y
BNK002,PRD002,2025-02-01,Feb-2025,98.06,14.16,6,2,171.5,Y
BNK002,PRD002,2025-03-01,Mar-2025,97.85,15.7,8,1,125.3,Y
BNK002,PRD003,2024-04-01,Apr-2024,96.85,23.0,2,0,479.4,Y
BNK002,PRD003,2024-05-01,May-2024,96.64,24.53,2,2,124.9,Y
BNK002,PRD003,2024-06-01,Jun-2024,97.46,18.54,3,2,123.5,Y
BNK002,PRD003,2024-07-01,Jul-2024,96.75,23.73,1,1,387.9,Y
BNK002,PRD003,2024-08-01,Aug-2024,96.88,22.78,0,0,401.4,Y
BNK002,PRD003,2024-09-01,Sep-2024,97.84,15.77,0,2,363.4,Y
BNK002,PRD003,2024-10-01,Oct-2024,97.21,20.37,1,2,277.5,Y
BNK002,PRD003,2024-11-01,Nov-2024,97.04,21.61,5,0,177.9,Y
BNK002,PRD003,2024-12-01,Dec-2024,97.66,17.08,1,2,379.4,Y
BNK002,PRD003,2025-01-01,Jan-2025,97.3,19.71,8,0,116.5,Y
BNK002,PRD003,2025-02-01,Feb-2025,96.74,23.8,5,1,581.4,Y
BNK002,PRD003,2025-03-01,Mar-2025,97.51,18.18,3,0,310.0,Y
BNK002,PRD004,2024-04-01,Apr-2024,95.88,30.08,6,1,108.0,Y
BNK002,PRD004,2024-05-01,May-2024,95.19,35.11,1,1,124.2,Y
BNK002,PRD004,2024-06-01,Jun-2024,96.03,28.98,3,2,364.9,Y
BNK002,PRD004,2024-07-01,Jul-2024,95.59,32.19,1,2,492.5,Y
BNK002,PRD004,2024-08-01,Aug-2024,95.46,33.14,0,1,502.8,Y
BNK002,PRD004,2024-09-01,Sep-2024,94.79,38.03,3,2,187.1,Y
BNK002,PRD004,2024-10-01,Oct-2024,94.98,36.65,3,1,575.4,Y
BNK002,PRD004,2024-11-01,Nov-2024,95.14,35.48,5,1,94.5,Y
BNK002,PRD004,2024-12-01,Dec-2024,95.48,33.0,4,2,326.9,Y
BNK002,PRD004,2025-01-01,Jan-2025,95.33,34.09,0,2,337.9,Y
BNK002,PRD004,2025-02-01,Feb-2025,95.26,34.6,2,1,447.9,Y
BNK002,PRD004,2025-03-01,Mar-2025,95.72,31.24,2,0,119.1,Y
BNK002,PRD005,2024-04-01,Apr-2024,96.97,22.12,1,1,93.6,Y
BNK002,PRD005,2024-05-01,May-2024,96.14,28.18,7,2,342.0,Y
BNK002,PRD005,2024-06-01,Jun-2024,95.96,29.49,0,1,480.7,Y
BNK002,PRD005,2024-07-01,Jul-2024,96.88,22.78,7,0,576.1,Y
BNK002,PRD005,2024-08-01,Aug-2024,96.99,21.97,6,0,111.4,Y
BNK002,PRD005,2024-09-01,Sep-2024,96.45,25.91,7,0,87.1,Y
BNK002,PRD005,2024-10-01,Oct-2024,96.74,23.8,4,1,555.3,Y
BNK002,PRD005,2024-11-01,Nov-2024,97.14,20.88,6,1,436.9,Y
BNK002,PRD005,2024-12-01,Dec-2024,96.22,27.59,2,0,193.5,Y
BNK002,PRD005,2025-01-01,Jan-2025,96.54,25.26,0,1,136.2,Y
BNK002,PRD005,2025-02-01,Feb-2025,96.87,22.85,8,0,486.3,Y
BNK002,PRD005,2025-03-01,Mar-2025,96.72,23.94,1,1,421.1,Y
BNK003,PRD001,2024-04-01,Apr-2024,97.04,21.61,2,0,235.1,Y
BNK003,PRD001,2024-05-01,May-2024,98.01,14.53,6,1,542.6,Y
BNK003,PRD001,2024-06-01,Jun-2024,97.91,15.26,4,1,538.5,Y
BNK003,PRD001,2024-07-01,Jul-2024,97.55,17.89,8,2,180.2,Y
BNK003,PRD001,2024-08-01,Aug-2024,98.05,14.24,2,0,323.4,Y
BNK003,PRD001,2024-09-01,Sep-2024,97.64,17.23,0,2,336.3,Y
BNK003,PRD001,2024-10-01,Oct-2024,96.95,22.26,5,2,516.0,Y
BNK003,PRD001,2024-11-01,Nov-2024,96.95,22.26,5,2,571.7,Y
BNK003,PRD001,2024-12-01,Dec-2024,97.86,15.62,5,1,599.4,Y
BNK003,PRD001,2025-01-01,Jan-2025,96.91,22.56,1,2,576.5,Y
BNK003,PRD001,2025-02-01,Feb-2025,97.91,15.26,3,1,350.1,Y
BNK003,PRD001,2025-03-01,Mar-2025,96.99,21.97,3,1,337.7,Y
BNK003,PRD002,2024-04-01,Apr-2024,97.06,21.46,7,0,286.1,Y
BNK003,PRD002,2024-05-01,May-2024,97.59,17.59,3,0,575.5,Y
BNK003,PRD002,2024-06-01,Jun-2024,97.55,17.89,0,1,441.3,Y
BNK003,PRD002,2024-07-01,Jul-2024,97.36,19.27,7,1,349.8,Y
BNK003,PRD002,2024-08-01,Aug-2024,97.37,19.2,4,2,304.0,Y
BNK003,PRD002,2024-09-01,Sep-2024,97.47,18.47,4,0,284.3,Y
BNK003,PRD002,2024-10-01,Oct-2024,97.48,18.4,1,0,100.1,Y
BNK003,PRD002,2024-11-01,Nov-2024,97.09,21.24,7,1,259.5,Y
BNK003,PRD002,2024-12-01,Dec-2024,97.0,21.9,7,1,287.8,Y
BNK003,PRD002,2025-01-01,Jan-2025,96.93,22.41,5,2,237.0,Y
BNK003,PRD002,2025-02-01,Feb-2025,97.52,18.1,1,2,483.7,Y
BNK003,PRD002,2025-03-01,Mar-2025,97.13,20.95,1,1,308.5,Y
BNK003,PRD003,2024-04-01,Apr-2024,97.73,16.57,3,2,277.2,Y
BNK003,PRD003,2024-05-01,May-2024,96.77,23.58,6,2,278.2,Y
BNK003,PRD003,2024-06-01,Jun-2024,96.82,23.21,6,0,527.1,Y
BNK003,PRD003,2024-07-01,Jul-2024,97.98,14.75,1,0,348.5,Y
BNK003,PRD003,2024-08-01,Aug-2024,96.92,22.48,0,1,257.7,Y
BNK003,PRD003,2024-09-01,Sep-2024,97.73,16.57,4,1,585.1,Y
BNK003,PRD003,2024-10-01,Oct-2024,98.03,14.38,2,2,287.1,Y
BNK003,PRD003,2024-11-01,Nov-2024,98.12,13.72,6,2,471.6,Y
BNK003,PRD003,2024-12-01,Dec-2024,98.05,14.24,3,1,315.1,Y
BNK003,PRD003,2025-01-01,Jan-2025,98.15,13.5,0,0,230.8,Y
BNK003,PRD003,2025-02-01,Feb-2025,97.86,15.62,4,2,436.7,Y
BNK003,PRD003,2025-03-01,Mar-2025,97.09,21.24,5,2,264.2,Y
BNK003,PRD004,2024-04-01,Apr-2024,96.65,24.45,0,0,596.1,Y
BNK003,PRD004,2024-05-01,May-2024,97.29,19.78,1,2,576.7,Y
BNK003,PRD004,2024-06-01,Jun-2024,96.98,22.05,2,0,338.2,Y
BNK003,PRD004,2024-07-01,Jul-2024,96.24,27.45,3,2,275.7,Y
BNK003,PRD004,2024-08-01,Aug-2024,96.89,22.7,4,2,145.4,Y
BNK003,PRD004,2024-09-01,Sep-2024,96.16,28.03,7,2,533.6,Y
BNK003,PRD004,2024-10-01,Oct-2024,96.32,26.86,8,0,358.2,Y
BNK003,PRD004,2024-11-01,Nov-2024,97.0,21.9,0,2,248.9,Y
BNK003,PRD004,2024-12-01,Dec-2024,97.03,21.68,7,0,589.5,Y
BNK003,PRD004,2025-01-01,Jan-2025,96.89,22.7,4,0,486.1,Y
BNK003,PRD004,2025-02-01,Feb-2025,96.92,22.48,1,1,435.1,Y
BNK003,PRD004,2025-03-01,Mar-2025,97.37,19.2,0,2,139.0,Y
BNK003,PRD005,2024-04-01,Apr-2024,96.13,28.25,4,0,205.1,Y
BNK003,PRD005,2024-05-01,May-2024,96.15,28.1,4,2,221.4,Y
BNK003,PRD005,2024-06-01,Jun-2024,96.23,27.52,7,1,97.6,Y
BNK003,PRD005,2024-07-01,Jul-2024,95.96,29.49,2,1,562.5,Y
BNK003,PRD005,2024-08-01,Aug-2024,95.42,33.43,5,2,144.5,Y
BNK003,PRD005,2024-09-01,Sep-2024,96.14,28.18,5,1,228.2,Y
BNK003,PRD005,2024-10-01,Oct-2024,96.05,28.84,6,2,251.2,Y
BNK003,PRD005,2024-11-01,Nov-2024,95.13,35.55,1,2,470.8,Y
BNK003,PRD005,2024-12-01,Dec-2024,95.64,31.83,5,1,147.8,Y
BNK003,PRD005,2025-01-01,Jan-2025,95.44,33.29,8,0,583.0,Y
BNK003,PRD005,2025-02-01,Feb-2025,95.09,35.84,1,2,596.3,Y
BNK003,PRD005,2025-03-01,Mar-2025,95.23,34.82,4,1,381.6,Y
BNK004,PRD001,2024-04-01,Apr-2024,98.88,8.18,5,2,175.7,Y
BNK004,PRD001,2024-05-01,May-2024,98.31,12.34,1,1,450.0,Y
BNK004,PRD001,2024-06-01,Jun-2024,98.66,9.78,2,1,224.8,Y
BNK004,PRD001,2024-07-01,Jul-2024,98.94,7.74,7,2,127.4,Y
BNK004,PRD001,2024-08-01,Aug-2024,99.27,5.33,0,0,127.1,N
BNK004,PRD001,2024-09-01,Sep-2024,97.86,15.62,8,0,145.2,Y
BNK004,PRD001,2024-10-01,Oct-2024,98.91,7.96,4,2,421.2,Y
BNK004,PRD001,2024-11-01,Nov-2024,98.51,10.88,1,2,464.0,Y
BNK004,PRD001,2024-12-01,Dec-2024,97.9,15.33,4,2,236.9,Y
BNK004,PRD001,2025-01-01,Jan-2025,98.26,12.7,4,0,405.3,Y
BNK004,PRD001,2025-02-01,Feb-2025,99.17,6.06,3,1,451.1,N
BNK004,PRD001,2025-03-01,Mar-2025,99.0,7.3,8,0,412.8,N
BNK004,PRD002,2024-04-01,Apr-2024,97.38,19.13,7,2,266.8,Y
BNK004,PRD002,2024-05-01,May-2024,96.98,22.05,7,2,596.6,Y
BNK004,PRD002,2024-06-01,Jun-2024,96.56,25.11,3,0,557.5,Y
BNK004,PRD002,2024-07-01,Jul-2024,96.99,21.97,5,1,222.4,Y
BNK004,PRD002,2024-08-01,Aug-2024,97.05,21.54,7,0,510.5,Y
BNK004,PRD002,2024-09-01,Sep-2024,96.88,22.78,8,0,539.4,Y
BNK004,PRD002,2024-10-01,Oct-2024,97.46,18.54,1,2,530.0,Y
BNK004,PRD002,2024-11-01,Nov-2024,97.81,15.99,0,2,542.9,Y
BNK004,PRD002,2024-12-01,Dec-2024,97.55,17.89,4,0,564.8,Y
BNK004,PRD002,2025-01-01,Jan-2025,97.77,16.28,7,2,380.0,Y
BNK004,PRD002,2025-02-01,Feb-2025,96.54,25.26,6,0,119.6,Y
BNK004,PRD002,2025-03-01,Mar-2025,97.77,16.28,4,1,278.5,Y
BNK004,PRD003,2024-04-01,Apr-2024,98.63,10.0,8,0,111.4,Y
BNK004,PRD003,2024-05-01,May-2024,98.05,14.24,5,1,169.7,Y
BNK004,PRD003,2024-06-01,Jun-2024,98.33,12.19,7,0,579.0,Y
BNK004,PRD003,2024-07-01,Jul-2024,98.4,11.68,8,2,526.1,Y
BNK004,PRD003,2024-08-01,Aug-2024,98.33,12.19,2,0,338.5,Y
BNK004,PRD003,2024-09-01,Sep-2024,98.27,12.63,7,1,371.0,Y
BNK004,PRD003,2024-10-01,Oct-2024,98.44,11.39,7,1,82.5,Y
BNK004,PRD003,2024-11-01,Nov-2024,97.89,15.4,8,0,408.9,Y
BNK004,PRD003,2024-12-01,Dec-2024,97.69,16.86,2,1,564.3,Y
BNK004,PRD003,2025-01-01,Jan-2025,97.42,18.83,8,0,366.3,Y
BNK004,PRD003,2025-02-01,Feb-2025,97.43,18.76,2,1,331.2,Y
BNK004,PRD003,2025-03-01,Mar-2025,98.64,9.93,0,2,292.7,Y
BNK004,PRD004,2024-04-01,Apr-2024,97.08,21.32,2,2,303.8,Y
BNK004,PRD004,2024-05-01,May-2024,97.35,19.35,3,2,596.2,Y
BNK004,PRD004,2024-06-01,Jun-2024,97.23,20.22,5,1,112.9,Y
BNK004,PRD004,2024-07-01,Jul-2024,96.45,25.91,8,0,587.0,Y
BNK004,PRD004,2024-08-01,Aug-2024,97.14,20.88,0,0,178.2,Y
BNK004,PRD004,2024-09-01,Sep-2024,97.48,18.4,7,0,512.6,Y
BNK004,PRD004,2024-10-01,Oct-2024,97.11,21.1,0,1,104.3,Y
BNK004,PRD004,2024-11-01,Nov-2024,96.36,26.57,8,0,354.4,Y
BNK004,PRD004,2024-12-01,Dec-2024,96.76,23.65,6,2,446.6,Y
BNK004,PRD004,2025-01-01,Jan-2025,96.64,24.53,3,0,99.0,Y
BNK004,PRD004,2025-02-01,Feb-2025,97.19,20.51,0,2,581.2,Y
BNK004,PRD004,2025-03-01,Mar-2025,97.32,19.56,3,1,342.4,Y
BNK004,PRD005,2024-04-01,Apr-2024,97.92,15.18,6,1,455.7,Y
BNK004,PRD005,2024-05-01,May-2024,97.72,16.64,6,2,171.5,Y
BNK004,PRD005,2024-06-01,Jun-2024,97.52,18.1,0,1,495.2,Y
BNK004,PRD005,2024-07-01,Jul-2024,97.92,15.18,4,1,285.4,Y
BNK004,PRD005,2024-08-01,Aug-2024,97.57,17.74,6,1,285.5,Y
BNK004,PRD005,2024-09-01,Sep-2024,97.93,15.11,1,2,345.1,Y
BNK004,PRD005,2024-10-01,Oct-2024,97.66,17.08,7,2,221.2,Y
BNK004,PRD005,2024-11-01,Nov-2024,97.62,17.37,5,0,526.7,Y
BNK004,PRD005,2024-12-01,Dec-2024,98.12,13.72,3,1,253.6,Y
BNK004,PRD005,2025-01-01,Jan-2025,97.11,21.1,2,0,176.7,Y
BNK004,PRD005,2025-02-01,Feb-2025,98.37,11.9,6,2,595.7,Y
BNK004,PRD005,2025-03-01,Mar-2025,97.25,20.07,3,0,519.5,Y
BNK005,PRD001,2024-04-01,Apr-2024,97.33,19.49,4,1,169.4,Y
BNK005,PRD001,2024-05-01,May-2024,97.3,19.71,7,0,205.6,Y
BNK005,PRD001,2024-06-01,Jun-2024,96.82,23.21,0,1,471.8,Y
BNK005,PRD001,2024-07-01,Jul-2024,97.14,20.88,0,2,278.2,Y
BNK005,PRD001,2024-08-01,Aug-2024,96.41,26.21,6,2,258.3,Y
BNK005,PRD001,2024-09-01,Sep-2024,96.88,22.78,4,1,287.9,Y
BNK005,PRD001,2024-10-01,Oct-2024,96.62,24.67,1,0,258.2,Y
BNK005,PRD001,2024-11-01,Nov-2024,96.74,23.8,7,2,378.9,Y
BNK005,PRD001,2024-12-01,Dec-2024,97.38,19.13,0,2,495.2,Y
BNK005,PRD001,2025-01-01,Jan-2025,97.17,20.66,3,1,456.1,Y
BNK005,PRD001,2025-02-01,Feb-2025,97.06,21.46,3,0,150.7,Y
BNK005,PRD001,2025-03-01,Mar-2025,96.56,25.11,3,1,147.3,Y
BNK005,PRD002,2024-04-01,Apr-2024,97.14,20.88,6,0,482.1,Y
BNK005,PRD002,2024-05-01,May-2024,97.77,16.28,3,1,152.7,Y
BNK005,PRD002,2024-06-01,Jun-2024,97.79,16.13,3,1,430.6,Y
BNK005,PRD002,2024-07-01,Jul-2024,96.89,22.7,3,0,98.4,Y
BNK005,PRD002,2024-08-01,Aug-2024,97.83,15.84,7,2,443.5,Y
BNK005,PRD002,2024-09-01,Sep-2024,97.94,15.04,0,2,440.3,Y
BNK005,PRD002,2024-10-01,Oct-2024,97.08,21.32,3,1,566.5,Y
BNK005,PRD002,2024-11-01,Nov-2024,96.66,24.38,7,0,218.9,Y
BNK005,PRD002,2024-12-01,Dec-2024,96.9,22.63,3,2,144.4,Y
BNK005,PRD002,2025-01-01,Jan-2025,97.55,17.89,8,0,357.4,Y
BNK005,PRD002,2025-02-01,Feb-2025,97.16,20.73,1,0,267.2,Y
BNK005,PRD002,2025-03-01,Mar-2025,97.34,19.42,8,2,559.4,Y
BNK005,PRD003,2024-04-01,Apr-2024,95.65,31.75,1,2,352.4,Y
BNK005,PRD003,2024-05-01,May-2024,96.39,26.35,5,2,432.3,Y
BNK005,PRD003,2024-06-01,Jun-2024,96.04,28.91,6,2,422.5,Y
BNK005,PRD003,2024-07-01,Jul-2024,96.13,28.25,6,1,272.2,Y
BNK005,PRD003,2024-08-01,Aug-2024,96.38,26.43,4,1,458.5,Y
BNK005,PRD003,2024-09-01,Sep-2024,96.36,26.57,1,1,334.5,Y
BNK005,PRD003,2024-10-01,Oct-2024,96.37,26.5,3,1,402.8,Y
BNK005,PRD003,2024-11-01,Nov-2024,95.56,32.41,4,0,248.1,Y
BNK005,PRD003,2024-12-01,Dec-2024,96.39,26.35,7,0,416.8,Y
BNK005,PRD003,2025-01-01,Jan-2025,96.81,23.29,6,2,355.2,Y
BNK005,PRD003,2025-02-01,Feb-2025,96.25,27.38,4,2,580.0,Y
BNK005,PRD003,2025-03-01,Mar-2025,96.11,28.4,8,0,410.5,Y
BNK005,PRD004,2024-04-01,Apr-2024,97.14,20.88,7,2,553.3,Y
BNK005,PRD004,2024-05-01,May-2024,97.51,18.18,8,0,432.4,Y
BNK005,PRD004,2024-06-01,Jun-2024,96.92,22.48,5,0,203.8,Y
BNK005,PRD004,2024-07-01,Jul-2024,96.95,22.26,8,1,473.9,Y
BNK005,PRD004,2024-08-01,Aug-2024,98.04,14.31,6,1,494.9,Y
BNK005,PRD004,2024-09-01,Sep-2024,97.97,14.82,0,0,252.4,Y
BNK005,PRD004,2024-10-01,Oct-2024,97.4,18.98,6,2,417.7,Y
BNK005,PRD004,2024-11-01,Nov-2024,97.41,18.91,0,1,416.0,Y
BNK005,PRD004,2024-12-01,Dec-2024,97.14,20.88,4,1,297.1,Y
BNK005,PRD004,2025-01-01,Jan-2025,96.94,22.34,4,2,380.0,Y
BNK005,PRD004,2025-02-01,Feb-2025,97.6,17.52,3,0,370.9,Y
BNK005,PRD004,2025-03-01,Mar-2025,97.34,19.42,1,2,80.5,Y
BNK005,PRD005,2024-04-01,Apr-2024,96.86,22.92,2,1,278.2,Y
BNK005,PRD005,2024-05-01,May-2024,96.81,23.29,5,1,374.3,Y
BNK005,PRD005,2024-06-01,Jun-2024,97.19,20.51,7,1,187.1,Y
BNK005,PRD005,2024-07-01,Jul-2024,97.6,17.52,6,0,390.2,Y
BNK005,PRD005,2024-08-01,Aug-2024,96.97,22.12,5,2,230.3,Y
BNK005,PRD005,2024-09-01,Sep-2024,96.89,22.7,5,1,489.7,Y
BNK005,PRD005,2024-10-01,Oct-2024,97.01,21.83,5,1,484.9,Y
BNK005,PRD005,2024-11-01,Nov-2024,97.57,17.74,3,0,324.4,Y
BNK005,PRD005,2024-12-01,Dec-2024,97.36,19.27,3,0,107.9,Y
BNK005,PRD005,2025-01-01,Jan-2025,97.69,16.86,1,0,424.3,Y
BNK005,PRD005,2025-02-01,Feb-2025,97.69,16.86,7,0,277.7,Y
BNK005,PRD005,2025-03-01,Mar-2025,97.15,20.8,2,1,462.6,Y
BNK006,PRD001,2024-04-01,Apr-2024,97.91,15.26,2,0,572.5,Y
BNK006,PRD001,2024-05-01,May-2024,97.53,18.03,8,1,219.3,Y
BNK006,PRD001,2024-06-01,Jun-2024,97.54,17.96,1,1,427.1,Y
BNK006,PRD001,2024-07-01,Jul-2024,97.23,20.22,1,2,144.4,Y
BNK006,PRD001,2024-08-01,Aug-2024,98.12,13.72,4,2,350.1,Y
BNK006,PRD001,2024-09-01,Sep-2024,97.81,15.99,0,2,310.0,Y
BNK006,PRD001,2024-10-01,Oct-2024,98.68,9.64,2,1,241.0,Y
BNK006,PRD001,2024-11-01,Nov-2024,98.6,10.22,7,2,541.0,Y
BNK006,PRD001,2024-12-01,Dec-2024,98.16,13.43,3,2,323.9,Y
BNK006,PRD001,2025-01-01,Jan-2025,97.75,16.43,5,2,568.5,Y
BNK006,PRD001,2025-02-01,Feb-2025,97.36,19.27,6,0,489.2,Y
BNK006,PRD001,2025-03-01,Mar-2025,98.14,13.58,0,2,182.9,Y
BNK006,PRD002,2024-04-01,Apr-2024,95.1,35.77,5,2,573.8,Y
BNK006,PRD002,2024-05-01,May-2024,94.64,39.13,4,1,470.6,Y
BNK006,PRD002,2024-06-01,Jun-2024,95.7,31.39,4,1,306.4,Y
BNK006,PRD002,2024-07-01,Jul-2024,95.34,34.02,4,1,555.4,Y
BNK006,PRD002,2024-08-01,Aug-2024,95.66,31.68,3,2,309.0,Y
BNK006,PRD002,2024-09-01,Sep-2024,95.3,34.31,0,2,480.9,Y
BNK006,PRD002,2024-10-01,Oct-2024,95.81,30.59,5,0,340.6,Y
BNK006,PRD002,2024-11-01,Nov-2024,95.33,34.09,5,1,307.1,Y
BNK006,PRD002,2024-12-01,Dec-2024,95.85,30.3,1,2,179.5,Y
BNK006,PRD002,2025-01-01,Jan-2025,95.29,34.38,4,2,313.7,Y
BNK006,PRD002,2025-02-01,Feb-2025,94.61,39.35,8,2,341.3,Y
BNK006,PRD002,2025-03-01,Mar-2025,95.94,29.64,4,0,503.9,Y
BNK006,PRD003,2024-04-01,Apr-2024,96.65,24.45,6,2,245.8,Y
BNK006,PRD003,2024-05-01,May-2024,96.06,28.76,0,1,162.0,Y
BNK006,PRD003,2024-06-01,Jun-2024,96.22,27.59,2,0,103.4,Y
BNK006,PRD003,2024-07-01,Jul-2024,97.03,21.68,6,1,284.5,Y
BNK006,PRD003,2024-08-01,Aug-2024,96.65,24.45,2,1,563.8,Y
BNK006,PRD003,2024-09-01,Sep-2024,96.19,27.81,3,1,210.6,Y
BNK006,PRD003,2024-10-01,Oct-2024,96.35,26.65,5,0,598.3,Y
BNK006,PRD003,2024-11-01,Nov-2024,96.02,29.05,1,2,264.9,Y
BNK006,PRD003,2024-12-01,Dec-2024,95.79,30.73,3,2,315.0,Y
BNK006,PRD003,2025-01-01,Jan-2025,95.75,31.03,8,0,189.0,Y
BNK006,PRD003,2025-02-01,Feb-2025,97.04,21.61,6,2,231.2,Y
BNK006,PRD003,2025-03-01,Mar-2025,96.38,26.43,4,2,497.2,Y
BNK006,PRD004,2024-04-01,Apr-2024,95.64,31.83,7,1,319.0,Y
BNK006,PRD004,2024-05-01,May-2024,96.14,28.18,1,2,465.7,Y
BNK006,PRD004,2024-06-01,Jun-2024,95.16,35.33,1,0,172.3,Y
BNK006,PRD004,2024-07-01,Jul-2024,96.26,27.3,0,0,458.1,Y
BNK006,PRD004,2024-08-01,Aug-2024,96.26,27.3,6,2,242.8,Y
BNK006,PRD004,2024-09-01,Sep-2024,95.57,32.34,6,2,341.4,Y
BNK006,PRD004,2024-10-01,Oct-2024,96.43,26.06,1,2,372.8,Y
BNK006,PRD004,2024-11-01,Nov-2024,96.0,29.2,0,1,143.8,Y
BNK006,PRD004,2024-12-01,Dec-2024,95.82,30.51,3,0,192.7,Y
BNK006,PRD004,2025-01-01,Jan-2025,95.24,34.75,8,1,451.6,Y
BNK006,PRD004,2025-02-01,Feb-2025,96.03,28.98,0,0,503.8,Y
BNK006,PRD004,2025-03-01,Mar-2025,95.81,30.59,5,2,80.2,Y
BNK006,PRD005,2024-04-01,Apr-2024,98.48,11.1,5,1,180.4,Y
BNK006,PRD005,2024-05-01,May-2024,99.0,7.3,1,0,115.7,N
BNK006,PRD005,2024-06-01,Jun-2024,99.51,3.58,5,1,129.2,N
BNK006,PRD005,2024-07-01,Jul-2024,99.04,7.01,5,2,108.5,N
BNK006,PRD005,2024-08-01,Aug-2024,99.35,4.75,1,2,233.5,N
BNK006,PRD005,2024-09-01,Sep-2024,99.08,6.72,1,0,554.9,N
BNK006,PRD005,2024-10-01,Oct-2024,99.16,6.13,5,0,536.1,N
BNK006,PRD005,2024-11-01,Nov-2024,98.73,9.27,1,2,502.7,Y
BNK006,PRD005,2024-12-01,Dec-2024,99.44,4.09,3,2,294.1,N
BNK006,PRD005,2025-01-01,Jan-2025,98.88,8.18,8,1,493.4,Y
BNK006,PRD005,2025-02-01,Feb-2025,98.97,7.52,7,0,358.9,Y
BNK006,PRD005,2025-03-01,Mar-2025,99.19,5.91,2,2,522.4,N
BNK007,PRD001,2024-04-01,Apr-2024,98.59,10.29,8,2,576.2,Y
BNK007,PRD001,2024-05-01,May-2024,98.74,9.2,5,0,335.0,Y
BNK007,PRD001,2024-06-01,Jun-2024,98.83,8.54,1,2,299.7,Y
BNK007,PRD001,2024-07-01,Jul-2024,97.7,16.79,3,0,502.6,Y
BNK007,PRD001,2024-08-01,Aug-2024,97.58,17.67,3,1,379.8,Y
BNK007,PRD001,2024-09-01,Sep-2024,97.71,16.72,2,0,372.5,Y
BNK007,PRD001,2024-10-01,Oct-2024,98.88,8.18,4,0,426.2,Y
BNK007,PRD001,2024-11-01,Nov-2024,98.88,8.18,3,1,533.8,Y
BNK007,PRD001,2024-12-01,Dec-2024,97.57,17.74,7,1,268.9,Y
BNK007,PRD001,2025-01-01,Jan-2025,98.3,12.41,6,0,452.5,Y
BNK007,PRD001,2025-02-01,Feb-2025,97.85,15.7,0,1,287.7,Y
BNK007,PRD001,2025-03-01,Mar-2025,97.57,17.74,2,1,490.3,Y
BNK007,PRD002,2024-04-01,Apr-2024,98.71,9.42,3,0,597.2,Y
BNK007,PRD002,2024-05-01,May-2024,98.52,10.8,5,0,303.2,Y
BNK007,PRD002,2024-06-01,Jun-2024,98.36,11.97,1,0,137.3,Y
BNK007,PRD002,2024-07-01,Jul-2024,98.46,11.24,0,2,113.0,Y
BNK007,PRD002,2024-08-01,Aug-2024,97.75,16.43,1,2,459.5,Y
BNK007,PRD002,2024-09-01,Sep-2024,98.92,7.88,3,2,399.6,Y
BNK007,PRD002,2024-10-01,Oct-2024,98.54,10.66,3,0,110.8,Y
BNK007,PRD002,2024-11-01,Nov-2024,98.12,13.72,8,1,382.0,Y
BNK007,PRD002,2024-12-01,Dec-2024,99.0,7.3,0,1,489.8,N
BNK007,PRD002,2025-01-01,Jan-2025,97.96,14.89,4,2,257.2,Y
BNK007,PRD002,2025-02-01,Feb-2025,98.27,12.63,8,2,394.8,Y
BNK007,PRD002,2025-03-01,Mar-2025,98.9,8.03,1,0,538.4,Y
BNK007,PRD003,2024-04-01,Apr-2024,98.4,11.68,6,2,105.2,Y
BNK007,PRD003,2024-05-01,May-2024,97.88,15.48,0,1,164.9,Y
BNK007,PRD003,2024-06-01,Jun-2024,97.55,17.89,0,0,492.2,Y
BNK007,PRD003,2024-07-01,Jul-2024,97.46,18.54,1,1,488.7,Y
BNK007,PRD003,2024-08-01,Aug-2024,98.61,10.15,8,0,211.6,Y
BNK007,PRD003,2024-09-01,Sep-2024,98.57,10.44,6,0,535.8,Y
BNK007,PRD003,2024-10-01,Oct-2024,98.5,10.95,7,0,213.5,Y
BNK007,PRD003,2024-11-01,Nov-2024,98.66,9.78,8,0,222.1,Y
BNK007,PRD003,2024-12-01,Dec-2024,98.29,12.48,4,1,374.3,Y
BNK007,PRD003,2025-01-01,Jan-2025,97.98,14.75,6,0,387.1,Y
BNK007,PRD003,2025-02-01,Feb-2025,98.67,9.71,5,2,98.1,Y
BNK007,PRD003,2025-03-01,Mar-2025,98.69,9.56,7,1,257.0,Y
BNK007,PRD004,2024-04-01,Apr-2024,96.95,22.26,8,1,377.2,Y
BNK007,PRD004,2024-05-01,May-2024,96.18,27.89,4,0,396.4,Y
BNK007,PRD004,2024-06-01,Jun-2024,96.53,25.33,4,0,425.9,Y
BNK007,PRD004,2024-07-01,Jul-2024,97.1,21.17,4,2,266.7,Y
BNK007,PRD004,2024-08-01,Aug-2024,97.51,18.18,7,1,173.2,Y
BNK007,PRD004,2024-09-01,Sep-2024,97.39,19.05,8,1,316.2,Y
BNK007,PRD004,2024-10-01,Oct-2024,97.25,20.07,1,2,499.3,Y
BNK007,PRD004,2024-11-01,Nov-2024,96.41,26.21,1,1,567.8,Y
BNK007,PRD004,2024-12-01,Dec-2024,97.57,17.74,7,0,352.7,Y
BNK007,PRD004,2025-01-01,Jan-2025,97.06,21.46,1,1,594.4,Y
BNK007,PRD004,2025-02-01,Feb-2025,97.13,20.95,6,2,246.5,Y
BNK007,PRD004,2025-03-01,Mar-2025,97.48,18.4,2,2,281.5,Y
BNK007,PRD005,2024-04-01,Apr-2024,97.65,17.15,6,0,142.9,Y
BNK007,PRD005,2024-05-01,May-2024,97.57,17.74,2,2,360.9,Y
BNK007,PRD005,2024-06-01,Jun-2024,97.64,17.23,3,1,390.3,Y
BNK007,PRD005,2024-07-01,Jul-2024,97.17,20.66,6,2,389.1,Y
BNK007,PRD005,2024-08-01,Aug-2024,97.93,15.11,6,1,418.2,Y
BNK007,PRD005,2024-09-01,Sep-2024,97.17,20.66,5,1,161.8,Y
BNK007,PRD005,2024-10-01,Oct-2024,97.73,16.57,7,2,233.6,Y
BNK007,PRD005,2024-11-01,Nov-2024,97.22,20.29,5,1,575.0,Y
BNK007,PRD005,2024-12-01,Dec-2024,97.29,19.78,2,1,156.9,Y
BNK007,PRD005,2025-01-01,Jan-2025,97.25,20.07,3,1,158.7,Y
BNK007,PRD005,2025-02-01,Feb-2025,98.22,12.99,6,0,80.4,Y
BNK007,PRD005,2025-03-01,Mar-2025,97.46,18.54,8,2,240.6,Y
BNK008,PRD001,2024-04-01,Apr-2024,96.01,29.13,2,0,268.2,Y
BNK008,PRD001,2024-05-01,May-2024,97.19,20.51,5,0,84.3,Y
BNK008,PRD001,2024-06-01,Jun-2024,96.45,25.91,3,1,183.6,Y
BNK008,PRD001,2024-07-01,Jul-2024,96.04,28.91,1,2,221.5,Y
BNK008,PRD001,2024-08-01,Aug-2024,97.29,19.78,0,1,398.6,Y
BNK008,PRD001,2024-09-01,Sep-2024,97.16,20.73,3,1,425.2,Y
BNK008,PRD001,2024-10-01,Oct-2024,96.28,27.16,2,2,453.3,Y
BNK008,PRD001,2024-11-01,Nov-2024,96.1,28.47,1,0,559.1,Y
BNK008,PRD001,2024-12-01,Dec-2024,96.78,23.51,4,2,197.6,Y
BNK008,PRD001,2025-01-01,Jan-2025,96.08,28.62,4,2,413.2,Y
BNK008,PRD001,2025-02-01,Feb-2025,96.03,28.98,0,2,561.6,Y
BNK008,PRD001,2025-03-01,Mar-2025,96.64,24.53,3,1,441.2,Y
BNK008,PRD002,2024-04-01,Apr-2024,98.22,12.99,7,1,387.7,Y
BNK008,PRD002,2024-05-01,May-2024,98.74,9.2,4,0,473.3,Y
BNK008,PRD002,2024-06-01,Jun-2024,98.07,14.09,1,1,563.9,Y
BNK008,PRD002,2024-07-01,Jul-2024,98.14,13.58,1,0,335.9,Y
BNK008,PRD002,2024-08-01,Aug-2024,99.33,4.89,8,0,341.2,N
BNK008,PRD002,2024-09-01,Sep-2024,98.9,8.03,0,2,374.8,Y
BNK008,PRD002,2024-10-01,Oct-2024,98.15,13.5,4,0,586.2,Y
BNK008,PRD002,2024-11-01,Nov-2024,98.44,11.39,7,2,481.6,Y
BNK008,PRD002,2024-12-01,Dec-2024,99.05,6.94,6,0,433.2,N
BNK008,PRD002,2025-01-01,Jan-2025,98.46,11.24,7,1,585.6,Y
BNK008,PRD002,2025-02-01,Feb-2025,99.09,6.64,5,0,296.8,N
BNK008,PRD002,2025-03-01,Mar-2025,99.07,6.79,4,2,351.8,N
BNK008,PRD003,2024-04-01,Apr-2024,96.91,22.56,7,2,157.5,Y
BNK008,PRD003,2024-05-01,May-2024,97.08,21.32,2,0,412.5,Y
BNK008,PRD003,2024-06-01,Jun-2024,96.92,22.48,1,0,547.5,Y
BNK008,PRD003,2024-07-01,Jul-2024,98.07,14.09,8,0,367.8,Y
BNK008,PRD003,2024-08-01,Aug-2024,97.11,21.1,3,1,254.9,Y
BNK008,PRD003,2024-09-01,Sep-2024,96.96,22.19,8,0,345.6,Y
BNK008,PRD003,2024-10-01,Oct-2024,97.32,19.56,0,1,309.5,Y
BNK008,PRD003,2024-11-01,Nov-2024,97.32,19.56,6,1,448.5,Y
BNK008,PRD003,2024-12-01,Dec-2024,97.41,18.91,8,2,584.3,Y
BNK008,PRD003,2025-01-01,Jan-2025,97.06,21.46,8,1,121.1,Y
BNK008,PRD003,2025-02-01,Feb-2025,97.61,17.45,0,2,325.8,Y
BNK008,PRD003,2025-03-01,Mar-2025,96.92,22.48,3,2,553.9,Y
BNK008,PRD004,2024-04-01,Apr-2024,97.63,17.3,1,1,484.1,Y
BNK008,PRD004,2024-05-01,May-2024,97.79,16.13,6,0,129.5,Y
BNK008,PRD004,2024-06-01,Jun-2024,97.7,16.79,7,1,450.2,Y
BNK008,PRD004,2024-07-01,Jul-2024,98.13,13.65,4,1,194.3,Y
BNK008,PRD004,2024-08-01,Aug-2024,97.68,16.94,1,0,498.7,Y
BNK008,PRD004,2024-09-01,Sep-2024,96.84,23.07,4,1,154.0,Y
BNK008,PRD004,2024-10-01,Oct-2024,97.9,15.33,6,1,263.3,Y
BNK008,PRD004,2024-11-01,Nov-2024,97.41,18.91,4,0,191.0,Y
BNK008,PRD004,2024-12-01,Dec-2024,97.61,17.45,7,0,501.6,Y
BNK008,PRD004,2025-01-01,Jan-2025,97.75,16.43,5,0,198.1,Y
BNK008,PRD004,2025-02-01,Feb-2025,97.09,21.24,4,2,565.1,Y
BNK008,PRD004,2025-03-01,Mar-2025,96.97,22.12,6,2,323.0,Y
BNK008,PRD005,2024-04-01,Apr-2024,95.58,32.27,3,2,237.3,Y
BNK008,PRD005,2024-05-01,May-2024,94.89,37.3,7,1,464.2,Y
BNK008,PRD005,2024-06-01,Jun-2024,95.27,34.53,5,2,452.8,Y
BNK008,PRD005,2024-07-01,Jul-2024,95.39,33.65,8,2,343.4,Y
BNK008,PRD005,2024-08-01,Aug-2024,95.71,31.32,7,2,289.8,Y
BNK008,PRD005,2024-09-01,Sep-2024,95.87,30.15,2,0,270.5,Y
BNK008,PRD005,2024-10-01,Oct-2024,95.34,34.02,7,2,212.7,Y
BNK008,PRD005,2024-11-01,Nov-2024,95.14,35.48,3,2,146.3,Y
BNK008,PRD005,2024-12-01,Dec-2024,95.81,30.59,0,0,191.5,Y
BNK008,PRD005,2025-01-01,Jan-2025,94.69,38.76,2,0,532.9,Y
BNK008,PRD005,2025-02-01,Feb-2025,94.93,37.01,8,0,563.3,Y
BNK008,PRD005,2025-03-01,Mar-2025,95.11,35.7,4,1,187.5,Y
BNK009,PRD001,2024-04-01,Apr-2024,95.04,36.21,8,0,494.7,Y
BNK009,PRD001,2024-05-01,May-2024,95.41,33.51,4,1,325.2,Y
BNK009,PRD001,2024-06-01,Jun-2024,95.86,30.22,4,0,318.7,Y
BNK009,PRD001,2024-07-01,Jul-2024,94.91,37.16,6,1,527.0,Y
BNK009,PRD001,2024-08-01,Aug-2024,96.05,28.84,5,1,86.5,Y
BNK009,PRD001,2024-09-01,Sep-2024,95.58,32.27,7,1,580.4,Y
BNK009,PRD001,2024-10-01,Oct-2024,94.79,38.03,8,0,142.5,Y
BNK009,PRD001,2024-11-01,Nov-2024,96.03,28.98,8,0,142.9,Y
BNK009,PRD001,2024-12-01,Dec-2024,95.82,30.51,3,2,296.0,Y
BNK009,PRD001,2025-01-01,Jan-2025,96.01,29.13,2,1,368.9,Y
BNK009,PRD001,2025-02-01,Feb-2025,94.97,36.72,7,0,301.9,Y
BNK009,PRD001,2025-03-01,Mar-2025,95.64,31.83,3,2,187.1,Y
BNK009,PRD002,2024-04-01,Apr-2024,99.53,3.43,5,2,384.8,N
BNK009,PRD002,2024-05-01,May-2024,99.43,4.16,2,2,475.5,N
BNK009,PRD002,2024-06-01,Jun-2024,99.52,3.5,6,2,582.6,N
BNK009,PRD002,2024-07-01,Jul-2024,98.22,12.99,4,2,263.2,Y
BNK009,PRD002,2024-08-01,Aug-2024,98.51,10.88,2,0,211.2,Y
BNK009,PRD002,2024-09-01,Sep-2024,99.54,3.36,3,1,350.9,N
BNK009,PRD002,2024-10-01,Oct-2024,99.26,5.4,8,0,138.5,N
BNK009,PRD002,2024-11-01,Nov-2024,98.95,7.66,4,1,262.8,Y
BNK009,PRD002,2024-12-01,Dec-2024,98.4,11.68,4,0,141.5,Y
BNK009,PRD002,2025-01-01,Jan-2025,99.48,3.8,3,1,369.8,N
BNK009,PRD002,2025-02-01,Feb-2025,98.3,12.41,0,1,370.7,Y
BNK009,PRD002,2025-03-01,Mar-2025,99.26,5.4,3,1,211.3,N
BNK009,PRD003,2024-04-01,Apr-2024,98.8,8.76,6,2,255.8,Y
BNK009,PRD003,2024-05-01,May-2024,99.18,5.99,5,2,592.1,N
BNK009,PRD003,2024-06-01,Jun-2024,99.48,3.8,5,2,564.7,N
BNK009,PRD003,2024-07-01,Jul-2024,98.9,8.03,3,1,378.4,Y
BNK009,PRD003,2024-08-01,Aug-2024,98.95,7.66,1,0,476.8,Y
BNK009,PRD003,2024-09-01,Sep-2024,99.27,5.33,6,1,379.6,N
BNK009,PRD003,2024-10-01,Oct-2024,98.92,7.88,6,1,302.4,Y
BNK009,PRD003,2024-11-01,Nov-2024,99.39,4.45,7,1,375.3,N
BNK009,PRD003,2024-12-01,Dec-2024,99.19,5.91,8,1,117.4,N
BNK009,PRD003,2025-01-01,Jan-2025,99.9,0.73,4,0,332.5,N
BNK009,PRD003,2025-02-01,Feb-2025,99.99,0.07,1,2,259.9,N
BNK009,PRD003,2025-03-01,Mar-2025,99.82,1.31,8,0,579.2,N
BNK009,PRD004,2024-04-01,Apr-2024,98.4,11.68,2,1,489.0,Y
BNK009,PRD004,2024-05-01,May-2024,98.48,11.1,3,0,396.1,Y
BNK009,PRD004,2024-06-01,Jun-2024,97.22,20.29,7,1,139.8,Y
BNK009,PRD004,2024-07-01,Jul-2024,98.5,10.95,0,0,119.0,Y
BNK009,PRD004,2024-08-01,Aug-2024,97.53,18.03,1,1,240.1,Y
BNK009,PRD004,2024-09-01,Sep-2024,98.65,9.85,4,1,175.4,Y
BNK009,PRD004,2024-10-01,Oct-2024,97.49,18.32,4,1,401.6,Y
BNK009,PRD004,2024-11-01,Nov-2024,98.33,12.19,4,2,393.9,Y
BNK009,PRD004,2024-12-01,Dec-2024,97.33,19.49,8,1,130.6,Y
BNK009,PRD004,2025-01-01,Jan-2025,98.6,10.22,4,1,446.1,Y
BNK009,PRD004,2025-02-01,Feb-2025,97.22,20.29,1,1,590.2,Y
BNK009,PRD004,2025-03-01,Mar-2025,97.92,15.18,8,2,559.5,Y
BNK009,PRD005,2024-04-01,Apr-2024,96.79,23.43,6,1,426.5,Y
BNK009,PRD005,2024-05-01,May-2024,96.45,25.91,2,0,383.7,Y
BNK009,PRD005,2024-06-01,Jun-2024,96.46,25.84,0,0,476.1,Y
BNK009,PRD005,2024-07-01,Jul-2024,96.56,25.11,6,1,196.3,Y
BNK009,PRD005,2024-08-01,Aug-2024,96.13,28.25,5,2,495.2,Y
BNK009,PRD005,2024-09-01,Sep-2024,96.72,23.94,7,0,545.8,Y
BNK009,PRD005,2024-10-01,Oct-2024,97.24,20.15,7,0,425.6,Y
BNK009,PRD005,2024-11-01,Nov-2024,97.0,21.9,5,1,555.8,Y
BNK009,PRD005,2024-12-01,Dec-2024,96.53,25.33,3,0,479.5,Y
BNK009,PRD005,2025-01-01,Jan-2025,96.6,24.82,0,0,140.1,Y
BNK009,PRD005,2025-02-01,Feb-2025,96.37,26.5,1,1,431.5,Y
BNK009,PRD005,2025-03-01,Mar-2025,96.18,27.89,2,2,515.1,Y
BNK010,PRD001,2024-04-01,Apr-2024,97.25,20.07,6,2,257.0,Y
BNK010,PRD001,2024-05-01,May-2024,96.79,23.43,8,2,437.1,Y
BNK010,PRD001,2024-06-01,Jun-2024,96.66,24.38,1,0,562.5,Y
BNK010,PRD001,2024-07-01,Jul-2024,96.81,23.29,7,0,569.7,Y
BNK010,PRD001,2024-08-01,Aug-2024,96.78,23.51,7,2,232.5,Y
BNK010,PRD001,2024-09-01,Sep-2024,96.35,26.65,3,1,222.4,Y
BNK010,PRD001,2024-10-01,Oct-2024,97.35,19.35,0,0,279.0,Y
BNK010,PRD001,2024-11-01,Nov-2024,96.25,27.38,6,1,422.1,Y
BNK010,PRD001,2024-12-01,Dec-2024,97.35,19.35,5,2,284.7,Y
BNK010,PRD001,2025-01-01,Jan-2025,97.33,19.49,4,2,254.1,Y
BNK010,PRD001,2025-02-01,Feb-2025,96.69,24.16,6,1,401.9,Y
BNK010,PRD001,2025-03-01,Mar-2025,97.26,20.0,4,1,467.2,Y
BNK010,PRD002,2024-04-01,Apr-2024,96.97,22.12,3,1,523.9,Y
BNK010,PRD002,2024-05-01,May-2024,97.07,21.39,5,2,98.8,Y
BNK010,PRD002,2024-06-01,Jun-2024,96.67,24.31,4,0,482.8,Y
BNK010,PRD002,2024-07-01,Jul-2024,96.07,28.69,7,0,392.3,Y
BNK010,PRD002,2024-08-01,Aug-2024,95.72,31.24,4,2,512.5,Y
BNK010,PRD002,2024-09-01,Sep-2024,96.5,25.55,6,1,536.8,Y
BNK010,PRD002,2024-10-01,Oct-2024,96.67,24.31,4,1,536.3,Y
BNK010,PRD002,2024-11-01,Nov-2024,96.07,28.69,5,1,368.1,Y
BNK010,PRD002,2024-12-01,Dec-2024,97.12,21.02,7,2,83.8,Y
BNK010,PRD002,2025-01-01,Jan-2025,96.05,28.84,3,0,459.3,Y
BNK010,PRD002,2025-02-01,Feb-2025,96.27,27.23,6,2,178.0,Y
BNK010,PRD002,2025-03-01,Mar-2025,96.79,23.43,1,0,291.7,Y
BNK010,PRD003,2024-04-01,Apr-2024,97.32,19.56,8,0,442.2,Y
BNK010,PRD003,2024-05-01,May-2024,96.28,27.16,0,1,195.1,Y
BNK010,PRD003,2024-06-01,Jun-2024,96.17,27.96,4,0,262.9,Y
BNK010,PRD003,2024-07-01,Jul-2024,96.94,22.34,6,0,171.9,Y
BNK010,PRD003,2024-08-01,Aug-2024,97.35,19.35,4,0,243.4,Y
BNK010,PRD003,2024-09-01,Sep-2024,95.93,29.71,2,1,267.7,Y
BNK010,PRD003,2024-10-01,Oct-2024,96.21,27.67,8,1,408.5,Y
BNK010,PRD003,2024-11-01,Nov-2024,96.51,25.48,3,1,560.8,Y
BNK010,PRD003,2024-12-01,Dec-2024,96.56,25.11,6,1,439.7,Y
BNK010,PRD003,2025-01-01,Jan-2025,97.36,19.27,6,1,467.7,Y
BNK010,PRD003,2025-02-01,Feb-2025,96.23,27.52,2,1,182.2,Y
BNK010,PRD003,2025-03-01,Mar-2025,97.04,21.61,7,1,138.0,Y
BNK010,PRD004,2024-04-01,Apr-2024,98.09,13.94,4,0,107.8,Y
BNK010,PRD004,2024-05-01,May-2024,97.05,21.54,2,2,334.4,Y
BNK010,PRD004,2024-06-01,Jun-2024,96.98,22.05,8,0,434.7,Y
BNK010,PRD004,2024-07-01,Jul-2024,97.81,15.99,1,1,235.5,Y
BNK010,PRD004,2024-08-01,Aug-2024,97.69,16.86,7,1,374.2,Y
BNK010,PRD004,2024-09-01,Sep-2024,97.62,17.37,8,0,597.8,Y
BNK010,PRD004,2024-10-01,Oct-2024,98.21,13.07,0,1,125.3,Y
BNK010,PRD004,2024-11-01,Nov-2024,97.29,19.78,5,1,528.3,Y
BNK010,PRD004,2024-12-01,Dec-2024,97.47,18.47,7,2,386.8,Y
BNK010,PRD004,2025-01-01,Jan-2025,98.2,13.14,0,1,427.7,Y
BNK010,PRD004,2025-02-01,Feb-2025,98.07,14.09,2,1,96.5,Y
BNK010,PRD004,2025-03-01,Mar-2025,98.05,14.24,0,2,289.8,Y
BNK010,PRD005,2024-04-01,Apr-2024,97.09,21.24,7,0,330.1,Y
BNK010,PRD005,2024-05-01,May-2024,97.54,17.96,8,2,570.0,Y
BNK010,PRD005,2024-06-01,Jun-2024,98.0,14.6,2,0,539.2,Y
BNK010,PRD005,2024-07-01,Jul-2024,97.19,20.51,1,0,376.4,Y
BNK010,PRD005,2024-08-01,Aug-2024,96.78,23.51,7,1,211.8,Y
BNK010,PRD005,2024-09-01,Sep-2024,97.48,18.4,8,1,579.2,Y
BNK010,PRD005,2024-10-01,Oct-2024,96.74,23.8,3,0,339.1,Y
BNK010,PRD005,2024-11-01,Nov-2024,97.99,14.67,7,0,253.9,Y
BNK010,PRD005,2024-12-01,Dec-2024,97.63,17.3,0,1,381.0,Y
BNK010,PRD005,2025-01-01,Jan-2025,97.72,16.64,6,2,268.9,Y
BNK010,PRD005,2025-02-01,Feb-2025,97.92,15.18,6,1,101.2,Y
BNK010,PRD005,2025-03-01,Mar-2025,96.64,24.53,7,2,186.6,Y
BNK011,PRD001,2024-04-01,Apr-2024,97.6,17.52,7,2,460.0,Y
BNK011,PRD001,2024-05-01,May-2024,97.4,18.98,3,0,198.6,Y
BNK011,PRD001,2024-06-01,Jun-2024,97.41,18.91,5,1,190.8,Y
BNK011,PRD001,2024-07-01,Jul-2024,98.03,14.38,5,2,228.1,Y
BNK011,PRD001,2024-08-01,Aug-2024,97.65,17.15,4,1,402.5,Y
BNK011,PRD001,2024-09-01,Sep-2024,97.35,19.35,8,0,399.5,Y
BNK011,PRD001,2024-10-01,Oct-2024,96.92,22.48,7,2,532.0,Y
BNK011,PRD001,2024-11-01,Nov-2024,97.39,19.05,6,1,207.8,Y
BNK011,PRD001,2024-12-01,Dec-2024,98.06,14.16,6,1,467.0,Y
BNK011,PRD001,2025-01-01,Jan-2025,97.12,21.02,8,1,573.0,Y
BNK011,PRD001,2025-02-01,Feb-2025,98.13,13.65,0,2,372.2,Y
BNK011,PRD001,2025-03-01,Mar-2025,97.49,18.32,5,2,385.6,Y
BNK011,PRD002,2024-04-01,Apr-2024,95.61,32.05,0,1,405.7,Y
BNK011,PRD002,2024-05-01,May-2024,94.67,38.91,0,2,508.9,Y
BNK011,PRD002,2024-06-01,Jun-2024,94.35,41.25,0,0,466.5,Y
BNK011,PRD002,2024-07-01,Jul-2024,94.36,41.17,0,0,395.7,Y
BNK011,PRD002,2024-08-01,Aug-2024,95.01,36.43,6,1,181.8,Y
BNK011,PRD002,2024-09-01,Sep-2024,94.15,42.7,2,0,266.3,Y
BNK011,PRD002,2024-10-01,Oct-2024,95.56,32.41,5,1,583.9,Y
BNK011,PRD002,2024-11-01,Nov-2024,95.59,32.19,0,1,390.6,Y
BNK011,PRD002,2024-12-01,Dec-2024,95.01,36.43,5,1,498.6,Y
BNK011,PRD002,2025-01-01,Jan-2025,95.38,33.73,2,2,320.7,Y
BNK011,PRD002,2025-02-01,Feb-2025,95.5,32.85,0,0,155.9,Y
BNK011,PRD002,2025-03-01,Mar-2025,95.58,32.27,5,0,128.6,Y
BNK011,PRD003,2024-04-01,Apr-2024,99.27,5.33,0,1,146.6,N
BNK011,PRD003,2024-05-01,May-2024,98.9,8.03,8,0,443.9,Y
BNK011,PRD003,2024-06-01,Jun-2024,99.92,0.58,6,2,145.7,N
BNK011,PRD003,2024-07-01,Jul-2024,99.99,0.07,4,2,534.7,N
BNK011,PRD003,2024-08-01,Aug-2024,99.96,0.29,0,2,203.5,N
BNK011,PRD003,2024-09-01,Sep-2024,99.99,0.07,5,1,356.0,N
BNK011,PRD003,2024-10-01,Oct-2024,99.85,1.1,3,2,266.6,N
BNK011,PRD003,2024-11-01,Nov-2024,99.92,0.58,7,2,312.5,N
BNK011,PRD003,2024-12-01,Dec-2024,99.09,6.64,8,2,158.2,N
BNK011,PRD003,2025-01-01,Jan-2025,99.99,0.07,5,2,433.6,N
BNK011,PRD003,2025-02-01,Feb-2025,99.14,6.28,1,1,526.2,N
BNK011,PRD003,2025-03-01,Mar-2025,99.59,2.99,7,0,527.0,N
BNK011,PRD004,2024-04-01,Apr-2024,95.69,31.46,2,1,564.5,Y
BNK011,PRD004,2024-05-01,May-2024,96.2,27.74,5,0,342.3,Y
BNK011,PRD004,2024-06-01,Jun-2024,95.2,35.04,5,1,416.2,Y
BNK011,PRD004,2024-07-01,Jul-2024,95.95,29.56,8,2,423.9,Y
BNK011,PRD004,2024-08-01,Aug-2024,95.04,36.21,5,2,101.3,Y
BNK011,PRD004,2024-09-01,Sep-2024,95.0,36.5,8,0,379.1,Y
BNK011,PRD004,2024-10-01,Oct-2024,96.01,29.13,5,1,216.1,Y
BNK011,PRD004,2024-11-01,Nov-2024,95.67,31.61,6,0,431.1,Y
BNK011,PRD004,2024-12-01,Dec-2024,95.43,33.36,4,2,368.3,Y
BNK011,PRD004,2025-01-01,Jan-2025,95.8,30.66,1,2,519.6,Y
BNK011,PRD004,2025-02-01,Feb-2025,96.03,28.98,8,2,150.8,Y
BNK011,PRD004,2025-03-01,Mar-2025,95.3,34.31,6,2,231.1,Y
BNK011,PRD005,2024-04-01,Apr-2024,95.66,31.68,7,1,389.7,Y
BNK011,PRD005,2024-05-01,May-2024,95.7,31.39,5,2,442.8,Y
BNK011,PRD005,2024-06-01,Jun-2024,96.32,26.86,3,1,527.7,Y
BNK011,PRD005,2024-07-01,Jul-2024,95.93,29.71,1,0,344.1,Y
BNK011,PRD005,2024-08-01,Aug-2024,96.23,27.52,2,1,308.1,Y
BNK011,PRD005,2024-09-01,Sep-2024,95.66,31.68,7,1,406.3,Y
BNK011,PRD005,2024-10-01,Oct-2024,96.56,25.11,4,1,378.7,Y
BNK011,PRD005,2024-11-01,Nov-2024,95.43,33.36,4,2,141.1,Y
BNK011,PRD005,2024-12-01,Dec-2024,95.49,32.92,7,0,522.8,Y
BNK011,PRD005,2025-01-01,Jan-2025,96.27,27.23,3,1,390.0,Y
BNK011,PRD005,2025-02-01,Feb-2025,96.09,28.54,0,1,112.3,Y
BNK011,PRD005,2025-03-01,Mar-2025,95.59,32.19,5,1,391.9,Y
BNK012,PRD001,2024-04-01,Apr-2024,96.64,24.53,6,1,546.1,Y
BNK012,PRD001,2024-05-01,May-2024,96.78,23.51,1,1,301.7,Y
BNK012,PRD001,2024-06-01,Jun-2024,95.69,31.46,5,1,422.7,Y
BNK012,PRD001,2024-07-01,Jul-2024,96.13,28.25,2,1,269.3,Y
BNK012,PRD001,2024-08-01,Aug-2024,95.72,31.24,0,0,483.8,Y
BNK012,PRD001,2024-09-01,Sep-2024,96.04,28.91,4,2,461.8,Y
BNK012,PRD001,2024-10-01,Oct-2024,95.42,33.43,4,0,486.8,Y
BNK012,PRD001,2024-11-01,Nov-2024,96.76,23.65,2,1,156.7,Y
BNK012,PRD001,2024-12-01,Dec-2024,96.12,28.32,5,0,498.7,Y
BNK012,PRD001,2025-01-01,Jan-2025,96.81,23.29,5,0,440.6,Y
BNK012,PRD001,2025-02-01,Feb-2025,95.7,31.39,1,1,551.3,Y
BNK012,PRD001,2025-03-01,Mar-2025,96.35,26.65,0,0,256.3,Y
BNK012,PRD002,2024-04-01,Apr-2024,99.21,5.77,3,1,263.7,N
BNK012,PRD002,2024-05-01,May-2024,99.64,2.63,5,1,560.3,N
BNK012,PRD002,2024-06-01,Jun-2024,99.91,0.66,1,1,595.9,N
BNK012,PRD002,2024-07-01,Jul-2024,99.99,0.07,3,0,274.0,N
BNK012,PRD002,2024-08-01,Aug-2024,99.99,0.07,7,2,584.7,N
BNK012,PRD002,2024-09-01,Sep-2024,99.85,1.1,6,2,108.1,N
BNK012,PRD002,2024-10-01,Oct-2024,99.94,0.44,5,0,236.8,N
BNK012,PRD002,2024-11-01,Nov-2024,99.91,0.66,1,0,341.4,N
BNK012,PRD002,2024-12-01,Dec-2024,99.84,1.17,0,1,184.5,N
BNK012,PRD002,2025-01-01,Jan-2025,99.42,4.23,5,1,433.9,N
BNK012,PRD002,2025-02-01,Feb-2025,99.54,3.36,2,0,405.4,N
BNK012,PRD002,2025-03-01,Mar-2025,99.57,3.14,3,0,283.3,N
BNK012,PRD003,2024-04-01,Apr-2024,95.95,29.56,3,0,427.5,Y
BNK012,PRD003,2024-05-01,May-2024,96.51,25.48,8,2,576.9,Y
BNK012,PRD003,2024-06-01,Jun-2024,97.21,20.37,8,2,262.1,Y
BNK012,PRD003,2024-07-01,Jul-2024,96.9,22.63,1,0,271.6,Y
BNK012,PRD003,2024-08-01,Aug-2024,97.07,21.39,8,0,390.6,Y
BNK012,PRD003,2024-09-01,Sep-2024,96.02,29.05,5,0,170.1,Y
BNK012,PRD003,2024-10-01,Oct-2024,96.12,28.32,4,0,97.1,Y
BNK012,PRD003,2024-11-01,Nov-2024,96.94,22.34,3,2,192.9,Y
BNK012,PRD003,2024-12-01,Dec-2024,96.74,23.8,3,1,385.5,Y
BNK012,PRD003,2025-01-01,Jan-2025,96.16,28.03,0,2,427.9,Y
BNK012,PRD003,2025-02-01,Feb-2025,96.23,27.52,8,2,312.7,Y
BNK012,PRD003,2025-03-01,Mar-2025,96.13,28.25,1,2,356.8,Y
BNK012,PRD004,2024-04-01,Apr-2024,95.48,33.0,7,2,131.7,Y
BNK012,PRD004,2024-05-01,May-2024,96.17,27.96,7,1,290.2,Y
BNK012,PRD004,2024-06-01,Jun-2024,96.16,28.03,4,0,464.4,Y
BNK012,PRD004,2024-07-01,Jul-2024,95.85,30.3,4,2,443.7,Y
BNK012,PRD004,2024-08-01,Aug-2024,95.31,34.24,2,2,478.3,Y
BNK012,PRD004,2024-09-01,Sep-2024,95.69,31.46,7,1,157.4,Y
BNK012,PRD004,2024-10-01,Oct-2024,96.26,27.3,4,1,521.1,Y
BNK012,PRD004,2024-11-01,Nov-2024,95.42,33.43,8,0,478.6,Y
BNK012,PRD004,2024-12-01,Dec-2024,96.18,27.89,7,2,506.6,Y
BNK012,PRD004,2025-01-01,Jan-2025,95.64,31.83,7,2,488.1,Y
BNK012,PRD004,2025-02-01,Feb-2025,95.53,32.63,1,2,440.4,Y
BNK012,PRD004,2025-03-01,Mar-2025,95.75,31.03,4,1,396.9,Y
BNK012,PRD005,2024-04-01,Apr-2024,95.41,33.51,7,2,125.9,Y
BNK012,PRD005,2024-05-01,May-2024,96.23,27.52,4,1,504.0,Y
BNK012,PRD005,2024-06-01,Jun-2024,95.15,35.4,5,0,127.8,Y
BNK012,PRD005,2024-07-01,Jul-2024,95.32,34.16,6,1,241.7,Y
BNK012,PRD005,2024-08-01,Aug-2024,95.04,36.21,4,0,569.6,Y
BNK012,PRD005,2024-09-01,Sep-2024,95.77,30.88,0,2,568.1,Y
BNK012,PRD005,2024-10-01,Oct-2024,96.03,28.98,4,2,282.1,Y
BNK012,PRD005,2024-11-01,Nov-2024,95.45,33.21,8,0,578.5,Y
BNK012,PRD005,2024-12-01,Dec-2024,95.01,36.43,8,0,516.7,Y
BNK012,PRD005,2025-01-01,Jan-2025,95.69,31.46,2,0,425.8,Y
BNK012,PRD005,2025-02-01,Feb-2025,95.8,30.66,2,1,279.5,Y
BNK012,PRD005,2025-03-01,Mar-2025,95.56,32.41,2,0,197.8,Y
BNK013,PRD001,2024-04-01,Apr-2024,95.75,31.03,8,1,107.7,Y
BNK013,PRD001,2024-05-01,May-2024,95.6,32.12,1,0,347.6,Y
BNK013,PRD001,2024-06-01,Jun-2024,95.76,30.95,4,2,539.3,Y
BNK013,PRD001,2024-07-01,Jul-2024,95.8,30.66,5,1,340.8,Y
BNK013,PRD001,2024-08-01,Aug-2024,95.1,35.77,4,1,250.5,Y
BNK013,PRD001,2024-09-01,Sep-2024,95.6,32.12,5,2,483.3,Y
BNK013,PRD001,2024-10-01,Oct-2024,96.01,29.13,5,1,341.3,Y
BNK013,PRD001,2024-11-01,Nov-2024,95.86,30.22,0,0,541.1,Y
BNK013,PRD001,2024-12-01,Dec-2024,95.52,32.7,2,1,411.3,Y
BNK013,PRD001,2025-01-01,Jan-2025,95.74,31.1,6,1,412.4,Y
BNK013,PRD001,2025-02-01,Feb-2025,96.43,26.06,4,0,583.4,Y
BNK013,PRD001,2025-03-01,Mar-2025,96.39,26.35,2,1,98.9,Y
BNK013,PRD002,2024-04-01,Apr-2024,96.4,26.28,6,1,180.3,Y
BNK013,PRD002,2024-05-01,May-2024,96.39,26.35,4,0,102.0,Y
BNK013,PRD002,2024-06-01,Jun-2024,96.45,25.91,1,2,345.3,Y
BNK013,PRD002,2024-07-01,Jul-2024,96.68,24.24,7,2,131.9,Y
BNK013,PRD002,2024-08-01,Aug-2024,96.57,25.04,0,0,249.4,Y
BNK013,PRD002,2024-09-01,Sep-2024,96.96,22.19,1,2,584.9,Y
BNK013,PRD002,2024-10-01,Oct-2024,96.54,25.26,0,1,292.6,Y
BNK013,PRD002,2024-11-01,Nov-2024,96.96,22.19,3,0,244.6,Y
BNK013,PRD002,2024-12-01,Dec-2024,97.29,19.78,5,0,362.6,Y
BNK013,PRD002,2025-01-01,Jan-2025,96.95,22.26,3,0,513.1,Y
BNK013,PRD002,2025-02-01,Feb-2025,97.08,21.32,8,1,547.5,Y
BNK013,PRD002,2025-03-01,Mar-2025,96.63,24.6,3,0,524.2,Y
BNK013,PRD003,2024-04-01,Apr-2024,98.33,12.19,0,1,147.0,Y
BNK013,PRD003,2024-05-01,May-2024,97.6,17.52,1,0,289.2,Y
BNK013,PRD003,2024-06-01,Jun-2024,98.67,9.71,8,2,584.7,Y
BNK013,PRD003,2024-07-01,Jul-2024,98.4,11.68,7,0,99.8,Y
BNK013,PRD003,2024-08-01,Aug-2024,97.52,18.1,1,2,219.0,Y
BNK013,PRD003,2024-09-01,Sep-2024,97.98,14.75,4,2,512.6,Y
BNK013,PRD003,2024-10-01,Oct-2024,97.9,15.33,0,1,520.6,Y
BNK013,PRD003,2024-11-01,Nov-2024,98.0,14.6,2,1,400.5,Y
BNK013,PRD003,2024-12-01,Dec-2024,97.93,15.11,1,1,192.1,Y
BNK013,PRD003,2025-01-01,Jan-2025,98.65,9.85,8,0,103.3,Y
BNK013,PRD003,2025-02-01,Feb-2025,98.7,9.49,0,2,331.7,Y
BNK013,PRD003,2025-03-01,Mar-2025,98.39,11.75,5,0,194.8,Y
BNK013,PRD004,2024-04-01,Apr-2024,96.11,28.4,2,0,136.5,Y
BNK013,PRD004,2024-05-01,May-2024,96.92,22.48,7,1,256.4,Y
BNK013,PRD004,2024-06-01,Jun-2024,97.5,18.25,7,0,226.9,Y
BNK013,PRD004,2024-07-01,Jul-2024,96.77,23.58,2,0,227.4,Y
BNK013,PRD004,2024-08-01,Aug-2024,96.22,27.59,2,1,226.6,Y
BNK013,PRD004,2024-09-01,Sep-2024,97.3,19.71,2,1,301.0,Y
BNK013,PRD004,2024-10-01,Oct-2024,96.62,24.67,0,0,195.3,Y
BNK013,PRD004,2024-11-01,Nov-2024,96.7,24.09,6,1,256.7,Y
BNK013,PRD004,2024-12-01,Dec-2024,96.13,28.25,2,1,315.9,Y
BNK013,PRD004,2025-01-01,Jan-2025,96.6,24.82,2,1,317.6,Y
BNK013,PRD004,2025-02-01,Feb-2025,96.31,26.94,0,2,205.8,Y
BNK013,PRD004,2025-03-01,Mar-2025,97.04,21.61,7,2,109.9,Y
BNK013,PRD005,2024-04-01,Apr-2024,96.7,24.09,0,0,542.4,Y
BNK013,PRD005,2024-05-01,May-2024,96.76,23.65,6,2,333.5,Y
BNK013,PRD005,2024-06-01,Jun-2024,96.87,22.85,0,1,320.4,Y
BNK013,PRD005,2024-07-01,Jul-2024,96.34,26.72,1,0,123.3,Y
BNK013,PRD005,2024-08-01,Aug-2024,97.01,21.83,6,1,532.1,Y
BNK013,PRD005,2024-09-01,Sep-2024,97.13,20.95,2,0,269.8,Y
BNK013,PRD005,2024-10-01,Oct-2024,97.42,18.83,3,2,557.9,Y
BNK013,PRD005,2024-11-01,Nov-2024,96.25,27.38,5,1,355.5,Y
BNK013,PRD005,2024-12-01,Dec-2024,97.33,19.49,5,0,532.9,Y
BNK013,PRD005,2025-01-01,Jan-2025,96.86,22.92,7,0,546.1,Y
BNK013,PRD005,2025-02-01,Feb-2025,97.1,21.17,3,0,527.6,Y
BNK013,PRD005,2025-03-01,Mar-2025,97.29,19.78,3,0,156.9,Y
BNK014,PRD001,2024-04-01,Apr-2024,95.89,30.0,6,2,354.7,Y
BNK014,PRD001,2024-05-01,May-2024,95.37,33.8,5,2,137.4,Y
BNK014,PRD001,2024-06-01,Jun-2024,94.9,37.23,0,1,115.8,Y
BNK014,PRD001,2024-07-01,Jul-2024,96.03,28.98,1,1,449.2,Y
BNK014,PRD001,2024-08-01,Aug-2024,95.68,31.54,0,1,131.2,Y
BNK014,PRD001,2024-09-01,Sep-2024,95.78,30.81,3,1,283.5,Y
BNK014,PRD001,2024-10-01,Oct-2024,95.41,33.51,3,0,589.9,Y
BNK014,PRD001,2024-11-01,Nov-2024,95.17,35.26,3,0,244.2,Y
BNK014,PRD001,2024-12-01,Dec-2024,95.93,29.71,5,2,237.4,Y
BNK014,PRD001,2025-01-01,Jan-2025,95.56,32.41,0,0,380.4,Y
BNK014,PRD001,2025-02-01,Feb-2025,95.68,31.54,4,0,290.9,Y
BNK014,PRD001,2025-03-01,Mar-2025,96.35,26.65,3,1,563.1,Y
BNK014,PRD002,2024-04-01,Apr-2024,95.13,35.55,1,1,85.6,Y
BNK014,PRD002,2024-05-01,May-2024,95.61,32.05,4,1,112.0,Y
BNK014,PRD002,2024-06-01,Jun-2024,95.39,33.65,5,2,444.0,Y
BNK014,PRD002,2024-07-01,Jul-2024,95.1,35.77,8,2,514.0,Y
BNK014,PRD002,2024-08-01,Aug-2024,94.5,40.15,3,2,506.3,Y
BNK014,PRD002,2024-09-01,Sep-2024,95.28,34.46,1,1,413.8,Y
BNK014,PRD002,2024-10-01,Oct-2024,95.43,33.36,5,1,355.2,Y
BNK014,PRD002,2024-11-01,Nov-2024,94.84,37.67,7,1,99.1,Y
BNK014,PRD002,2024-12-01,Dec-2024,95.07,35.99,7,2,203.1,Y
BNK014,PRD002,2025-01-01,Jan-2025,95.2,35.04,3,0,477.0,Y
BNK014,PRD002,2025-02-01,Feb-2025,94.27,41.83,0,2,260.5,Y
BNK014,PRD002,2025-03-01,Mar-2025,94.71,38.62,1,1,395.4,Y
BNK014,PRD003,2024-04-01,Apr-2024,97.06,21.46,1,1,386.2,Y
BNK014,PRD003,2024-05-01,May-2024,98.18,13.29,6,1,414.7,Y
BNK014,PRD003,2024-06-01,Jun-2024,96.73,23.87,4,2,236.0,Y
BNK014,PRD003,2024-07-01,Jul-2024,97.26,20.0,4,1,510.6,Y
BNK014,PRD003,2024-08-01,Aug-2024,98.15,13.5,5,2,185.4,Y
BNK014,PRD003,2024-09-01,Sep-2024,97.95,14.96,7,0,425.3,Y
BNK014,PRD003,2024-10-01,Oct-2024,97.96,14.89,6,1,83.5,Y
BNK014,PRD003,2024-11-01,Nov-2024,97.08,21.32,2,0,323.9,Y
BNK014,PRD003,2024-12-01,Dec-2024,98.01,14.53,5,1,156.5,Y
BNK014,PRD003,2025-01-01,Jan-2025,98.1,13.87,2,1,137.5,Y
BNK014,PRD003,2025-02-01,Feb-2025,97.68,16.94,2,1,93.6,Y
BNK014,PRD003,2025-03-01,Mar-2025,96.88,22.78,6,2,505.9,Y
BNK014,PRD004,2024-04-01,Apr-2024,95.16,35.33,8,0,464.5,Y
BNK014,PRD004,2024-05-01,May-2024,94.36,41.17,3,1,516.0,Y
BNK014,PRD004,2024-06-01,Jun-2024,95.2,35.04,1,2,224.7,Y
BNK014,PRD004,2024-07-01,Jul-2024,95.18,35.19,8,0,419.9,Y
BNK014,PRD004,2024-08-01,Aug-2024,94.39,40.95,3,0,339.8,Y
BNK014,PRD004,2024-09-01,Sep-2024,94.93,37.01,2,2,92.5,Y
BNK014,PRD004,2024-10-01,Oct-2024,95.71,31.32,8,1,321.8,Y
BNK014,PRD004,2024-11-01,Nov-2024,95.05,36.14,7,0,124.0,Y
BNK014,PRD004,2024-12-01,Dec-2024,95.32,34.16,7,0,442.8,Y
BNK014,PRD004,2025-01-01,Jan-2025,95.08,35.92,1,0,372.8,Y
BNK014,PRD004,2025-02-01,Feb-2025,94.96,36.79,6,1,305.7,Y
BNK014,PRD004,2025-03-01,Mar-2025,95.76,30.95,7,0,410.6,Y
BNK014,PRD005,2024-04-01,Apr-2024,99.26,5.4,1,2,505.1,N
BNK014,PRD005,2024-05-01,May-2024,98.94,7.74,5,0,584.9,Y
BNK014,PRD005,2024-06-01,Jun-2024,99.27,5.33,3,2,513.6,N
BNK014,PRD005,2024-07-01,Jul-2024,99.99,0.07,7,1,459.9,N
BNK014,PRD005,2024-08-01,Aug-2024,99.89,0.8,2,1,103.3,N
BNK014,PRD005,2024-09-01,Sep-2024,99.46,3.94,1,1,322.8,N
BNK014,PRD005,2024-10-01,Oct-2024,99.11,6.5,8,1,412.3,N
BNK014,PRD005,2024-11-01,Nov-2024,99.0,7.3,8,0,366.5,N
BNK014,PRD005,2024-12-01,Dec-2024,99.81,1.39,7,2,338.3,N
BNK014,PRD005,2025-01-01,Jan-2025,99.48,3.8,4,1,314.6,N
BNK014,PRD005,2025-02-01,Feb-2025,99.07,6.79,5,2,366.0,N
BNK014,PRD005,2025-03-01,Mar-2025,99.04,7.01,3,1,281.0,N
BNK015,PRD001,2024-04-01,Apr-2024,97.54,17.96,1,0,262.3,Y
BNK015,PRD001,2024-05-01,May-2024,98.0,14.6,1,2,184.1,Y
BNK015,PRD001,2024-06-01,Jun-2024,97.88,15.48,4,1,413.0,Y
BNK015,PRD001,2024-07-01,Jul-2024,97.02,21.75,6,1,138.2,Y
BNK015,PRD001,2024-08-01,Aug-2024,96.97,22.12,6,2,379.1,Y
BNK015,PRD001,2024-09-01,Sep-2024,97.15,20.8,3,2,99.5,Y
BNK015,PRD001,2024-10-01,Oct-2024,97.78,16.21,3,2,328.8,Y
BNK015,PRD001,2024-11-01,Nov-2024,97.16,20.73,5,2,284.5,Y
BNK015,PRD001,2024-12-01,Dec-2024,97.03,21.68,7,1,200.7,Y
BNK015,PRD001,2025-01-01,Jan-2025,97.33,19.49,5,0,300.2,Y
BNK015,PRD001,2025-02-01,Feb-2025,97.09,21.24,2,2,431.3,Y
BNK015,PRD001,2025-03-01,Mar-2025,98.0,14.6,7,1,329.6,Y
BNK015,PRD002,2024-04-01,Apr-2024,94.89,37.3,2,1,387.3,Y
BNK015,PRD002,2024-05-01,May-2024,95.6,32.12,3,1,467.9,Y
BNK015,PRD002,2024-06-01,Jun-2024,94.79,38.03,3,2,586.2,Y
BNK015,PRD002,2024-07-01,Jul-2024,95.81,30.59,2,2,194.9,Y
BNK015,PRD002,2024-08-01,Aug-2024,95.27,34.53,7,2,304.4,Y
BNK015,PRD002,2024-09-01,Sep-2024,95.97,29.42,0,0,375.2,Y
BNK015,PRD002,2024-10-01,Oct-2024,95.02,36.35,7,1,515.0,Y
BNK015,PRD002,2024-11-01,Nov-2024,95.57,32.34,0,1,249.3,Y
BNK015,PRD002,2024-12-01,Dec-2024,95.33,34.09,7,2,330.9,Y
BNK015,PRD002,2025-01-01,Jan-2025,95.87,30.15,1,1,236.3,Y
BNK015,PRD002,2025-02-01,Feb-2025,94.72,38.54,2,2,236.7,Y
BNK015,PRD002,2025-03-01,Mar-2025,95.06,36.06,5,0,261.9,Y
BNK015,PRD003,2024-04-01,Apr-2024,97.51,18.18,1,2,251.8,Y
BNK015,PRD003,2024-05-01,May-2024,96.99,21.97,2,1,162.1,Y
BNK015,PRD003,2024-06-01,Jun-2024,97.39,19.05,8,0,461.2,Y
BNK015,PRD003,2024-07-01,Jul-2024,96.75,23.73,5,1,414.7,Y
BNK015,PRD003,2024-08-01,Aug-2024,97.95,14.96,2,2,213.4,Y
BNK015,PRD003,2024-09-01,Sep-2024,96.76,23.65,1,1,358.6,Y
BNK015,PRD003,2024-10-01,Oct-2024,97.8,16.06,7,0,499.4,Y
BNK015,PRD003,2024-11-01,Nov-2024,97.27,19.93,5,0,287.9,Y
BNK015,PRD003,2024-12-01,Dec-2024,97.6,17.52,3,2,414.5,Y
BNK015,PRD003,2025-01-01,Jan-2025,96.87,22.85,1,0,488.6,Y
BNK015,PRD003,2025-02-01,Feb-2025,96.57,25.04,4,0,526.2,Y
BNK015,PRD003,2025-03-01,Mar-2025,97.63,17.3,7,1,403.6,Y
BNK015,PRD004,2024-04-01,Apr-2024,96.97,22.12,2,0,558.8,Y
BNK015,PRD004,2024-05-01,May-2024,95.71,31.32,8,0,342.6,Y
BNK015,PRD004,2024-06-01,Jun-2024,97.03,21.68,6,2,544.7,Y
BNK015,PRD004,2024-07-01,Jul-2024,96.64,24.53,1,0,578.9,Y
BNK015,PRD004,2024-08-01,Aug-2024,96.85,23.0,3,1,313.1,Y
BNK015,PRD004,2024-09-01,Sep-2024,97.14,20.88,3,2,239.5,Y
BNK015,PRD004,2024-10-01,Oct-2024,96.46,25.84,1,0,126.4,Y
BNK015,PRD004,2024-11-01,Nov-2024,96.78,23.51,0,0,235.8,Y
BNK015,PRD004,2024-12-01,Dec-2024,96.26,27.3,0,2,128.1,Y
BNK015,PRD004,2025-01-01,Jan-2025,97.18,20.59,6,1,517.6,Y
BNK015,PRD004,2025-02-01,Feb-2025,97.03,21.68,2,1,177.4,Y
BNK015,PRD004,2025-03-01,Mar-2025,96.96,22.19,5,1,227.6,Y
BNK015,PRD005,2024-04-01,Apr-2024,98.85,8.4,2,0,511.9,Y
BNK015,PRD005,2024-05-01,May-2024,99.36,4.67,4,1,404.0,N
BNK015,PRD005,2024-06-01,Jun-2024,99.89,0.8,2,2,210.0,N
BNK015,PRD005,2024-07-01,Jul-2024,99.27,5.33,7,0,470.4,N
BNK015,PRD005,2024-08-01,Aug-2024,99.22,5.69,4,0,223.6,N
BNK015,PRD005,2024-09-01,Sep-2024,99.42,4.23,0,2,561.5,N
BNK015,PRD005,2024-10-01,Oct-2024,99.99,0.07,4,1,436.3,N
BNK015,PRD005,2024-11-01,Nov-2024,99.93,0.51,0,1,106.4,N
BNK015,PRD005,2024-12-01,Dec-2024,99.99,0.07,8,0,106.8,N
BNK015,PRD005,2025-01-01,Jan-2025,99.71,2.12,5,0,283.4,N
BNK015,PRD005,2025-02-01,Feb-2025,99.35,4.75,1,1,408.9,N
BNK015,PRD005,2025-03-01,Mar-2025,99.95,0.36,2,0,554.6,N
BNK016,PRD001,2024-04-01,Apr-2024,95.76,30.95,7,1,287.7,Y
BNK016,PRD001,2024-05-01,May-2024,95.39,33.65,0,2,255.5,Y
BNK016,PRD001,2024-06-01,Jun-2024,95.19,35.11,1,2,460.6,Y
BNK016,PRD001,2024-07-01,Jul-2024,96.17,27.96,4,0,179.7,Y
BNK016,PRD001,2024-08-01,Aug-2024,95.82,30.51,6,1,267.0,Y
BNK016,PRD001,2024-09-01,Sep-2024,96.02,29.05,2,2,257.1,Y
BNK016,PRD001,2024-10-01,Oct-2024,96.22,27.59,1,1,550.5,Y
BNK016,PRD001,2024-11-01,Nov-2024,95.86,30.22,5,2,140.6,Y
BNK016,PRD001,2024-12-01,Dec-2024,95.78,30.81,1,2,274.1,Y
BNK016,PRD001,2025-01-01,Jan-2025,95.52,32.7,2,2,111.0,Y
BNK016,PRD001,2025-02-01,Feb-2025,95.3,34.31,4,2,172.7,Y
BNK016,PRD001,2025-03-01,Mar-2025,94.94,36.94,1,2,436.5,Y
BNK016,PRD002,2024-04-01,Apr-2024,97.43,18.76,4,2,138.7,Y
BNK016,PRD002,2024-05-01,May-2024,97.35,19.35,0,0,192.5,Y
BNK016,PRD002,2024-06-01,Jun-2024,97.96,14.89,5,2,445.7,Y
BNK016,PRD002,2024-07-01,Jul-2024,98.54,10.66,3,2,142.9,Y
BNK016,PRD002,2024-08-01,Aug-2024,98.47,11.17,6,1,160.0,Y
BNK016,PRD002,2024-09-01,Sep-2024,98.55,10.59,2,2,95.9,Y
BNK016,PRD002,2024-10-01,Oct-2024,97.86,15.62,0,0,106.9,Y
BNK016,PRD002,2024-11-01,Nov-2024,98.54,10.66,4,2,239.8,Y
BNK016,PRD002,2024-12-01,Dec-2024,98.11,13.8,8,2,579.4,Y
BNK016,PRD002,2025-01-01,Jan-2025,97.77,16.28,5,2,234.6,Y
BNK016,PRD002,2025-02-01,Feb-2025,97.3,19.71,8,0,320.9,Y
BNK016,PRD002,2025-03-01,Mar-2025,98.6,10.22,1,0,424.3,Y
BNK016,PRD003,2024-04-01,Apr-2024,97.24,20.15,1,1,242.3,Y
BNK016,PRD003,2024-05-01,May-2024,96.65,24.45,1,1,179.5,Y
BNK016,PRD003,2024-06-01,Jun-2024,96.46,25.84,1,2,420.4,Y
BNK016,PRD003,2024-07-01,Jul-2024,97.58,17.67,1,0,112.1,Y
BNK016,PRD003,2024-08-01,Aug-2024,96.71,24.02,2,0,133.2,Y
BNK016,PRD003,2024-09-01,Sep-2024,96.84,23.07,8,0,541.3,Y
BNK016,PRD003,2024-10-01,Oct-2024,96.59,24.89,2,2,210.4,Y
BNK016,PRD003,2024-11-01,Nov-2024,97.31,19.64,0,2,145.2,Y
BNK016,PRD003,2024-12-01,Dec-2024,97.56,17.81,4,1,170.6,Y
BNK016,PRD003,2025-01-01,Jan-2025,96.83,23.14,1,2,206.2,Y
BNK016,PRD003,2025-02-01,Feb-2025,97.41,18.91,0,0,242.8,Y
BNK016,PRD003,2025-03-01,Mar-2025,97.65,17.15,4,0,205.7,Y
BNK016,PRD004,2024-04-01,Apr-2024,97.28,19.86,7,1,280.1,Y
BNK016,PRD004,2024-05-01,May-2024,96.54,25.26,2,2,557.7,Y
BNK016,PRD004,2024-06-01,Jun-2024,96.37,26.5,8,1,412.7,Y
BNK016,PRD004,2024-07-01,Jul-2024,97.44,18.69,6,2,285.5,Y
BNK016,PRD004,2024-08-01,Aug-2024,96.78,23.51,0,2,444.4,Y
BNK016,PRD004,2024-09-01,Sep-2024,97.42,18.83,7,1,528.9,Y
BNK016,PRD004,2024-10-01,Oct-2024,96.19,27.81,7,2,255.8,Y
BNK016,PRD004,2024-11-01,Nov-2024,97.27,19.93,0,0,205.4,Y
BNK016,PRD004,2024-12-01,Dec-2024,96.41,26.21,0,1,524.3,Y
BNK016,PRD004,2025-01-01,Jan-2025,96.11,28.4,7,0,227.5,Y
BNK016,PRD004,2025-02-01,Feb-2025,96.77,23.58,2,1,223.8,Y
BNK016,PRD004,2025-03-01,Mar-2025,96.73,23.87,4,0,307.2,Y
BNK016,PRD005,2024-04-01,Apr-2024,99.46,3.94,3,2,172.5,N
BNK016,PRD005,2024-05-01,May-2024,99.47,3.87,6,2,575.8,N
BNK016,PRD005,2024-06-01,Jun-2024,99.04,7.01,3,2,366.5,N
BNK016,PRD005,2024-07-01,Jul-2024,99.02,7.15,3,2,421.9,N
BNK016,PRD005,2024-08-01,Aug-2024,99.18,5.99,2,2,379.8,N
BNK016,PRD005,2024-09-01,Sep-2024,99.33,4.89,3,2,405.8,N
BNK016,PRD005,2024-10-01,Oct-2024,99.14,6.28,7,2,418.5,N
BNK016,PRD005,2024-11-01,Nov-2024,98.75,9.12,7,2,557.7,Y
BNK016,PRD005,2024-12-01,Dec-2024,98.38,11.83,3,1,550.0,Y
BNK016,PRD005,2025-01-01,Jan-2025,98.66,9.78,3,0,351.0,Y
BNK016,PRD005,2025-02-01,Feb-2025,98.88,8.18,3,0,506.7,Y
BNK016,PRD005,2025-03-01,Mar-2025,99.06,6.86,2,2,122.1,N
BNK017,PRD001,2024-04-01,Apr-2024,95.31,34.24,7,2,109.7,Y
BNK017,PRD001,2024-05-01,May-2024,94.95,36.86,7,2,81.7,Y
BNK017,PRD001,2024-06-01,Jun-2024,95.66,31.68,0,2,370.5,Y
BNK017,PRD001,2024-07-01,Jul-2024,96.31,26.94,4,2,226.9,Y
BNK017,PRD001,2024-08-01,Aug-2024,95.8,30.66,6,0,486.8,Y
BNK017,PRD001,2024-09-01,Sep-2024,95.62,31.97,8,1,446.3,Y
BNK017,PRD001,2024-10-01,Oct-2024,95.56,32.41,1,0,364.4,Y
BNK017,PRD001,2024-11-01,Nov-2024,94.95,36.86,5,2,266.4,Y
BNK017,PRD001,2024-12-01,Dec-2024,95.85,30.3,4,2,225.3,Y
BNK017,PRD001,2025-01-01,Jan-2025,95.48,33.0,2,0,548.1,Y
BNK017,PRD001,2025-02-01,Feb-2025,95.81,30.59,5,0,182.0,Y
BNK017,PRD001,2025-03-01,Mar-2025,96.21,27.67,3,2,98.0,Y
BNK017,PRD002,2024-04-01,Apr-2024,95.71,31.32,4,0,382.6,Y
BNK017,PRD002,2024-05-01,May-2024,95.92,29.78,5,0,558.8,Y
BNK017,PRD002,2024-06-01,Jun-2024,96.66,24.38,1,0,390.3,Y
BNK017,PRD002,2024-07-01,Jul-2024,96.35,26.65,5,0,429.7,Y
BNK017,PRD002,2024-08-01,Aug-2024,97.07,21.39,6,0,289.0,Y
BNK017,PRD002,2024-09-01,Sep-2024,96.14,28.18,0,1,461.7,Y
BNK017,PRD002,2024-10-01,Oct-2024,95.98,29.35,7,0,338.2,Y
BNK017,PRD002,2024-11-01,Nov-2024,96.99,21.97,2,0,203.4,Y
BNK017,PRD002,2024-12-01,Dec-2024,95.81,30.59,7,2,489.2,Y
BNK017,PRD002,2025-01-01,Jan-2025,96.3,27.01,0,2,183.3,Y
BNK017,PRD002,2025-02-01,Feb-2025,97.04,21.61,2,0,409.3,Y
BNK017,PRD002,2025-03-01,Mar-2025,96.42,26.13,2,2,121.7,Y
BNK017,PRD003,2024-04-01,Apr-2024,95.5,32.85,8,2,420.0,Y
BNK017,PRD003,2024-05-01,May-2024,95.16,35.33,3,1,571.2,Y
BNK017,PRD003,2024-06-01,Jun-2024,94.77,38.18,7,2,434.6,Y
BNK017,PRD003,2024-07-01,Jul-2024,95.43,33.36,2,0,116.7,Y
BNK017,PRD003,2024-08-01,Aug-2024,94.55,39.79,5,2,300.0,Y
BNK017,PRD003,2024-09-01,Sep-2024,95.45,33.21,7,0,116.6,Y
BNK017,PRD003,2024-10-01,Oct-2024,94.77,38.18,3,0,595.1,Y
BNK017,PRD003,2024-11-01,Nov-2024,94.47,40.37,0,2,342.0,Y
BNK017,PRD003,2024-12-01,Dec-2024,94.55,39.79,3,0,504.5,Y
BNK017,PRD003,2025-01-01,Jan-2025,95.41,33.51,5,2,542.1,Y
BNK017,PRD003,2025-02-01,Feb-2025,95.32,34.16,0,0,202.1,Y
BNK017,PRD003,2025-03-01,Mar-2025,95.7,31.39,1,2,496.6,Y
BNK017,PRD004,2024-04-01,Apr-2024,95.82,30.51,8,1,451.9,Y
BNK017,PRD004,2024-05-01,May-2024,96.21,27.67,0,0,115.2,Y
BNK017,PRD004,2024-06-01,Jun-2024,95.42,33.43,1,2,211.5,Y
BNK017,PRD004,2024-07-01,Jul-2024,96.01,29.13,7,0,150.1,Y
BNK017,PRD004,2024-08-01,Aug-2024,95.59,32.19,6,0,300.8,Y
BNK017,PRD004,2024-09-01,Sep-2024,96.02,29.05,8,1,413.6,Y
BNK017,PRD004,2024-10-01,Oct-2024,96.14,28.18,2,0,226.4,Y
BNK017,PRD004,2024-11-01,Nov-2024,96.1,28.47,7,0,189.0,Y
BNK017,PRD004,2024-12-01,Dec-2024,95.39,33.65,0,1,177.6,Y
BNK017,PRD004,2025-01-01,Jan-2025,95.66,31.68,7,1,190.8,Y
BNK017,PRD004,2025-02-01,Feb-2025,95.5,32.85,4,0,134.3,Y
BNK017,PRD004,2025-03-01,Mar-2025,95.81,30.59,1,0,498.5,Y
BNK017,PRD005,2024-04-01,Apr-2024,96.03,28.98,1,0,407.1,Y
BNK017,PRD005,2024-05-01,May-2024,95.61,32.05,1,0,254.8,Y
BNK017,PRD005,2024-06-01,Jun-2024,95.94,29.64,7,2,237.8,Y
BNK017,PRD005,2024-07-01,Jul-2024,95.51,32.78,7,0,436.0,Y
BNK017,PRD005,2024-08-01,Aug-2024,95.63,31.9,3,2,579.3,Y
BNK017,PRD005,2024-09-01,Sep-2024,96.08,28.62,7,0,421.6,Y
BNK017,PRD005,2024-10-01,Oct-2024,96.18,27.89,1,2,351.8,Y
BNK017,PRD005,2024-11-01,Nov-2024,96.59,24.89,8,2,368.2,Y
BNK017,PRD005,2024-12-01,Dec-2024,96.51,25.48,7,1,300.2,Y
BNK017,PRD005,2025-01-01,Jan-2025,96.55,25.19,5,0,193.2,Y
BNK017,PRD005,2025-02-01,Feb-2025,96.16,28.03,1,0,490.7,Y
BNK017,PRD005,2025-03-01,Mar-2025,96.35,26.65,1,2,584.9,Y
BNK018,PRD001,2024-04-01,Apr-2024,95.78,30.81,2,0,224.4,Y
BNK018,PRD001,2024-05-01,May-2024,95.81,30.59,0,1,267.8,Y
BNK018,PRD001,2024-06-01,Jun-2024,95.97,29.42,5,1,464.4,Y
BNK018,PRD001,2024-07-01,Jul-2024,95.71,31.32,8,0,415.5,Y
BNK018,PRD001,2024-08-01,Aug-2024,96.28,27.16,3,1,139.0,Y
BNK018,PRD001,2024-09-01,Sep-2024,95.93,29.71,0,1,580.2,Y
BNK018,PRD001,2024-10-01,Oct-2024,95.96,29.49,6,1,458.5,Y
BNK018,PRD001,2024-11-01,Nov-2024,95.15,35.4,1,1,535.7,Y
BNK018,PRD001,2024-12-01,Dec-2024,96.3,27.01,8,1,402.3,Y
BNK018,PRD001,2025-01-01,Jan-2025,96.45,25.91,1,2,411.5,Y
BNK018,PRD001,2025-02-01,Feb-2025,95.45,33.21,6,2,152.9,Y
BNK018,PRD001,2025-03-01,Mar-2025,95.64,31.83,4,1,392.5,Y
BNK018,PRD002,2024-04-01,Apr-2024,98.63,10.0,7,0,430.6,Y
BNK018,PRD002,2024-05-01,May-2024,98.23,12.92,0,1,198.5,Y
BNK018,PRD002,2024-06-01,Jun-2024,98.23,12.92,6,1,84.4,Y
BNK018,PRD002,2024-07-01,Jul-2024,99.22,5.69,7,2,118.8,N
BNK018,PRD002,2024-08-01,Aug-2024,98.29,12.48,7,2,421.5,Y
BNK018,PRD002,2024-09-01,Sep-2024,98.04,14.31,5,1,434.9,Y
BNK018,PRD002,2024-10-01,Oct-2024,98.28,12.56,5,0,430.4,Y
BNK018,PRD002,2024-11-01,Nov-2024,98.16,13.43,0,1,474.6,Y
BNK018,PRD002,2024-12-01,Dec-2024,99.14,6.28,6,1,323.4,N
BNK018,PRD002,2025-01-01,Jan-2025,99.21,5.77,8,2,585.5,N
BNK018,PRD002,2025-02-01,Feb-2025,98.64,9.93,2,2,452.2,Y
BNK018,PRD002,2025-03-01,Mar-2025,98.85,8.4,1,0,464.9,Y
BNK018,PRD003,2024-04-01,Apr-2024,96.44,25.99,0,1,91.3,Y
BNK018,PRD003,2024-05-01,May-2024,97.37,19.2,4,1,475.1,Y
BNK018,PRD003,2024-06-01,Jun-2024,96.33,26.79,1,0,233.4,Y
BNK018,PRD003,2024-07-01,Jul-2024,96.39,26.35,7,1,427.7,Y
BNK018,PRD003,2024-08-01,Aug-2024,97.04,21.61,0,1,129.3,Y
BNK018,PRD003,2024-09-01,Sep-2024,97.56,17.81,4,2,302.3,Y
BNK018,PRD003,2024-10-01,Oct-2024,96.96,22.19,8,1,213.7,Y
BNK018,PRD003,2024-11-01,Nov-2024,96.64,24.53,6,0,480.2,Y
BNK018,PRD003,2024-12-01,Dec-2024,96.68,24.24,7,0,441.8,Y
BNK018,PRD003,2025-01-01,Jan-2025,97.08,21.32,6,1,122.7,Y
BNK018,PRD003,2025-02-01,Feb-2025,97.44,18.69,1,2,320.9,Y
BNK018,PRD003,2025-03-01,Mar-2025,97.4,18.98,3,0,161.7,Y
BNK018,PRD004,2024-04-01,Apr-2024,96.34,26.72,4,2,232.8,Y
BNK018,PRD004,2024-05-01,May-2024,97.45,18.61,0,1,207.0,Y
BNK018,PRD004,2024-06-01,Jun-2024,96.73,23.87,6,2,300.0,Y
BNK018,PRD004,2024-07-01,Jul-2024,97.07,21.39,7,2,543.9,Y
BNK018,PRD004,2024-08-01,Aug-2024,97.17,20.66,0,0,412.3,Y
BNK018,PRD004,2024-09-01,Sep-2024,96.36,26.57,3,2,591.0,Y
BNK018,PRD004,2024-10-01,Oct-2024,97.47,18.47,7,2,389.3,Y
BNK018,PRD004,2024-11-01,Nov-2024,97.38,19.13,2,1,290.1,Y
BNK018,PRD004,2024-12-01,Dec-2024,97.13,20.95,4,1,91.6,Y
BNK018,PRD004,2025-01-01,Jan-2025,97.55,17.89,1,0,563.1,Y
BNK018,PRD004,2025-02-01,Feb-2025,97.29,19.78,0,0,346.1,Y
BNK018,PRD004,2025-03-01,Mar-2025,97.42,18.83,4,0,150.7,Y
BNK018,PRD005,2024-04-01,Apr-2024,94.81,37.89,5,2,277.1,Y
BNK018,PRD005,2024-05-01,May-2024,94.97,36.72,8,0,166.3,Y
BNK018,PRD005,2024-06-01,Jun-2024,94.96,36.79,1,1,109.6,Y
BNK018,PRD005,2024-07-01,Jul-2024,94.78,38.11,3,1,220.8,Y
BNK018,PRD005,2024-08-01,Aug-2024,95.5,32.85,2,1,541.9,Y
BNK018,PRD005,2024-09-01,Sep-2024,95.62,31.97,7,1,94.7,Y
BNK018,PRD005,2024-10-01,Oct-2024,95.63,31.9,5,0,277.6,Y
BNK018,PRD005,2024-11-01,Nov-2024,94.88,37.38,2,0,144.2,Y
BNK018,PRD005,2024-12-01,Dec-2024,95.64,31.83,4,0,411.2,Y
BNK018,PRD005,2025-01-01,Jan-2025,94.58,39.57,0,2,151.5,Y
BNK018,PRD005,2025-02-01,Feb-2025,94.98,36.65,7,0,208.9,Y
BNK018,PRD005,2025-03-01,Mar-2025,95.01,36.43,3,0,487.7,Y
BNK019,PRD001,2024-04-01,Apr-2024,95.96,29.49,1,2,240.8,Y
BNK019,PRD001,2024-05-01,May-2024,96.01,29.13,6,1,420.1,Y
BNK019,PRD001,2024-06-01,Jun-2024,97.19,20.51,5,0,371.5,Y
BNK019,PRD001,2024-07-01,Jul-2024,96.77,23.58,5,1,142.4,Y
BNK019,PRD001,2024-08-01,Aug-2024,97.02,21.75,1,2,242.6,Y
BNK019,PRD001,2024-09-01,Sep-2024,96.91,22.56,4,1,462.0,Y
BNK019,PRD001,2024-10-01,Oct-2024,96.39,26.35,1,2,223.1,Y
BNK019,PRD001,2024-11-01,Nov-2024,97.01,21.83,5,0,308.1,Y
BNK019,PRD001,2024-12-01,Dec-2024,96.93,22.41,5,2,585.0,Y
BNK019,PRD001,2025-01-01,Jan-2025,96.37,26.5,2,2,413.4,Y
BNK019,PRD001,2025-02-01,Feb-2025,96.32,26.86,8,0,220.2,Y
BNK019,PRD001,2025-03-01,Mar-2025,96.68,24.24,4,0,175.1,Y
BNK019,PRD002,2024-04-01,Apr-2024,95.23,34.82,8,1,388.4,Y
BNK019,PRD002,2024-05-01,May-2024,96.18,27.89,8,0,440.7,Y
BNK019,PRD002,2024-06-01,Jun-2024,96.36,26.57,5,2,169.1,Y
BNK019,PRD002,2024-07-01,Jul-2024,95.72,31.24,5,0,561.5,Y
BNK019,PRD002,2024-08-01,Aug-2024,95.68,31.54,0,1,452.4,Y
BNK019,PRD002,2024-09-01,Sep-2024,95.7,31.39,7,0,267.6,Y
BNK019,PRD002,2024-10-01,Oct-2024,96.12,28.32,4,0,266.2,Y
BNK019,PRD002,2024-11-01,Nov-2024,95.36,33.87,7,1,334.1,Y
BNK019,PRD002,2024-12-01,Dec-2024,95.32,34.16,4,2,283.1,Y
BNK019,PRD002,2025-01-01,Jan-2025,96.13,28.25,3,0,239.2,Y
BNK019,PRD002,2025-02-01,Feb-2025,95.36,33.87,0,0,306.1,Y
BNK019,PRD002,2025-03-01,Mar-2025,95.52,32.7,8,2,560.4,Y
BNK019,PRD003,2024-04-01,Apr-2024,96.73,23.87,2,2,429.2,Y
BNK019,PRD003,2024-05-01,May-2024,96.46,25.84,5,0,338.4,Y
BNK019,PRD003,2024-06-01,Jun-2024,96.8,23.36,8,1,549.7,Y
BNK019,PRD003,2024-07-01,Jul-2024,97.21,20.37,6,0,383.1,Y
BNK019,PRD003,2024-08-01,Aug-2024,96.12,28.32,0,1,92.7,Y
BNK019,PRD003,2024-09-01,Sep-2024,96.15,28.1,5,1,501.1,Y
BNK019,PRD003,2024-10-01,Oct-2024,96.44,25.99,3,2,306.2,Y
BNK019,PRD003,2024-11-01,Nov-2024,96.05,28.84,6,0,378.2,Y
BNK019,PRD003,2024-12-01,Dec-2024,97.4,18.98,3,0,518.1,Y
BNK019,PRD003,2025-01-01,Jan-2025,97.03,21.68,7,0,309.0,Y
BNK019,PRD003,2025-02-01,Feb-2025,96.13,28.25,2,1,427.6,Y
BNK019,PRD003,2025-03-01,Mar-2025,97.25,20.07,1,2,328.0,Y
BNK019,PRD004,2024-04-01,Apr-2024,96.01,29.13,0,0,148.5,Y
BNK019,PRD004,2024-05-01,May-2024,95.07,35.99,3,2,433.8,Y
BNK019,PRD004,2024-06-01,Jun-2024,96.03,28.98,4,0,430.5,Y
BNK019,PRD004,2024-07-01,Jul-2024,95.88,30.08,8,1,572.8,Y
BNK019,PRD004,2024-08-01,Aug-2024,96.39,26.35,7,2,378.1,Y
BNK019,PRD004,2024-09-01,Sep-2024,95.22,34.89,3,1,127.2,Y
BNK019,PRD004,2024-10-01,Oct-2024,96.26,27.3,4,2,295.4,Y
BNK019,PRD004,2024-11-01,Nov-2024,95.38,33.73,4,2,443.3,Y
BNK019,PRD004,2024-12-01,Dec-2024,96.33,26.79,5,1,461.2,Y
BNK019,PRD004,2025-01-01,Jan-2025,96.3,27.01,2,1,457.1,Y
BNK019,PRD004,2025-02-01,Feb-2025,96.07,28.69,7,2,534.5,Y
BNK019,PRD004,2025-03-01,Mar-2025,96.01,29.13,2,1,459.3,Y
BNK019,PRD005,2024-04-01,Apr-2024,96.79,23.43,2,2,225.5,Y
BNK019,PRD005,2024-05-01,May-2024,96.63,24.6,3,2,581.8,Y
BNK019,PRD005,2024-06-01,Jun-2024,97.18,20.59,2,1,281.5,Y
BNK019,PRD005,2024-07-01,Jul-2024,97.29,19.78,4,2,95.8,Y
BNK019,PRD005,2024-08-01,Aug-2024,97.59,17.59,0,1,458.8,Y
BNK019,PRD005,2024-09-01,Sep-2024,97.18,20.59,5,0,122.0,Y
BNK019,PRD005,2024-10-01,Oct-2024,97.42,18.83,3,2,121.3,Y
BNK019,PRD005,2024-11-01,Nov-2024,96.78,23.51,0,1,83.4,Y
BNK019,PRD005,2024-12-01,Dec-2024,96.8,23.36,2,2,453.6,Y
BNK019,PRD005,2025-01-01,Jan-2025,96.84,23.07,7,2,231.8,Y
BNK019,PRD005,2025-02-01,Feb-2025,97.55,17.89,5,0,492.4,Y
BNK019,PRD005,2025-03-01,Mar-2025,97.99,14.67,2,1,485.5,Y
BNK020,PRD001,2024-04-01,Apr-2024,99.15,6.2,4,0,187.3,N
BNK020,PRD001,2024-05-01,May-2024,98.72,9.34,4,0,553.5,Y
BNK020,PRD001,2024-06-01,Jun-2024,98.75,9.12,7,0,460.3,Y
BNK020,PRD001,2024-07-01,Jul-2024,98.61,10.15,7,2,581.0,Y
BNK020,PRD001,2024-08-01,Aug-2024,99.32,4.96,2,0,508.9,N
BNK020,PRD001,2024-09-01,Sep-2024,98.93,7.81,0,0,151.7,Y
BNK020,PRD001,2024-10-01,Oct-2024,98.41,11.61,7,0,115.2,Y
BNK020,PRD001,2024-11-01,Nov-2024,98.7,9.49,4,2,351.4,Y
BNK020,PRD001,2024-12-01,Dec-2024,99.84,1.17,6,1,192.6,N
BNK020,PRD001,2025-01-01,Jan-2025,99.15,6.2,5,1,327.7,N
BNK020,PRD001,2025-02-01,Feb-2025,98.58,10.37,0,1,174.4,Y
BNK020,PRD001,2025-03-01,Mar-2025,99.25,5.47,8,0,114.1,N
BNK020,PRD002,2024-04-01,Apr-2024,96.27,27.23,5,0,327.7,Y
BNK020,PRD002,2024-05-01,May-2024,96.53,25.33,3,1,313.6,Y
BNK020,PRD002,2024-06-01,Jun-2024,97.46,18.54,3,0,590.9,Y
BNK020,PRD002,2024-07-01,Jul-2024,97.14,20.88,3,1,569.5,Y
BNK020,PRD002,2024-08-01,Aug-2024,97.33,19.49,8,1,106.9,Y
BNK020,PRD002,2024-09-01,Sep-2024,97.69,16.86,2,2,439.0,Y
BNK020,PRD002,2024-10-01,Oct-2024,97.23,20.22,5,2,412.2,Y
BNK020,PRD002,2024-11-01,Nov-2024,97.56,17.81,0,2,157.7,Y
BNK020,PRD002,2024-12-01,Dec-2024,97.04,21.61,0,0,395.9,Y
BNK020,PRD002,2025-01-01,Jan-2025,96.93,22.41,2,0,371.6,Y
BNK020,PRD002,2025-02-01,Feb-2025,97.16,20.73,1,0,570.8,Y
BNK020,PRD002,2025-03-01,Mar-2025,96.4,26.28,4,1,173.6,Y
BNK020,PRD003,2024-04-01,Apr-2024,97.89,15.4,5,2,295.0,Y
BNK020,PRD003,2024-05-01,May-2024,96.98,22.05,3,0,119.2,Y
BNK020,PRD003,2024-06-01,Jun-2024,97.41,18.91,8,2,321.6,Y
BNK020,PRD003,2024-07-01,Jul-2024,97.45,18.61,7,1,311.6,Y
BNK020,PRD003,2024-08-01,Aug-2024,97.85,15.7,3,0,182.2,Y
BNK020,PRD003,2024-09-01,Sep-2024,98.15,13.5,8,2,360.0,Y
BNK020,PRD003,2024-10-01,Oct-2024,98.11,13.8,0,2,227.2,Y
BNK020,PRD003,2024-11-01,Nov-2024,97.02,21.75,5,0,168.0,Y
BNK020,PRD003,2024-12-01,Dec-2024,98.11,13.8,4,0,572.3,Y
BNK020,PRD003,2025-01-01,Jan-2025,98.32,12.26,0,1,346.9,Y
BNK020,PRD003,2025-02-01,Feb-2025,97.74,16.5,7,2,261.8,Y
BNK020,PRD003,2025-03-01,Mar-2025,97.97,14.82,7,1,257.2,Y
BNK020,PRD004,2024-04-01,Apr-2024,98.08,14.02,0,2,256.2,Y
BNK020,PRD004,2024-05-01,May-2024,97.78,16.21,4,1,102.4,Y
BNK020,PRD004,2024-06-01,Jun-2024,97.58,17.67,7,0,548.7,Y
BNK020,PRD004,2024-07-01,Jul-2024,97.24,20.15,4,2,284.5,Y
BNK020,PRD004,2024-08-01,Aug-2024,97.32,19.56,8,1,576.8,Y
BNK020,PRD004,2024-09-01,Sep-2024,96.81,23.29,1,1,478.9,Y
BNK020,PRD004,2024-10-01,Oct-2024,96.85,23.0,4,0,418.7,Y
BNK020,PRD004,2024-11-01,Nov-2024,97.06,21.46,5,0,434.6,Y
BNK020,PRD004,2024-12-01,Dec-2024,97.69,16.86,6,0,135.1,Y
BNK020,PRD004,2025-01-01,Jan-2025,97.97,14.82,4,2,180.6,Y
BNK020,PRD004,2025-02-01,Feb-2025,97.1,21.17,3,2,550.2,Y
BNK020,PRD004,2025-03-01,Mar-2025,96.81,23.29,6,1,213.3,Y
BNK020,PRD005,2024-04-01,Apr-2024,95.0,36.5,8,2,536.0,Y
BNK020,PRD005,2024-05-01,May-2024,94.79,38.03,8,2,513.7,Y
BNK020,PRD005,2024-06-01,Jun-2024,95.57,32.34,5,2,243.6,Y
BNK020,PRD005,2024-07-01,Jul-2024,94.57,39.64,1,0,108.4,Y
BNK020,PRD005,2024-08-01,Aug-2024,95.13,35.55,6,1,413.4,Y
BNK020,PRD005,2024-09-01,Sep-2024,95.63,31.9,4,0,342.1,Y
BNK020,PRD005,2024-10-01,Oct-2024,95.1,35.77,7,2,397.8,Y
BNK020,PRD005,2024-11-01,Nov-2024,94.64,39.13,7,1,107.2,Y
BNK020,PRD005,2024-12-01,Dec-2024,95.61,32.05,4,2,190.6,Y
BNK020,PRD005,2025-01-01,Jan-2025,95.43,33.36,6,2,218.3,Y
BNK020,PRD005,2025-02-01,Feb-2025,95.18,35.19,8,0,561.7,Y
BNK020,PRD005,2025-03-01,Mar-2025,94.55,39.79,3,1,364.2,Y
