bank_id,product_id,month,month_label,cb_raised,cb_resolved,cb_pending,dccb_count,cb_resolution_days,top_reason,cb_amount_lakh
BNK001,PRD001,2024-04-01,Apr-2024,1223,839,384,73,8.2,Amount Mismatch,414.9
BNK001,PRD001,2024-05-01,May-2024,1426,1049,377,48,11.2,Unauthorized Transaction,389.12
BNK001,PRD001,2024-06-01,Jun-2024,1885,1318,567,41,13.6,Technical Failure,77.88
BNK001,PRD001,2024-07-01,Jul-2024,1455,1044,411,130,9.8,Duplicate Charge,72.5
BNK001,PRD001,2024-08-01,Aug-2024,1853,1612,241,176,17.9,Goods Not Received,103.39
BNK001,PRD001,2024-09-01,Sep-2024,1227,827,400,109,5.5,Duplicate Charge,466.24
BNK001,PRD001,2024-10-01,Oct-2024,1715,1316,399,46,13.3,Unauthorized Transaction,52.45
BNK001,PRD001,2024-11-01,Nov-2024,1774,1482,292,38,19.7,Customer Dispute,446.18
BNK001,PRD001,2024-12-01,Dec-2024,1440,844,596,60,10.0,Amount Mismatch,335.89
BNK001,PRD001,2025-01-01,Jan-2025,1404,801,603,40,24.1,Technical Failure,257.52
BNK001,PRD001,2025-02-01,Feb-2025,1354,890,464,61,6.1,Customer Dispute,402.2
BNK001,PRD001,2025-03-01,Mar-2025,1630,940,690,73,22.6,Technical Failure,222.38
BNK001,PRD002,2024-04-01,Apr-2024,1297,923,374,96,5.3,Unauthorized Transaction,43.97
BNK001,PRD002,2024-05-01,May-2024,1493,1219,274,136,16.8,Customer Dispute,349.98
BNK001,PRD002,2024-06-01,Jun-2024,1662,1064,598,141,18.7,Customer Dispute,404.84
BNK001,PRD002,2024-07-01,Jul-2024,1258,1151,107,102,15.5,Unauthorized Transaction,406.61
BNK001,PRD002,2024-08-01,Aug-2024,1889,1342,547,106,18.1,Customer Dispute,383.48
BNK001,PRD002,2024-09-01,Sep-2024,1552,1437,115,48,22.7,Duplicate Charge,456.52
BNK001,PRD002,2024-10-01,Oct-2024,1494,1217,277,109,20.4,Duplicate Charge,227.19
BNK001,PRD002,2024-11-01,Nov-2024,1222,872,350,58,13.1,Goods Not Received,141.85
BNK001,PRD002,2024-12-01,Dec-2024,1461,1108,353,88,11.9,Customer Dispute,398.58
BNK001,PRD002,2025-01-01,Jan-2025,1444,1144,300,120,14.7,Amount Mismatch,295.68
BNK001,PRD002,2025-02-01,Feb-2025,1378,840,538,45,13.6,Unauthorized Transaction,171.02
BNK001,PRD002,2025-03-01,Mar-2025,1810,1386,424,149,12.6,Fraud,171.76
BNK001,PRD003,2024-04-01,Apr-2024,1720,993,727,126,19.3,Customer Dispute,287.52
BNK001,PRD003,2024-05-01,May-2024,1564,1198,366,89,15.2,Fraud,223.16
BNK001,PRD003,2024-06-01,Jun-2024,1431,976,455,97,18.1,Technical Failure,385.9
BNK001,PRD003,2024-07-01,Jul-2024,1484,1072,412,108,5.0,Fraud,70.32
BNK001,PRD003,2024-08-01,Aug-2024,1635,1372,263,138,19.7,Customer Dispute,75.46
BNK001,PRD003,2024-09-01,Sep-2024,1598,1079,519,105,7.3,Customer Dispute,438.84
BNK001,PRD003,2024-10-01,Oct-2024,1424,1221,203,105,23.2,Amount Mismatch,359.18
BNK001,PRD003,2024-11-01,Nov-2024,1886,1783,103,125,16.5,Technical Failure,202.69
BNK001,PRD003,2024-12-01,Dec-2024,1295,818,477,64,15.1,Unauthorized Transaction,1.42
BNK001,PRD003,2025-01-01,Jan-2025,1620,1523,97,46,9.2,Unauthorized Transaction,118.39
BNK001,PRD003,2025-02-01,Feb-2025,1726,1169,557,78,11.4,Amount Mismatch,218.16
BNK001,PRD003,2025-03-01,Mar-2025,1358,784,574,42,15.2,Fraud,462.32
BNK001,PRD004,2024-04-01,Apr-2024,1829,1041,788,182,17.7,Goods Not Received,6.79
BNK001,PRD004,2024-05-01,May-2024,1686,952,734,153,17.5,Goods Not Received,43.25
BNK001,PRD004,2024-06-01,Jun-2024,1681,1155,526,94,20.4,Technical Failure,465.23
BNK001,PRD004,2024-07-01,Jul-2024,1667,1174,493,89,21.0,Amount Mismatch,178.3
BNK001,PRD004,2024-08-01,Aug-2024,1339,1033,306,88,21.6,Goods Not Received,356.35
BNK001,PRD004,2024-09-01,Sep-2024,1401,1284,117,92,3.7,Unauthorized Transaction,284.51
BNK001,PRD004,2024-10-01,Oct-2024,1728,951,777,101,18.2,Goods Not Received,365.36
BNK001,PRD004,2024-11-01,Nov-2024,1594,1413,181,127,9.1,Technical Failure,40.04
BNK001,PRD004,2024-12-01,Dec-2024,1867,1007,860,107,19.3,Customer Dispute,39.96
BNK001,PRD004,2025-01-01,Jan-2025,1675,1439,236,75,4.2,Duplicate Charge,267.98
BNK001,PRD004,2025-02-01,Feb-2025,1208,850,358,111,15.6,Duplicate Charge,211.09
BNK001,PRD004,2025-03-01,Mar-2025,1920,1649,271,82,3.8,Technical Failure,374.96
BNK001,PRD005,2024-04-01,Apr-2024,1745,1315,430,43,13.4,Goods Not Received,286.86
BNK001,PRD005,2024-05-01,May-2024,1692,1068,624,133,3.6,Amount Mismatch,42.17
BNK001,PRD005,2024-06-01,Jun-2024,1579,1394,185,66,5.9,Duplicate Charge,138.33
BNK001,PRD005,2024-07-01,Jul-2024,1392,1160,232,95,23.0,Customer Dispute,76.42
BNK001,PRD005,2024-08-01,Aug-2024,1534,1324,210,62,18.4,Amount Mismatch,91.22
BNK001,PRD005,2024-09-01,Sep-2024,1595,821,774,157,24.3,Technical Failure,467.04
BNK001,PRD005,2024-10-01,Oct-2024,1315,950,365,130,19.9,Goods Not Received,330.67
BNK001,PRD005,2024-11-01,Nov-2024,1744,1003,741,115,21.5,Unauthorized Transaction,321.49
BNK001,PRD005,2024-12-01,Dec-2024,1766,975,791,58,11.8,Duplicate Charge,238.66
BNK001,PRD005,2025-01-01,Jan-2025,1911,1748,163,73,18.0,Amount Mismatch,237.82
BNK001,PRD005,2025-02-01,Feb-2025,1308,1166,142,27,23.4,Amount Mismatch,191.62
BNK001,PRD005,2025-03-01,Mar-2025,1436,1060,376,138,5.1,Technical Failure,319.07
BNK002,PRD001,2024-04-01,Apr-2024,1917,1330,587,179,21.9,Duplicate Charge,135.89
BNK002,PRD001,2024-05-01,May-2024,1801,1107,694,120,13.1,Customer Dispute,374.8
BNK002,PRD001,2024-06-01,Jun-2024,1750,1338,412,62,10.4,Customer Dispute,496.61
BNK002,PRD001,2024-07-01,Jul-2024,1434,723,711,29,4.5,Amount Mismatch,49.75
BNK002,PRD001,2024-08-01,Aug-2024,1277,894,383,47,9.2,Goods Not Received,17.99
BNK002,PRD001,2024-09-01,Sep-2024,1664,874,790,112,22.7,Goods Not Received,475.29
BNK002,PRD001,2024-10-01,Oct-2024,1678,1373,305,49,21.8,Goods Not Received,188.6
BNK002,PRD001,2024-11-01,Nov-2024,1772,1402,370,149,7.1,Unauthorized Transaction,348.13
BNK002,PRD001,2024-12-01,Dec-2024,1390,987,403,131,17.1,Duplicate Charge,384.91
BNK002,PRD001,2025-01-01,Jan-2025,1719,1375,344,140,8.7,Fraud,37.92
BNK002,PRD001,2025-02-01,Feb-2025,1782,1197,585,83,4.3,Fraud,133.07
BNK002,PRD001,2025-03-01,Mar-2025,1530,1103,427,144,16.4,Goods Not Received,323.1
BNK002,PRD002,2024-04-01,Apr-2024,1281,952,329,69,16.5,Unauthorized Transaction,456.39
BNK002,PRD002,2024-05-01,May-2024,1736,948,788,44,15.6,Duplicate Charge,388.84
BNK002,PRD002,2024-06-01,Jun-2024,1214,878,336,87,3.0,Unauthorized Transaction,332.64
BNK002,PRD002,2024-07-01,Jul-2024,1399,1140,259,129,15.6,Technical Failure,354.1
BNK002,PRD002,2024-08-01,Aug-2024,1778,1271,507,93,19.0,Fraud,392.91
BNK002,PRD002,2024-09-01,Sep-2024,1605,804,801,154,21.0,Amount Mismatch,61.48
BNK002,PRD002,2024-10-01,Oct-2024,1601,1514,87,74,9.7,Unauthorized Transaction,316.5
BNK002,PRD002,2024-11-01,Nov-2024,1919,1037,882,120,24.1,Unauthorized Transaction,420.75
BNK002,PRD002,2024-12-01,Dec-2024,1770,1115,655,64,15.2,Amount Mismatch,330.71
BNK002,PRD002,2025-01-01,Jan-2025,1424,961,463,40,18.2,Amount Mismatch,43.35
BNK002,PRD002,2025-02-01,Feb-2025,1674,1390,284,52,7.2,Customer Dispute,498.2
BNK002,PRD002,2025-03-01,Mar-2025,1378,930,448,114,17.2,Amount Mismatch,267.44
BNK002,PRD003,2024-04-01,Apr-2024,1825,1281,544,181,3.8,Unauthorized Transaction,169.52
BNK002,PRD003,2024-05-01,May-2024,1740,1187,553,64,17.4,Technical Failure,229.73
BNK002,PRD003,2024-06-01,Jun-2024,1708,1525,183,54,15.7,Unauthorized Transaction,19.4
BNK002,PRD003,2024-07-01,Jul-2024,1306,1037,269,75,23.2,Unauthorized Transaction,122.1
BNK002,PRD003,2024-08-01,Aug-2024,1686,853,833,119,22.9,Fraud,397.05
BNK002,PRD003,2024-09-01,Sep-2024,1542,889,653,103,21.0,Unauthorized Transaction,57.98
BNK002,PRD003,2024-10-01,Oct-2024,1646,1278,368,41,7.5,Duplicate Charge,405.95
BNK002,PRD003,2024-11-01,Nov-2024,1936,1559,377,88,24.5,Technical Failure,273.4
BNK002,PRD003,2024-12-01,Dec-2024,1441,1346,95,53,4.0,Goods Not Received,168.42
BNK002,PRD003,2025-01-01,Jan-2025,1290,726,564,68,18.3,Technical Failure,83.34
BNK002,PRD003,2025-02-01,Feb-2025,1382,1052,330,42,20.4,Customer Dispute,306.61
BNK002,PRD003,2025-03-01,Mar-2025,1783,904,879,105,3.1,Goods Not Received,463.14
BNK002,PRD004,2024-04-01,Apr-2024,1730,1327,403,73,18.3,Fraud,386.51
BNK002,PRD004,2024-05-01,May-2024,1719,1018,701,122,14.5,Amount Mismatch,120.39
BNK002,PRD004,2024-06-01,Jun-2024,1330,1078,252,90,18.8,Technical Failure,475.2
BNK002,PRD004,2024-07-01,Jul-2024,1670,1423,247,79,3.1,Goods Not Received,96.76
BNK002,PRD004,2024-08-01,Aug-2024,1939,1821,118,134,22.0,Technical Failure,254.26
BNK002,PRD004,2024-09-01,Sep-2024,1548,1210,338,56,4.2,Unauthorized Transaction,398.51
BNK002,PRD004,2024-10-01,Oct-2024,1713,1603,110,99,6.9,Customer Dispute,461.41
BNK002,PRD004,2024-11-01,Nov-2024,1240,823,417,45,8.5,Technical Failure,402.77
BNK002,PRD004,2024-12-01,Dec-2024,1768,918,850,140,23.3,Goods Not Received,79.86
BNK002,PRD004,2025-01-01,Jan-2025,1221,893,328,31,8.2,Amount Mismatch,296.76
BNK002,PRD004,2025-02-01,Feb-2025,1444,851,593,107,10.2,Fraud,55.96
BNK002,PRD004,2025-03-01,Mar-2025,1370,831,539,72,7.4,Goods Not Received,37.69
BNK002,PRD005,2024-04-01,Apr-2024,1638,859,779,89,7.8,Technical Failure,228.04
BNK002,PRD005,2024-05-01,May-2024,1490,836,654,115,16.9,Duplicate Charge,101.9
BNK002,PRD005,2024-06-01,Jun-2024,1295,1050,245,32,6.0,Fraud,233.3
BNK002,PRD005,2024-07-01,Jul-2024,1513,1274,239,56,9.5,Goods Not Received,394.98
BNK002,PRD005,2024-08-01,Aug-2024,1678,1300,378,56,24.3,Fraud,115.62
BNK002,PRD005,2024-09-01,Sep-2024,1508,1108,400,134,7.8,Amount Mismatch,418.66
BNK002,PRD005,2024-10-01,Oct-2024,1409,1167,242,111,8.4,Duplicate Charge,217.69
BNK002,PRD005,2024-11-01,Nov-2024,1366,1253,113,130,23.1,Unauthorized Transaction,209.47
BNK002,PRD005,2024-12-01,Dec-2024,1233,1166,67,97,14.1,Amount Mismatch,266.03
BNK002,PRD005,2025-01-01,Jan-2025,1559,1339,220,133,13.0,Goods Not Received,42.46
BNK002,PRD005,2025-02-01,Feb-2025,1764,1432,332,92,7.8,Duplicate Charge,148.6
BNK002,PRD005,2025-03-01,Mar-2025,1685,911,774,98,9.7,Customer Dispute,230.18
BNK003,PRD001,2024-04-01,Apr-2024,1627,1240,387,159,13.2,Goods Not Received,437.23
BNK003,PRD001,2024-05-01,May-2024,1504,1286,218,74,13.2,Customer Dispute,1.68
BNK003,PRD001,2024-06-01,Jun-2024,1670,1124,546,125,14.7,Duplicate Charge,213.53
BNK003,PRD001,2024-07-01,Jul-2024,1402,1297,105,88,20.5,Fraud,342.65
BNK003,PRD001,2024-08-01,Aug-2024,1665,1084,581,157,14.3,Customer Dispute,182.63
BNK003,PRD001,2024-09-01,Sep-2024,1238,832,406,70,3.9,Duplicate Charge,88.46
BNK003,PRD001,2024-10-01,Oct-2024,1619,858,761,124,7.5,Duplicate Charge,120.08
BNK003,PRD001,2024-11-01,Nov-2024,1285,919,366,122,15.8,Customer Dispute,105.69
BNK003,PRD001,2024-12-01,Dec-2024,1758,1057,701,84,8.9,Customer Dispute,212.04
BNK003,PRD001,2025-01-01,Jan-2025,1240,828,412,69,14.0,Fraud,62.23
BNK003,PRD001,2025-02-01,Feb-2025,1732,1394,338,108,9.4,Technical Failure,184.7
BNK003,PRD001,2025-03-01,Mar-2025,1704,1383,321,167,22.4,Goods Not Received,446.06
BNK003,PRD002,2024-04-01,Apr-2024,1543,827,716,141,9.3,Unauthorized Transaction,55.57
BNK003,PRD002,2024-05-01,May-2024,1406,1144,262,83,22.2,Technical Failure,476.1
BNK003,PRD002,2024-06-01,Jun-2024,1217,836,381,90,23.5,Amount Mismatch,174.0
BNK003,PRD002,2024-07-01,Jul-2024,1532,1210,322,66,4.4,Fraud,401.19
BNK003,PRD002,2024-08-01,Aug-2024,1826,1339,487,85,15.7,Customer Dispute,323.38
BNK003,PRD002,2024-09-01,Sep-2024,1444,1107,337,109,21.5,Amount Mismatch,229.55
BNK003,PRD002,2024-10-01,Oct-2024,1625,1469,156,72,20.4,Goods Not Received,242.64
BNK003,PRD002,2024-11-01,Nov-2024,1928,1631,297,45,10.8,Amount Mismatch,478.15
BNK003,PRD002,2024-12-01,Dec-2024,1663,951,712,104,7.0,Goods Not Received,419.83
BNK003,PRD002,2025-01-01,Jan-2025,1719,1374,345,55,8.2,Unauthorized Transaction,496.89
BNK003,PRD002,2025-02-01,Feb-2025,1630,1138,492,80,7.5,Customer Dispute,18.31
BNK003,PRD002,2025-03-01,Mar-2025,1437,940,497,71,14.9,Goods Not Received,267.29
BNK003,PRD003,2024-04-01,Apr-2024,1291,659,632,121,19.9,Amount Mismatch,463.98
BNK003,PRD003,2024-05-01,May-2024,1317,1233,84,83,14.2,Customer Dispute,353.02
BNK003,PRD003,2024-06-01,Jun-2024,1555,980,575,148,24.6,Technical Failure,333.78
BNK003,PRD003,2024-07-01,Jul-2024,1799,1489,310,168,10.5,Unauthorized Transaction,366.09
BNK003,PRD003,2024-08-01,Aug-2024,1875,1055,820,120,9.8,Amount Mismatch,309.14
BNK003,PRD003,2024-09-01,Sep-2024,1365,902,463,62,16.4,Goods Not Received,292.13
BNK003,PRD003,2024-10-01,Oct-2024,1366,1258,108,57,3.5,Technical Failure,424.88
BNK003,PRD003,2024-11-01,Nov-2024,1707,1589,118,167,11.7,Amount Mismatch,159.56
BNK003,PRD003,2024-12-01,Dec-2024,1653,1528,125,153,10.9,Goods Not Received,358.27
BNK003,PRD003,2025-01-01,Jan-2025,1520,1024,496,31,10.6,Duplicate Charge,488.78
BNK003,PRD003,2025-02-01,Feb-2025,1855,1000,855,145,12.8,Amount Mismatch,402.04
BNK003,PRD003,2025-03-01,Mar-2025,1416,1221,195,138,12.3,Amount Mismatch,70.64
BNK003,PRD004,2024-04-01,Apr-2024,1640,883,757,60,13.4,Fraud,263.13
BNK003,PRD004,2024-05-01,May-2024,1451,1334,117,97,11.3,Unauthorized Transaction,205.32
BNK003,PRD004,2024-06-01,Jun-2024,1885,1294,591,121,18.6,Fraud,457.52
BNK003,PRD004,2024-07-01,Jul-2024,1349,1179,170,58,13.8,Fraud,413.3
BNK003,PRD004,2024-08-01,Aug-2024,1825,1162,663,118,13.2,Unauthorized Transaction,395.82
BNK003,PRD004,2024-09-01,Sep-2024,1315,835,480,93,17.0,Unauthorized Transaction,327.25
BNK003,PRD004,2024-10-01,Oct-2024,1869,1285,584,110,18.1,Goods Not Received,15.19
BNK003,PRD004,2024-11-01,Nov-2024,1773,1279,494,173,16.2,Duplicate Charge,290.95
BNK003,PRD004,2024-12-01,Dec-2024,1624,1446,178,114,13.5,Customer Dispute,409.32
BNK003,PRD004,2025-01-01,Jan-2025,1479,1227,252,31,8.7,Technical Failure,30.2
BNK003,PRD004,2025-02-01,Feb-2025,1439,1288,151,44,6.6,Duplicate Charge,181.22
BNK003,PRD004,2025-03-01,Mar-2025,1677,1559,118,40,9.4,Customer Dispute,468.22
BNK003,PRD005,2024-04-01,Apr-2024,1585,1339,246,54,5.1,Fraud,84.4
BNK003,PRD005,2024-05-01,May-2024,1441,925,516,126,20.6,Duplicate Charge,343.04
BNK003,PRD005,2024-06-01,Jun-2024,1716,932,784,113,21.1,Unauthorized Transaction,69.34
BNK003,PRD005,2024-07-01,Jul-2024,1411,1200,211,74,23.3,Goods Not Received,52.11
BNK003,PRD005,2024-08-01,Aug-2024,1315,788,527,46,22.7,Technical Failure,345.14
BNK003,PRD005,2024-09-01,Sep-2024,1914,1685,229,147,18.4,Fraud,57.87
BNK003,PRD005,2024-10-01,Oct-2024,1545,825,720,132,23.3,Amount Mismatch,174.76
BNK003,PRD005,2024-11-01,Nov-2024,1718,966,752,95,24.7,Technical Failure,382.03
BNK003,PRD005,2024-12-01,Dec-2024,1456,1193,263,32,20.9,Goods Not Received,65.23
BNK003,PRD005,2025-01-01,Jan-2025,1720,1392,328,76,7.6,Unauthorized Transaction,212.98
BNK003,PRD005,2025-02-01,Feb-2025,1772,975,797,38,13.7,Amount Mismatch,22.22
BNK003,PRD005,2025-03-01,Mar-2025,1280,1096,184,78,4.3,Unauthorized Transaction,454.36
BNK004,PRD001,2024-04-01,Apr-2024,1232,783,449,25,5.1,Unauthorized Transaction,460.13
BNK004,PRD001,2024-05-01,May-2024,1354,1226,128,47,10.7,Unauthorized Transaction,73.63
BNK004,PRD001,2024-06-01,Jun-2024,1759,1099,660,116,10.7,Fraud,250.82
BNK004,PRD001,2024-07-01,Jul-2024,1746,1062,684,114,5.2,Technical Failure,381.86
BNK004,PRD001,2024-08-01,Aug-2024,1596,1312,284,155,6.8,Fraud,269.03
BNK004,PRD001,2024-09-01,Sep-2024,1930,1050,880,71,14.1,Customer Dispute,237.88
BNK004,PRD001,2024-10-01,Oct-2024,1723,1005,718,127,5.4,Fraud,178.06
BNK004,PRD001,2024-11-01,Nov-2024,1484,885,599,56,5.5,Duplicate Charge,62.68
BNK004,PRD001,2024-12-01,Dec-2024,1282,719,563,103,18.5,Technical Failure,361.35
BNK004,PRD001,2025-01-01,Jan-2025,1261,910,351,64,13.1,Customer Dispute,156.69
BNK004,PRD001,2025-02-01,Feb-2025,1932,1351,581,124,9.4,Fraud,214.55
BNK004,PRD001,2025-03-01,Mar-2025,1842,1662,180,155,23.7,Duplicate Charge,90.47
BNK004,PRD002,2024-04-01,Apr-2024,1949,1405,544,55,12.6,Customer Dispute,338.58
BNK004,PRD002,2024-05-01,May-2024,1289,873,416,97,24.5,Customer Dispute,462.72
BNK004,PRD002,2024-06-01,Jun-2024,1933,1022,911,189,10.4,Technical Failure,422.17
BNK004,PRD002,2024-07-01,Jul-2024,1503,909,594,81,14.0,Fraud,357.03
BNK004,PRD002,2024-08-01,Aug-2024,1636,1018,618,136,17.2,Amount Mismatch,178.69
BNK004,PRD002,2024-09-01,Sep-2024,1700,1576,124,168,14.3,Goods Not Received,384.23
BNK004,PRD002,2024-10-01,Oct-2024,1281,785,496,76,16.8,Goods Not Received,15.83
BNK004,PRD002,2024-11-01,Nov-2024,1753,1531,222,104,3.6,Goods Not Received,191.93
BNK004,PRD002,2024-12-01,Dec-2024,1709,971,738,119,5.1,Unauthorized Transaction,330.88
BNK004,PRD002,2025-01-01,Jan-2025,1589,1146,443,91,9.5,Amount Mismatch,245.63
BNK004,PRD002,2025-02-01,Feb-2025,1396,913,483,123,15.0,Fraud,16.77
BNK004,PRD002,2025-03-01,Mar-2025,1522,1387,135,77,9.9,Amount Mismatch,221.84
BNK004,PRD003,2024-04-01,Apr-2024,1226,710,516,89,20.1,Customer Dispute,82.91
BNK004,PRD003,2024-05-01,May-2024,1523,975,548,77,19.8,Technical Failure,337.84
BNK004,PRD003,2024-06-01,Jun-2024,1695,1370,325,111,13.5,Fraud,79.0
BNK004,PRD003,2024-07-01,Jul-2024,1241,767,474,83,11.3,Customer Dispute,177.03
BNK004,PRD003,2024-08-01,Aug-2024,1933,1245,688,43,4.0,Fraud,183.84
BNK004,PRD003,2024-09-01,Sep-2024,1807,1378,429,146,16.8,Amount Mismatch,49.58
BNK004,PRD003,2024-10-01,Oct-2024,1458,963,495,70,17.5,Goods Not Received,118.08
BNK004,PRD003,2024-11-01,Nov-2024,1434,771,663,107,22.1,Unauthorized Transaction,169.46
BNK004,PRD003,2024-12-01,Dec-2024,1214,785,429,69,22.0,Technical Failure,257.87
BNK004,PRD003,2025-01-01,Jan-2025,1515,771,744,87,3.5,Duplicate Charge,189.49
BNK004,PRD003,2025-02-01,Feb-2025,1492,1130,362,126,5.2,Customer Dispute,103.75
BNK004,PRD003,2025-03-01,Mar-2025,1572,1360,212,115,6.7,Duplicate Charge,182.3
BNK004,PRD004,2024-04-01,Apr-2024,1526,1104,422,133,20.3,Fraud,425.32
BNK004,PRD004,2024-05-01,May-2024,1360,842,518,59,15.6,Fraud,113.72
BNK004,PRD004,2024-06-01,Jun-2024,1757,951,806,153,5.1,Duplicate Charge,137.41
BNK004,PRD004,2024-07-01,Jul-2024,1624,1200,424,87,10.6,Unauthorized Transaction,326.12
BNK004,PRD004,2024-08-01,Aug-2024,1426,1229,197,77,14.9,Goods Not Received,207.74
BNK004,PRD004,2024-09-01,Sep-2024,1388,1015,373,102,15.0,Unauthorized Transaction,314.29
BNK004,PRD004,2024-10-01,Oct-2024,1587,926,661,95,17.5,Fraud,371.36
BNK004,PRD004,2024-11-01,Nov-2024,1550,1428,122,97,16.5,Fraud,453.51
BNK004,PRD004,2024-12-01,Dec-2024,1900,1571,329,47,7.4,Amount Mismatch,74.72
BNK004,PRD004,2025-01-01,Jan-2025,1312,1060,252,57,12.6,Duplicate Charge,430.23
BNK004,PRD004,2025-02-01,Feb-2025,1883,1478,405,165,8.9,Duplicate Charge,323.38
BNK004,PRD004,2025-03-01,Mar-2025,1392,1072,320,73,5.5,Goods Not Received,14.82
BNK004,PRD005,2024-04-01,Apr-2024,1797,1149,648,105,24.8,Amount Mismatch,323.81
BNK004,PRD005,2024-05-01,May-2024,1227,701,526,37,8.7,Fraud,139.61
BNK004,PRD005,2024-06-01,Jun-2024,1613,1274,339,37,18.9,Fraud,10.93
BNK004,PRD005,2024-07-01,Jul-2024,1844,991,853,125,22.1,Amount Mismatch,448.49
BNK004,PRD005,2024-08-01,Aug-2024,1703,1530,173,88,21.5,Fraud,71.14
BNK004,PRD005,2024-09-01,Sep-2024,1283,1065,218,121,14.5,Fraud,290.63
BNK004,PRD005,2024-10-01,Oct-2024,1781,1311,470,106,5.0,Technical Failure,62.02
BNK004,PRD005,2024-11-01,Nov-2024,1805,1169,636,120,11.6,Customer Dispute,372.24
BNK004,PRD005,2024-12-01,Dec-2024,1901,1136,765,54,7.7,Duplicate Charge,220.3
BNK004,PRD005,2025-01-01,Jan-2025,1390,1063,327,82,11.2,Unauthorized Transaction,158.93
BNK004,PRD005,2025-02-01,Feb-2025,1517,1224,293,147,22.3,Goods Not Received,182.14
BNK004,PRD005,2025-03-01,Mar-2025,1736,1509,227,37,24.3,Technical Failure,18.37
BNK005,PRD001,2024-04-01,Apr-2024,1754,1507,247,42,23.2,Customer Dispute,120.6
BNK005,PRD001,2024-05-01,May-2024,1614,1031,583,156,11.0,Fraud,342.94
BNK005,PRD001,2024-06-01,Jun-2024,1601,970,631,88,3.2,Amount Mismatch,463.83
BNK005,PRD001,2024-07-01,Jul-2024,1888,1199,689,179,19.6,Duplicate Charge,105.98
BNK005,PRD001,2024-08-01,Aug-2024,1867,1702,165,131,22.3,Fraud,322.57
BNK005,PRD001,2024-09-01,Sep-2024,1791,1116,675,47,20.1,Amount Mismatch,236.07
BNK005,PRD001,2024-10-01,Oct-2024,1509,1325,184,116,22.3,Fraud,51.1
BNK005,PRD001,2024-11-01,Nov-2024,1320,815,505,33,12.3,Customer Dispute,406.9
BNK005,PRD001,2024-12-01,Dec-2024,1753,1234,519,38,4.1,Customer Dispute,92.69
BNK005,PRD001,2025-01-01,Jan-2025,1532,1207,325,31,7.4,Duplicate Charge,157.55
BNK005,PRD001,2025-02-01,Feb-2025,1261,720,541,77,24.3,Fraud,324.94
BNK005,PRD001,2025-03-01,Mar-2025,1297,995,302,68,23.7,Amount Mismatch,239.7
BNK005,PRD002,2024-04-01,Apr-2024,1751,1080,671,131,21.2,Fraud,141.62
BNK005,PRD002,2024-05-01,May-2024,1263,840,423,65,11.3,Fraud,442.29
BNK005,PRD002,2024-06-01,Jun-2024,1368,1267,101,128,17.2,Customer Dispute,115.12
BNK005,PRD002,2024-07-01,Jul-2024,1266,896,370,51,21.7,Unauthorized Transaction,201.12
BNK005,PRD002,2024-08-01,Aug-2024,1521,938,583,41,11.1,Technical Failure,59.56
BNK005,PRD002,2024-09-01,Sep-2024,1738,1209,529,162,13.0,Customer Dispute,247.58
BNK005,PRD002,2024-10-01,Oct-2024,1368,809,559,130,20.9,Duplicate Charge,144.69
BNK005,PRD002,2024-11-01,Nov-2024,1570,876,694,138,16.2,Fraud,142.2
BNK005,PRD002,2024-12-01,Dec-2024,1707,1174,533,89,6.2,Duplicate Charge,488.09
BNK005,PRD002,2025-01-01,Jan-2025,1376,967,409,54,15.8,Customer Dispute,229.62
BNK005,PRD002,2025-02-01,Feb-2025,1207,675,532,55,18.2,Customer Dispute,106.9
BNK005,PRD002,2025-03-01,Mar-2025,1487,1026,461,100,4.6,Technical Failure,30.32
BNK005,PRD003,2024-04-01,Apr-2024,1449,877,572,134,24.9,Customer Dispute,483.64
BNK005,PRD003,2024-05-01,May-2024,1648,1378,270,38,8.6,Technical Failure,191.09
BNK005,PRD003,2024-06-01,Jun-2024,1933,1550,383,59,22.6,Unauthorized Transaction,290.66
BNK005,PRD003,2024-07-01,Jul-2024,1395,1013,382,131,22.3,Goods Not Received,45.73
BNK005,PRD003,2024-08-01,Aug-2024,1732,1203,529,70,9.9,Goods Not Received,250.11
BNK005,PRD003,2024-09-01,Sep-2024,1930,1209,721,94,12.5,Duplicate Charge,306.85
BNK005,PRD003,2024-10-01,Oct-2024,1771,1095,676,79,22.6,Duplicate Charge,368.7
BNK005,PRD003,2024-11-01,Nov-2024,1568,1454,114,101,23.3,Customer Dispute,399.31
BNK005,PRD003,2024-12-01,Dec-2024,1239,702,537,47,3.8,Duplicate Charge,82.61
BNK005,PRD003,2025-01-01,Jan-2025,1550,855,695,142,13.9,Amount Mismatch,178.9
BNK005,PRD003,2025-02-01,Feb-2025,1731,1243,488,102,21.6,Fraud,74.88
BNK005,PRD003,2025-03-01,Mar-2025,1462,865,597,62,21.4,Customer Dispute,254.86
BNK005,PRD004,2024-04-01,Apr-2024,1404,1264,140,93,15.8,Unauthorized Transaction,263.48
BNK005,PRD004,2024-05-01,May-2024,1628,1119,509,42,19.9,Customer Dispute,48.06
BNK005,PRD004,2024-06-01,Jun-2024,1446,907,539,142,5.7,Duplicate Charge,295.58
BNK005,PRD004,2024-07-01,Jul-2024,1913,1677,236,61,4.8,Fraud,354.15
BNK005,PRD004,2024-08-01,Aug-2024,1559,1220,339,64,17.5,Duplicate Charge,484.92
BNK005,PRD004,2024-09-01,Sep-2024,1692,1570,122,77,19.1,Customer Dispute,453.53
BNK005,PRD004,2024-10-01,Oct-2024,1797,1003,794,160,20.6,Duplicate Charge,162.26
BNK005,PRD004,2024-11-01,Nov-2024,1241,659,582,119,11.4,Amount Mismatch,128.33
BNK005,PRD004,2024-12-01,Dec-2024,1380,1168,212,71,3.5,Goods Not Received,82.31
BNK005,PRD004,2025-01-01,Jan-2025,1784,1120,664,143,17.4,Unauthorized Transaction,149.97
BNK005,PRD004,2025-02-01,Feb-2025,1800,1496,304,168,22.9,Technical Failure,66.51
BNK005,PRD004,2025-03-01,Mar-2025,1699,1485,214,103,13.8,Amount Mismatch,238.74
BNK005,PRD005,2024-04-01,Apr-2024,1622,1119,503,130,20.8,Technical Failure,93.99
BNK005,PRD005,2024-05-01,May-2024,1673,906,767,102,24.4,Customer Dispute,112.89
BNK005,PRD005,2024-06-01,Jun-2024,1714,976,738,102,16.9,Technical Failure,42.9
BNK005,PRD005,2024-07-01,Jul-2024,1551,830,721,130,9.6,Goods Not Received,342.47
BNK005,PRD005,2024-08-01,Aug-2024,1425,871,554,77,15.5,Technical Failure,39.19
BNK005,PRD005,2024-09-01,Sep-2024,1233,676,557,66,5.1,Customer Dispute,360.43
BNK005,PRD005,2024-10-01,Oct-2024,1809,1193,616,120,19.9,Unauthorized Transaction,57.85
BNK005,PRD005,2024-11-01,Nov-2024,1696,985,711,58,11.6,Unauthorized Transaction,208.71
BNK005,PRD005,2024-12-01,Dec-2024,1728,1108,620,134,19.7,Amount Mismatch,312.28
BNK005,PRD005,2025-01-01,Jan-2025,1398,1307,91,125,7.1,Goods Not Received,40.03
BNK005,PRD005,2025-02-01,Feb-2025,1936,1193,743,143,12.5,Unauthorized Transaction,3.92
BNK005,PRD005,2025-03-01,Mar-2025,1287,742,545,74,18.2,Fraud,329.2
BNK006,PRD001,2024-04-01,Apr-2024,468,386,82,20,20.9,Technical Failure,181.0
BNK006,PRD001,2024-05-01,May-2024,454,368,86,23,9.7,Goods Not Received,68.42
BNK006,PRD001,2024-06-01,Jun-2024,358,310,48,27,7.1,Unauthorized Transaction,105.41
BNK006,PRD001,2024-07-01,Jul-2024,449,355,94,24,16.8,Fraud,269.75
BNK006,PRD001,2024-08-01,Aug-2024,337,285,52,10,12.3,Unauthorized Transaction,83.89
BNK006,PRD001,2024-09-01,Sep-2024,350,285,65,33,13.4,Fraud,225.31
BNK006,PRD001,2024-10-01,Oct-2024,368,232,136,31,11.6,Duplicate Charge,4.93
BNK006,PRD001,2024-11-01,Nov-2024,446,366,80,43,21.7,Customer Dispute,289.75
BNK006,PRD001,2024-12-01,Dec-2024,466,442,24,10,11.8,Technical Failure,295.93
BNK006,PRD001,2025-01-01,Jan-2025,442,355,87,37,13.7,Customer Dispute,31.29
BNK006,PRD001,2025-02-01,Feb-2025,323,245,78,20,8.9,Customer Dispute,209.15
BNK006,PRD001,2025-03-01,Mar-2025,414,299,115,39,10.6,Customer Dispute,218.68
BNK006,PRD002,2024-04-01,Apr-2024,352,291,61,20,12.6,Technical Failure,110.63
BNK006,PRD002,2024-05-01,May-2024,501,326,175,34,21.5,Customer Dispute,234.77
BNK006,PRD002,2024-06-01,Jun-2024,496,409,87,25,12.2,Customer Dispute,326.6
BNK006,PRD002,2024-07-01,Jul-2024,392,279,113,38,6.6,Goods Not Received,141.95
BNK006,PRD002,2024-08-01,Aug-2024,469,375,94,14,7.4,Technical Failure,246.6
BNK006,PRD002,2024-09-01,Sep-2024,478,441,37,28,8.2,Technical Failure,24.48
BNK006,PRD002,2024-10-01,Oct-2024,323,289,34,15,6.5,Fraud,429.87
BNK006,PRD002,2024-11-01,Nov-2024,420,362,58,19,5.5,Goods Not Received,61.22
BNK006,PRD002,2024-12-01,Dec-2024,364,224,140,17,10.8,Unauthorized Transaction,385.28
BNK006,PRD002,2025-01-01,Jan-2025,431,389,42,38,22.2,Technical Failure,335.07
BNK006,PRD002,2025-02-01,Feb-2025,461,422,39,25,13.1,Fraud,378.13
BNK006,PRD002,2025-03-01,Mar-2025,514,437,77,35,21.9,Unauthorized Transaction,411.98
BNK006,PRD003,2024-04-01,Apr-2024,328,179,149,23,22.2,Duplicate Charge,79.36
BNK006,PRD003,2024-05-01,May-2024,378,264,114,22,19.1,Unauthorized Transaction,77.99
BNK006,PRD003,2024-06-01,Jun-2024,392,340,52,11,7.4,Amount Mismatch,384.84
BNK006,PRD003,2024-07-01,Jul-2024,321,281,40,18,9.3,Goods Not Received,43.53
BNK006,PRD003,2024-08-01,Aug-2024,394,330,64,19,17.6,Goods Not Received,376.85
BNK006,PRD003,2024-09-01,Sep-2024,425,363,62,13,12.4,Amount Mismatch,449.13
BNK006,PRD003,2024-10-01,Oct-2024,510,373,137,38,23.8,Amount Mismatch,73.65
BNK006,PRD003,2024-11-01,Nov-2024,321,276,45,30,4.9,Duplicate Charge,201.42
BNK006,PRD003,2024-12-01,Dec-2024,474,329,145,24,3.8,Customer Dispute,76.33
BNK006,PRD003,2025-01-01,Jan-2025,434,407,27,42,20.6,Technical Failure,486.36
BNK006,PRD003,2025-02-01,Feb-2025,403,362,41,30,22.2,Customer Dispute,371.61
BNK006,PRD003,2025-03-01,Mar-2025,501,252,249,21,14.6,Goods Not Received,350.45
BNK006,PRD004,2024-04-01,Apr-2024,409,242,167,25,20.3,Customer Dispute,221.63
BNK006,PRD004,2024-05-01,May-2024,389,336,53,27,20.1,Duplicate Charge,43.06
BNK006,PRD004,2024-06-01,Jun-2024,427,288,139,33,22.4,Technical Failure,495.97
BNK006,PRD004,2024-07-01,Jul-2024,376,203,173,24,14.5,Fraud,318.21
BNK006,PRD004,2024-08-01,Aug-2024,324,291,33,20,8.7,Fraud,387.3
BNK006,PRD004,2024-09-01,Sep-2024,465,439,26,13,4.3,Duplicate Charge,130.62
BNK006,PRD004,2024-10-01,Oct-2024,421,233,188,33,23.7,Amount Mismatch,149.68
BNK006,PRD004,2024-11-01,Nov-2024,467,328,139,46,20.7,Technical Failure,283.23
BNK006,PRD004,2024-12-01,Dec-2024,498,389,109,31,16.1,Duplicate Charge,150.3
BNK006,PRD004,2025-01-01,Jan-2025,453,392,61,29,6.1,Amount Mismatch,260.31
BNK006,PRD004,2025-02-01,Feb-2025,369,238,131,24,21.1,Duplicate Charge,227.7
BNK006,PRD004,2025-03-01,Mar-2025,349,241,108,18,5.0,Amount Mismatch,444.37
BNK006,PRD005,2024-04-01,Apr-2024,415,290,125,20,14.6,Technical Failure,279.93
BNK006,PRD005,2024-05-01,May-2024,475,423,52,31,17.0,Amount Mismatch,344.82
BNK006,PRD005,2024-06-01,Jun-2024,509,422,87,27,6.6,Technical Failure,64.43
BNK006,PRD005,2024-07-01,Jul-2024,462,257,205,35,22.0,Unauthorized Transaction,347.54
BNK006,PRD005,2024-08-01,Aug-2024,411,211,200,13,15.3,Unauthorized Transaction,301.2
BNK006,PRD005,2024-09-01,Sep-2024,401,222,179,26,3.9,Goods Not Received,59.75
BNK006,PRD005,2024-10-01,Oct-2024,380,254,126,16,3.6,Goods Not Received,71.93
BNK006,PRD005,2024-11-01,Nov-2024,437,228,209,40,22.6,Goods Not Received,92.36
BNK006,PRD005,2024-12-01,Dec-2024,467,233,234,29,4.5,Unauthorized Transaction,209.37
BNK006,PRD005,2025-01-01,Jan-2025,434,327,107,39,20.2,Amount Mismatch,417.4
BNK006,PRD005,2025-02-01,Feb-2025,486,272,214,15,17.0,Fraud,225.51
BNK006,PRD005,2025-03-01,Mar-2025,409,363,46,18,20.6,Customer Dispute,312.17
BNK007,PRD001,2024-04-01,Apr-2024,1490,1348,142,70,4.0,Customer Dispute,445.13
BNK007,PRD001,2024-05-01,May-2024,1751,1384,367,156,18.6,Technical Failure,315.42
BNK007,PRD001,2024-06-01,Jun-2024,1778,1136,642,127,17.2,Unauthorized Transaction,97.02
BNK007,PRD001,2024-07-01,Jul-2024,1664,1263,401,40,15.5,Goods Not Received,375.53
BNK007,PRD001,2024-08-01,Aug-2024,1576,801,775,114,14.7,Unauthorized Transaction,138.21
BNK007,PRD001,2024-09-01,Sep-2024,1354,1182,172,117,15.8,Unauthorized Transaction,403.65
BNK007,PRD001,2024-10-01,Oct-2024,1655,1126,529,39,22.0,Unauthorized Transaction,170.64
BNK007,PRD001,2024-11-01,Nov-2024,1335,681,654,83,11.4,Unauthorized Transaction,58.21
BNK007,PRD001,2024-12-01,Dec-2024,1274,733,541,40,8.6,Unauthorized Transaction,77.96
BNK007,PRD001,2025-01-01,Jan-2025,1914,1541,373,47,24.1,Goods Not Received,14.56
BNK007,PRD001,2025-02-01,Feb-2025,1243,839,404,56,12.1,Duplicate Charge,129.71
BNK007,PRD001,2025-03-01,Mar-2025,1906,1724,182,46,8.3,Technical Failure,293.43
BNK007,PRD002,2024-04-01,Apr-2024,1569,1315,254,79,5.5,Unauthorized Transaction,159.85
BNK007,PRD002,2024-05-01,May-2024,1614,854,760,36,16.9,Unauthorized Transaction,135.31
BNK007,PRD002,2024-06-01,Jun-2024,1922,1544,378,76,15.2,Fraud,63.66
BNK007,PRD002,2024-07-01,Jul-2024,1626,1139,487,142,14.0,Fraud,483.99
BNK007,PRD002,2024-08-01,Aug-2024,1479,1395,84,122,14.8,Amount Mismatch,480.71
BNK007,PRD002,2024-09-01,Sep-2024,1616,838,778,137,24.1,Technical Failure,145.34
BNK007,PRD002,2024-10-01,Oct-2024,1929,964,965,182,13.6,Technical Failure,126.19
BNK007,PRD002,2024-11-01,Nov-2024,1709,1622,87,149,7.7,Fraud,255.65
BNK007,PRD002,2024-12-01,Dec-2024,1234,1027,207,80,9.6,Amount Mismatch,349.52
BNK007,PRD002,2025-01-01,Jan-2025,1822,1505,317,182,22.3,Goods Not Received,305.61
BNK007,PRD002,2025-02-01,Feb-2025,1918,1233,685,143,10.5,Duplicate Charge,489.84
BNK007,PRD002,2025-03-01,Mar-2025,1730,1077,653,126,10.1,Goods Not Received,230.44
BNK007,PRD003,2024-04-01,Apr-2024,1649,836,813,124,17.2,Unauthorized Transaction,304.78
BNK007,PRD003,2024-05-01,May-2024,1203,606,597,40,15.2,Customer Dispute,351.95
BNK007,PRD003,2024-06-01,Jun-2024,1771,1314,457,146,17.3,Unauthorized Transaction,269.79
BNK007,PRD003,2024-07-01,Jul-2024,1869,1620,249,103,5.7,Fraud,188.81
BNK007,PRD003,2024-08-01,Aug-2024,1650,1112,538,143,20.9,Unauthorized Transaction,63.26
BNK007,PRD003,2024-09-01,Sep-2024,1477,866,611,30,19.3,Fraud,141.29
BNK007,PRD003,2024-10-01,Oct-2024,1891,1249,642,51,16.5,Duplicate Charge,404.4
BNK007,PRD003,2024-11-01,Nov-2024,1365,1284,81,132,3.8,Amount Mismatch,452.35
BNK007,PRD003,2024-12-01,Dec-2024,1730,1027,703,61,21.1,Amount Mismatch,56.36
BNK007,PRD003,2025-01-01,Jan-2025,1408,1021,387,47,7.3,Customer Dispute,283.29
BNK007,PRD003,2025-02-01,Feb-2025,1711,1290,421,43,5.8,Unauthorized Transaction,64.59
BNK007,PRD003,2025-03-01,Mar-2025,1900,1681,219,171,19.0,Duplicate Charge,96.73
BNK007,PRD004,2024-04-01,Apr-2024,1708,1616,92,128,14.7,Duplicate Charge,340.66
BNK007,PRD004,2024-05-01,May-2024,1862,932,930,100,17.8,Customer Dispute,26.88
BNK007,PRD004,2024-06-01,Jun-2024,1904,1322,582,189,9.0,Customer Dispute,259.63
BNK007,PRD004,2024-07-01,Jul-2024,1571,1151,420,36,18.9,Unauthorized Transaction,139.69
BNK007,PRD004,2024-08-01,Aug-2024,1515,1063,452,30,7.3,Unauthorized Transaction,440.17
BNK007,PRD004,2024-09-01,Sep-2024,1805,1706,99,68,18.2,Unauthorized Transaction,458.58
BNK007,PRD004,2024-10-01,Oct-2024,1347,873,474,33,16.8,Unauthorized Transaction,240.5
BNK007,PRD004,2024-11-01,Nov-2024,1806,1384,422,126,10.4,Duplicate Charge,124.33
BNK007,PRD004,2024-12-01,Dec-2024,1555,1448,107,134,21.1,Technical Failure,397.26
BNK007,PRD004,2025-01-01,Jan-2025,1907,1619,288,132,19.8,Customer Dispute,223.78
BNK007,PRD004,2025-02-01,Feb-2025,1293,1213,80,120,11.3,Fraud,346.99
BNK007,PRD004,2025-03-01,Mar-2025,1786,942,844,150,4.2,Technical Failure,313.47
BNK007,PRD005,2024-04-01,Apr-2024,1249,1005,244,80,9.5,Amount Mismatch,201.44
BNK007,PRD005,2024-05-01,May-2024,1662,1138,524,148,20.3,Technical Failure,6.29
BNK007,PRD005,2024-06-01,Jun-2024,1487,1275,212,134,16.6,Duplicate Charge,325.81
BNK007,PRD005,2024-07-01,Jul-2024,1706,872,834,104,15.9,Unauthorized Transaction,52.24
BNK007,PRD005,2024-08-01,Aug-2024,1646,873,773,136,7.3,Technical Failure,63.86
BNK007,PRD005,2024-09-01,Sep-2024,1581,1043,538,92,16.7,Goods Not Received,122.33
BNK007,PRD005,2024-10-01,Oct-2024,1797,947,850,80,12.6,Customer Dispute,377.43
BNK007,PRD005,2024-11-01,Nov-2024,1433,1287,146,117,6.2,Duplicate Charge,302.06
BNK007,PRD005,2024-12-01,Dec-2024,1418,1328,90,87,17.5,Goods Not Received,29.6
BNK007,PRD005,2025-01-01,Jan-2025,1580,1383,197,140,12.3,Goods Not Received,488.28
BNK007,PRD005,2025-02-01,Feb-2025,1680,992,688,42,7.2,Amount Mismatch,347.7
BNK007,PRD005,2025-03-01,Mar-2025,1936,1490,446,90,15.7,Duplicate Charge,308.44
BNK008,PRD001,2024-04-01,Apr-2024,1514,867,647,85,20.4,Unauthorized Transaction,248.47
BNK008,PRD001,2024-05-01,May-2024,1889,1487,402,142,13.3,Goods Not Received,120.27
BNK008,PRD001,2024-06-01,Jun-2024,1750,1625,125,81,19.3,Goods Not Received,200.76
BNK008,PRD001,2024-07-01,Jul-2024,1819,915,904,37,10.9,Technical Failure,58.48
BNK008,PRD001,2024-08-01,Aug-2024,1417,832,585,94,19.8,Unauthorized Transaction,487.68
BNK008,PRD001,2024-09-01,Sep-2024,1349,846,503,50,8.8,Goods Not Received,170.57
BNK008,PRD001,2024-10-01,Oct-2024,1615,937,678,35,21.5,Unauthorized Transaction,11.48
BNK008,PRD001,2024-11-01,Nov-2024,1708,1145,563,141,5.4,Goods Not Received,153.23
BNK008,PRD001,2024-12-01,Dec-2024,1380,1192,188,100,23.7,Fraud,498.85
BNK008,PRD001,2025-01-01,Jan-2025,1861,1666,195,46,6.2,Goods Not Received,397.65
BNK008,PRD001,2025-02-01,Feb-2025,1343,900,443,67,16.2,Customer Dispute,123.03
BNK008,PRD001,2025-03-01,Mar-2025,1234,959,275,43,14.8,Fraud,75.13
BNK008,PRD002,2024-04-01,Apr-2024,1385,1084,301,58,5.8,Technical Failure,484.22
BNK008,PRD002,2024-05-01,May-2024,1864,1107,757,49,13.4,Customer Dispute,307.83
BNK008,PRD002,2024-06-01,Jun-2024,1325,893,432,120,19.5,Duplicate Charge,249.8
BNK008,PRD002,2024-07-01,Jul-2024,1548,998,550,77,18.3,Customer Dispute,477.92
BNK008,PRD002,2024-08-01,Aug-2024,1555,1184,371,110,20.4,Customer Dispute,19.27
BNK008,PRD002,2024-09-01,Sep-2024,1364,806,558,121,11.7,Duplicate Charge,213.09
BNK008,PRD002,2024-10-01,Oct-2024,1482,845,637,129,8.6,Unauthorized Transaction,68.03
BNK008,PRD002,2024-11-01,Nov-2024,1263,884,379,60,15.8,Amount Mismatch,256.62
BNK008,PRD002,2024-12-01,Dec-2024,1452,1020,432,79,11.1,Amount Mismatch,159.19
BNK008,PRD002,2025-01-01,Jan-2025,1486,863,623,57,17.2,Duplicate Charge,450.84
BNK008,PRD002,2025-02-01,Feb-2025,1420,1030,390,90,4.7,Duplicate Charge,463.38
BNK008,PRD002,2025-03-01,Mar-2025,1273,677,596,29,7.4,Goods Not Received,337.88
BNK008,PRD003,2024-04-01,Apr-2024,1387,1158,229,113,21.6,Goods Not Received,353.12
BNK008,PRD003,2024-05-01,May-2024,1948,1849,99,156,19.3,Duplicate Charge,5.26
BNK008,PRD003,2024-06-01,Jun-2024,1424,1238,186,117,11.9,Amount Mismatch,411.11
BNK008,PRD003,2024-07-01,Jul-2024,1768,893,875,127,24.8,Goods Not Received,432.87
BNK008,PRD003,2024-08-01,Aug-2024,1370,1130,240,50,8.1,Technical Failure,393.2
BNK008,PRD003,2024-09-01,Sep-2024,1768,1458,310,100,20.4,Duplicate Charge,423.06
BNK008,PRD003,2024-10-01,Oct-2024,1521,1405,116,81,12.7,Fraud,279.66
BNK008,PRD003,2024-11-01,Nov-2024,1481,1125,356,44,23.8,Unauthorized Transaction,250.4
BNK008,PRD003,2024-12-01,Dec-2024,1694,1117,577,64,12.4,Fraud,202.28
BNK008,PRD003,2025-01-01,Jan-2025,1783,1322,461,82,3.5,Fraud,17.07
BNK008,PRD003,2025-02-01,Feb-2025,1304,1225,79,129,15.5,Fraud,301.9
BNK008,PRD003,2025-03-01,Mar-2025,1655,1473,182,162,7.5,Amount Mismatch,32.79
BNK008,PRD004,2024-04-01,Apr-2024,1489,1062,427,68,24.2,Customer Dispute,447.48
BNK008,PRD004,2024-05-01,May-2024,1269,694,575,81,3.7,Customer Dispute,302.08
BNK008,PRD004,2024-06-01,Jun-2024,1220,719,501,113,11.5,Goods Not Received,117.29
BNK008,PRD004,2024-07-01,Jul-2024,1694,900,794,41,14.4,Goods Not Received,164.06
BNK008,PRD004,2024-08-01,Aug-2024,1882,1272,610,186,5.8,Amount Mismatch,239.65
BNK008,PRD004,2024-09-01,Sep-2024,1251,1163,88,111,5.9,Goods Not Received,155.57
BNK008,PRD004,2024-10-01,Oct-2024,1813,1448,365,59,15.7,Duplicate Charge,294.16
BNK008,PRD004,2024-11-01,Nov-2024,1576,1273,303,66,3.2,Goods Not Received,223.42
BNK008,PRD004,2024-12-01,Dec-2024,1818,1403,415,72,10.2,Technical Failure,439.74
BNK008,PRD004,2025-01-01,Jan-2025,1545,1173,372,122,9.3,Amount Mismatch,174.04
BNK008,PRD004,2025-02-01,Feb-2025,1831,1568,263,93,21.1,Fraud,88.39
BNK008,PRD004,2025-03-01,Mar-2025,1386,1254,132,109,13.1,Customer Dispute,92.54
BNK008,PRD005,2024-04-01,Apr-2024,1626,1100,526,155,8.3,Fraud,79.81
BNK008,PRD005,2024-05-01,May-2024,1861,1380,481,136,4.5,Customer Dispute,361.48
BNK008,PRD005,2024-06-01,Jun-2024,1362,983,379,135,15.2,Duplicate Charge,39.19
BNK008,PRD005,2024-07-01,Jul-2024,1278,1079,199,58,12.9,Duplicate Charge,104.48
BNK008,PRD005,2024-08-01,Aug-2024,1233,631,602,87,17.9,Amount Mismatch,191.2
BNK008,PRD005,2024-09-01,Sep-2024,1759,1556,203,91,3.2,Unauthorized Transaction,354.84
BNK008,PRD005,2024-10-01,Oct-2024,1302,1043,259,74,13.1,Unauthorized Transaction,274.67
BNK008,PRD005,2024-11-01,Nov-2024,1381,1280,101,43,21.0,Fraud,81.52
BNK008,PRD005,2024-12-01,Dec-2024,1828,1413,415,62,5.7,Customer Dispute,196.03
BNK008,PRD005,2025-01-01,Jan-2025,1258,1061,197,93,6.4,Duplicate Charge,89.79
BNK008,PRD005,2025-02-01,Feb-2025,1735,1564,171,108,12.7,Unauthorized Transaction,418.41
BNK008,PRD005,2025-03-01,Mar-2025,1808,1425,383,139,22.7,Amount Mismatch,345.48
BNK009,PRD001,2024-04-01,Apr-2024,408,313,95,9,11.3,Goods Not Received,464.48
BNK009,PRD001,2024-05-01,May-2024,394,239,155,10,12.3,Unauthorized Transaction,169.22
BNK009,PRD001,2024-06-01,Jun-2024,358,286,72,13,22.4,Fraud,417.86
BNK009,PRD001,2024-07-01,Jul-2024,452,373,79,10,14.3,Fraud,164.24
BNK009,PRD001,2024-08-01,Aug-2024,432,252,180,15,14.9,Amount Mismatch,61.28
BNK009,PRD001,2024-09-01,Sep-2024,362,239,123,12,11.8,Duplicate Charge,6.98
BNK009,PRD001,2024-10-01,Oct-2024,362,216,146,26,9.1,Technical Failure,185.12
BNK009,PRD001,2024-11-01,Nov-2024,333,199,134,14,16.2,Unauthorized Transaction,356.55
BNK009,PRD001,2024-12-01,Dec-2024,478,437,41,31,8.5,Unauthorized Transaction,300.33
BNK009,PRD001,2025-01-01,Jan-2025,516,419,97,38,24.4,Customer Dispute,67.33
BNK009,PRD001,2025-02-01,Feb-2025,355,299,56,26,24.5,Customer Dispute,241.58
BNK009,PRD001,2025-03-01,Mar-2025,387,299,88,25,11.4,Customer Dispute,371.17
BNK009,PRD002,2024-04-01,Apr-2024,420,343,77,8,3.5,Fraud,448.49
BNK009,PRD002,2024-05-01,May-2024,381,317,64,30,16.6,Unauthorized Transaction,69.64
BNK009,PRD002,2024-06-01,Jun-2024,419,247,172,20,17.1,Goods Not Received,461.78
BNK009,PRD002,2024-07-01,Jul-2024,439,406,33,34,10.2,Duplicate Charge,159.45
BNK009,PRD002,2024-08-01,Aug-2024,477,247,230,39,12.1,Fraud,144.94
BNK009,PRD002,2024-09-01,Sep-2024,324,285,39,15,8.3,Technical Failure,27.98
BNK009,PRD002,2024-10-01,Oct-2024,503,475,28,42,18.3,Goods Not Received,304.42
BNK009,PRD002,2024-11-01,Nov-2024,396,255,141,21,3.1,Fraud,246.33
BNK009,PRD002,2024-12-01,Dec-2024,510,266,244,50,23.6,Goods Not Received,46.79
BNK009,PRD002,2025-01-01,Jan-2025,438,382,56,41,8.2,Unauthorized Transaction,213.69
BNK009,PRD002,2025-02-01,Feb-2025,413,237,176,14,12.3,Technical Failure,125.24
BNK009,PRD002,2025-03-01,Mar-2025,377,264,113,26,9.0,Fraud,241.1
BNK009,PRD003,2024-04-01,Apr-2024,510,337,173,25,13.4,Amount Mismatch,253.14
BNK009,PRD003,2024-05-01,May-2024,466,392,74,39,20.5,Unauthorized Transaction,381.2
BNK009,PRD003,2024-06-01,Jun-2024,405,217,188,37,9.6,Technical Failure,77.25
BNK009,PRD003,2024-07-01,Jul-2024,465,286,179,26,13.0,Amount Mismatch,281.51
BNK009,PRD003,2024-08-01,Aug-2024,416,270,146,32,7.3,Goods Not Received,3.09
BNK009,PRD003,2024-09-01,Sep-2024,492,407,85,24,11.9,Amount Mismatch,470.2
BNK009,PRD003,2024-10-01,Oct-2024,514,343,171,30,17.1,Technical Failure,36.55
BNK009,PRD003,2024-11-01,Nov-2024,496,469,27,14,23.5,Goods Not Received,97.92
BNK009,PRD003,2024-12-01,Dec-2024,407,250,157,37,18.9,Technical Failure,354.86
BNK009,PRD003,2025-01-01,Jan-2025,446,296,150,10,11.5,Amount Mismatch,368.1
BNK009,PRD003,2025-02-01,Feb-2025,368,189,179,31,16.9,Customer Dispute,15.1
BNK009,PRD003,2025-03-01,Mar-2025,453,256,197,31,23.8,Goods Not Received,127.89
BNK009,PRD004,2024-04-01,Apr-2024,440,408,32,38,3.3,Fraud,47.06
BNK009,PRD004,2024-05-01,May-2024,462,310,152,35,24.4,Unauthorized Transaction,259.75
BNK009,PRD004,2024-06-01,Jun-2024,357,246,111,30,8.6,Duplicate Charge,250.82
BNK009,PRD004,2024-07-01,Jul-2024,426,382,44,28,19.1,Fraud,438.32
BNK009,PRD004,2024-08-01,Aug-2024,465,251,214,32,20.1,Duplicate Charge,407.3
BNK009,PRD004,2024-09-01,Sep-2024,373,221,152,29,18.4,Unauthorized Transaction,493.53
BNK009,PRD004,2024-10-01,Oct-2024,483,241,242,12,18.3,Technical Failure,209.0
BNK009,PRD004,2024-11-01,Nov-2024,377,261,116,12,7.1,Goods Not Received,99.81
BNK009,PRD004,2024-12-01,Dec-2024,356,329,27,19,20.9,Goods Not Received,101.27
BNK009,PRD004,2025-01-01,Jan-2025,469,405,64,16,24.6,Fraud,204.99
BNK009,PRD004,2025-02-01,Feb-2025,445,347,98,39,6.7,Duplicate Charge,43.77
BNK009,PRD004,2025-03-01,Mar-2025,344,181,163,7,8.2,Amount Mismatch,336.73
BNK009,PRD005,2024-04-01,Apr-2024,340,179,161,27,3.2,Technical Failure,394.81
BNK009,PRD005,2024-05-01,May-2024,328,195,133,27,11.3,Technical Failure,493.46
BNK009,PRD005,2024-06-01,Jun-2024,472,433,39,27,10.4,Amount Mismatch,168.94
BNK009,PRD005,2024-07-01,Jul-2024,456,298,158,20,8.3,Duplicate Charge,332.87
BNK009,PRD005,2024-08-01,Aug-2024,395,207,188,19,10.3,Unauthorized Transaction,2.54
BNK009,PRD005,2024-09-01,Sep-2024,494,336,158,42,23.4,Unauthorized Transaction,301.35
BNK009,PRD005,2024-10-01,Oct-2024,493,308,185,37,20.9,Duplicate Charge,226.51
BNK009,PRD005,2024-11-01,Nov-2024,457,407,50,27,17.5,Unauthorized Transaction,493.1
BNK009,PRD005,2024-12-01,Dec-2024,511,442,69,10,10.9,Unauthorized Transaction,484.83
BNK009,PRD005,2025-01-01,Jan-2025,467,375,92,18,13.7,Customer Dispute,306.68
BNK009,PRD005,2025-02-01,Feb-2025,336,232,104,31,23.5,Customer Dispute,428.69
BNK009,PRD005,2025-03-01,Mar-2025,501,416,85,21,7.3,Goods Not Received,435.06
BNK010,PRD001,2024-04-01,Apr-2024,495,422,73,38,3.7,Amount Mismatch,398.61
BNK010,PRD001,2024-05-01,May-2024,380,305,75,24,22.2,Goods Not Received,448.31
BNK010,PRD001,2024-06-01,Jun-2024,511,366,145,32,8.4,Goods Not Received,376.87
BNK010,PRD001,2024-07-01,Jul-2024,451,243,208,24,18.7,Goods Not Received,464.57
BNK010,PRD001,2024-08-01,Aug-2024,385,258,127,16,18.8,Customer Dispute,238.67
BNK010,PRD001,2024-09-01,Sep-2024,499,277,222,15,14.8,Customer Dispute,246.49
BNK010,PRD001,2024-10-01,Oct-2024,479,311,168,18,15.7,Technical Failure,33.27
BNK010,PRD001,2024-11-01,Nov-2024,388,352,36,30,19.0,Customer Dispute,321.41
BNK010,PRD001,2024-12-01,Dec-2024,432,382,50,36,7.9,Unauthorized Transaction,146.2
BNK010,PRD001,2025-01-01,Jan-2025,342,223,119,23,7.1,Unauthorized Transaction,286.85
BNK010,PRD001,2025-02-01,Feb-2025,345,221,124,17,19.2,Duplicate Charge,31.88
BNK010,PRD001,2025-03-01,Mar-2025,427,376,51,42,10.0,Duplicate Charge,398.96
BNK010,PRD002,2024-04-01,Apr-2024,506,281,225,36,16.0,Unauthorized Transaction,198.26
BNK010,PRD002,2024-05-01,May-2024,427,302,125,13,23.7,Fraud,110.23
BNK010,PRD002,2024-06-01,Jun-2024,455,257,198,19,19.4,Fraud,400.84
BNK010,PRD002,2024-07-01,Jul-2024,460,353,107,20,24.8,Unauthorized Transaction,137.45
BNK010,PRD002,2024-08-01,Aug-2024,489,370,119,34,7.7,Duplicate Charge,352.37
BNK010,PRD002,2024-09-01,Sep-2024,395,371,24,18,21.2,Goods Not Received,424.19
BNK010,PRD002,2024-10-01,Oct-2024,506,304,202,39,23.3,Fraud,90.33
BNK010,PRD002,2024-11-01,Nov-2024,417,282,135,41,17.5,Fraud,80.44
BNK010,PRD002,2024-12-01,Dec-2024,324,219,105,17,13.4,Duplicate Charge,379.1
BNK010,PRD002,2025-01-01,Jan-2025,398,293,105,16,18.3,Goods Not Received,350.85
BNK010,PRD002,2025-02-01,Feb-2025,429,233,196,19,20.4,Fraud,402.73
BNK010,PRD002,2025-03-01,Mar-2025,489,400,89,27,6.6,Goods Not Received,221.5
BNK010,PRD003,2024-04-01,Apr-2024,416,375,41,15,20.7,Goods Not Received,367.92
BNK010,PRD003,2024-05-01,May-2024,321,265,56,21,17.9,Fraud,74.66
BNK010,PRD003,2024-06-01,Jun-2024,510,353,157,44,23.4,Unauthorized Transaction,178.44
BNK010,PRD003,2024-07-01,Jul-2024,414,383,31,12,14.3,Duplicate Charge,297.1
BNK010,PRD003,2024-08-01,Aug-2024,513,401,112,26,3.7,Goods Not Received,198.93
BNK010,PRD003,2024-09-01,Sep-2024,380,291,89,12,19.4,Fraud,346.21
BNK010,PRD003,2024-10-01,Oct-2024,479,381,98,39,22.0,Customer Dispute,191.67
BNK010,PRD003,2024-11-01,Nov-2024,446,312,134,9,5.6,Unauthorized Transaction,245.12
BNK010,PRD003,2024-12-01,Dec-2024,453,330,123,9,15.6,Technical Failure,240.27
BNK010,PRD003,2025-01-01,Jan-2025,458,248,210,30,11.4,Customer Dispute,351.67
BNK010,PRD003,2025-02-01,Feb-2025,379,210,169,17,18.7,Fraud,397.82
BNK010,PRD003,2025-03-01,Mar-2025,356,308,48,7,15.2,Technical Failure,391.95
BNK010,PRD004,2024-04-01,Apr-2024,426,225,201,37,14.9,Fraud,395.24
BNK010,PRD004,2024-05-01,May-2024,344,288,56,33,22.7,Goods Not Received,431.14
BNK010,PRD004,2024-06-01,Jun-2024,459,230,229,25,9.9,Unauthorized Transaction,65.28
BNK010,PRD004,2024-07-01,Jul-2024,361,206,155,23,21.7,Unauthorized Transaction,43.22
BNK010,PRD004,2024-08-01,Aug-2024,344,218,126,33,6.8,Customer Dispute,1.04
BNK010,PRD004,2024-09-01,Sep-2024,380,351,29,23,20.2,Customer Dispute,267.52
BNK010,PRD004,2024-10-01,Oct-2024,347,250,97,15,23.0,Duplicate Charge,303.48
BNK010,PRD004,2024-11-01,Nov-2024,422,341,81,30,4.0,Unauthorized Transaction,94.85
BNK010,PRD004,2024-12-01,Dec-2024,379,331,48,36,16.2,Goods Not Received,296.3
BNK010,PRD004,2025-01-01,Jan-2025,375,310,65,20,15.1,Duplicate Charge,191.51
BNK010,PRD004,2025-02-01,Feb-2025,500,340,160,13,8.6,Amount Mismatch,470.16
BNK010,PRD004,2025-03-01,Mar-2025,348,205,143,24,8.9,Customer Dispute,348.7
BNK010,PRD005,2024-04-01,Apr-2024,358,238,120,25,21.1,Technical Failure,82.86
BNK010,PRD005,2024-05-01,May-2024,484,310,174,40,11.3,Technical Failure,124.5
BNK010,PRD005,2024-06-01,Jun-2024,374,276,98,27,11.9,Duplicate Charge,320.45
BNK010,PRD005,2024-07-01,Jul-2024,392,254,138,16,22.1,Goods Not Received,137.55
BNK010,PRD005,2024-08-01,Aug-2024,339,318,21,12,23.9,Fraud,462.89
BNK010,PRD005,2024-09-01,Sep-2024,355,293,62,15,21.1,Amount Mismatch,48.67
BNK010,PRD005,2024-10-01,Oct-2024,389,294,95,16,9.0,Unauthorized Transaction,448.39
BNK010,PRD005,2024-11-01,Nov-2024,354,327,27,18,10.6,Customer Dispute,339.23
BNK010,PRD005,2024-12-01,Dec-2024,477,356,121,43,11.9,Technical Failure,64.66
BNK010,PRD005,2025-01-01,Jan-2025,321,234,87,10,5.8,Amount Mismatch,284.21
BNK010,PRD005,2025-02-01,Feb-2025,373,340,33,26,11.1,Fraud,125.31
BNK010,PRD005,2025-03-01,Mar-2025,441,360,81,15,24.7,Fraud,234.86
BNK011,PRD001,2024-04-01,Apr-2024,377,350,27,23,18.8,Fraud,115.15
BNK011,PRD001,2024-05-01,May-2024,447,240,207,19,20.0,Fraud,45.98
BNK011,PRD001,2024-06-01,Jun-2024,335,277,58,32,6.6,Unauthorized Transaction,43.21
BNK011,PRD001,2024-07-01,Jul-2024,377,346,31,31,3.2,Amount Mismatch,338.84
BNK011,PRD001,2024-08-01,Aug-2024,506,284,222,30,18.1,Customer Dispute,444.15
BNK011,PRD001,2024-09-01,Sep-2024,459,313,146,31,23.0,Customer Dispute,4.64
BNK011,PRD001,2024-10-01,Oct-2024,404,299,105,19,24.9,Customer Dispute,475.48
BNK011,PRD001,2024-11-01,Nov-2024,484,433,51,30,16.4,Technical Failure,224.88
BNK011,PRD001,2024-12-01,Dec-2024,353,324,29,28,22.9,Goods Not Received,38.49
BNK011,PRD001,2025-01-01,Jan-2025,487,356,131,46,12.3,Amount Mismatch,86.07
BNK011,PRD001,2025-02-01,Feb-2025,513,334,179,38,21.3,Fraud,383.44
BNK011,PRD001,2025-03-01,Mar-2025,343,217,126,14,7.7,Customer Dispute,315.96
BNK011,PRD002,2024-04-01,Apr-2024,398,364,34,37,24.1,Technical Failure,413.04
BNK011,PRD002,2024-05-01,May-2024,327,231,96,22,13.7,Duplicate Charge,3.94
BNK011,PRD002,2024-06-01,Jun-2024,412,261,151,11,10.7,Customer Dispute,93.89
BNK011,PRD002,2024-07-01,Jul-2024,390,212,178,23,4.9,Technical Failure,449.36
BNK011,PRD002,2024-08-01,Aug-2024,402,366,36,8,19.9,Duplicate Charge,113.82
BNK011,PRD002,2024-09-01,Sep-2024,399,253,146,21,7.0,Fraud,135.47
BNK011,PRD002,2024-10-01,Oct-2024,517,411,106,28,6.1,Customer Dispute,217.55
BNK011,PRD002,2024-11-01,Nov-2024,391,348,43,14,7.2,Unauthorized Transaction,67.71
BNK011,PRD002,2024-12-01,Dec-2024,404,262,142,9,17.7,Amount Mismatch,479.89
BNK011,PRD002,2025-01-01,Jan-2025,516,285,231,30,13.9,Customer Dispute,357.45
BNK011,PRD002,2025-02-01,Feb-2025,384,324,60,34,14.0,Customer Dispute,421.69
BNK011,PRD002,2025-03-01,Mar-2025,397,218,179,11,3.5,Goods Not Received,172.72
BNK011,PRD003,2024-04-01,Apr-2024,322,260,62,7,21.3,Amount Mismatch,488.24
BNK011,PRD003,2024-05-01,May-2024,467,324,143,20,13.7,Fraud,215.05
BNK011,PRD003,2024-06-01,Jun-2024,443,366,77,15,9.2,Unauthorized Transaction,432.22
BNK011,PRD003,2024-07-01,Jul-2024,518,316,202,44,7.4,Customer Dispute,391.58
BNK011,PRD003,2024-08-01,Aug-2024,340,281,59,23,7.2,Fraud,296.01
BNK011,PRD003,2024-09-01,Sep-2024,446,269,177,13,3.8,Goods Not Received,464.62
BNK011,PRD003,2024-10-01,Oct-2024,405,314,91,11,4.1,Amount Mismatch,262.96
BNK011,PRD003,2024-11-01,Nov-2024,460,432,28,17,12.4,Unauthorized Transaction,255.42
BNK011,PRD003,2024-12-01,Dec-2024,448,285,163,18,9.2,Duplicate Charge,356.08
BNK011,PRD003,2025-01-01,Jan-2025,369,333,36,12,3.0,Customer Dispute,372.63
BNK011,PRD003,2025-02-01,Feb-2025,362,257,105,33,5.2,Goods Not Received,126.88
BNK011,PRD003,2025-03-01,Mar-2025,418,271,147,12,17.7,Customer Dispute,276.33
BNK011,PRD004,2024-04-01,Apr-2024,492,319,173,39,11.0,Fraud,294.87
BNK011,PRD004,2024-05-01,May-2024,440,267,173,18,15.9,Unauthorized Transaction,443.71
BNK011,PRD004,2024-06-01,Jun-2024,346,288,58,10,15.9,Customer Dispute,408.89
BNK011,PRD004,2024-07-01,Jul-2024,358,250,108,9,23.7,Technical Failure,172.11
BNK011,PRD004,2024-08-01,Aug-2024,465,439,26,16,18.9,Unauthorized Transaction,64.79
BNK011,PRD004,2024-09-01,Sep-2024,403,330,73,36,19.7,Fraud,453.5
BNK011,PRD004,2024-10-01,Oct-2024,515,464,51,28,18.8,Amount Mismatch,34.79
BNK011,PRD004,2024-11-01,Nov-2024,403,370,33,24,3.5,Technical Failure,137.8
BNK011,PRD004,2024-12-01,Dec-2024,513,323,190,49,4.3,Customer Dispute,95.91
BNK011,PRD004,2025-01-01,Jan-2025,482,348,134,30,14.3,Unauthorized Transaction,83.59
BNK011,PRD004,2025-02-01,Feb-2025,470,316,154,38,11.8,Duplicate Charge,104.26
BNK011,PRD004,2025-03-01,Mar-2025,320,242,78,21,3.2,Fraud,256.89
BNK011,PRD005,2024-04-01,Apr-2024,420,346,74,17,21.8,Duplicate Charge,354.42
BNK011,PRD005,2024-05-01,May-2024,430,248,182,10,8.2,Unauthorized Transaction,320.17
BNK011,PRD005,2024-06-01,Jun-2024,508,317,191,15,22.2,Unauthorized Transaction,321.56
BNK011,PRD005,2024-07-01,Jul-2024,369,321,48,23,3.0,Duplicate Charge,316.71
BNK011,PRD005,2024-08-01,Aug-2024,514,332,182,49,22.4,Duplicate Charge,361.32
BNK011,PRD005,2024-09-01,Sep-2024,401,310,91,18,4.3,Fraud,6.19
BNK011,PRD005,2024-10-01,Oct-2024,391,324,67,16,8.6,Unauthorized Transaction,269.16
BNK011,PRD005,2024-11-01,Nov-2024,515,437,78,42,5.3,Customer Dispute,344.37
BNK011,PRD005,2024-12-01,Dec-2024,509,313,196,35,16.3,Goods Not Received,408.61
BNK011,PRD005,2025-01-01,Jan-2025,364,226,138,24,20.8,Fraud,198.34
BNK011,PRD005,2025-02-01,Feb-2025,409,338,71,22,6.3,Amount Mismatch,47.75
BNK011,PRD005,2025-03-01,Mar-2025,356,207,149,31,7.2,Amount Mismatch,471.73
BNK012,PRD001,2024-04-01,Apr-2024,356,223,133,15,22.5,Fraud,197.7
BNK012,PRD001,2024-05-01,May-2024,441,234,207,11,8.4,Customer Dispute,485.22
BNK012,PRD001,2024-06-01,Jun-2024,340,250,90,26,20.8,Technical Failure,50.77
BNK012,PRD001,2024-07-01,Jul-2024,396,217,179,8,21.3,Unauthorized Transaction,66.96
BNK012,PRD001,2024-08-01,Aug-2024,474,294,180,45,16.2,Fraud,483.21
BNK012,PRD001,2024-09-01,Sep-2024,511,279,232,40,10.4,Customer Dispute,43.4
BNK012,PRD001,2024-10-01,Oct-2024,347,292,55,31,20.9,Duplicate Charge,166.55
BNK012,PRD001,2024-11-01,Nov-2024,350,183,167,26,16.8,Unauthorized Transaction,11.58
BNK012,PRD001,2024-12-01,Dec-2024,328,244,84,9,22.5,Amount Mismatch,71.78
BNK012,PRD001,2025-01-01,Jan-2025,502,256,246,27,6.2,Customer Dispute,144.14
BNK012,PRD001,2025-02-01,Feb-2025,504,407,97,37,18.7,Unauthorized Transaction,246.42
BNK012,PRD001,2025-03-01,Mar-2025,518,311,207,49,9.2,Unauthorized Transaction,308.23
BNK012,PRD002,2024-04-01,Apr-2024,343,314,29,32,22.7,Technical Failure,76.4
BNK012,PRD002,2024-05-01,May-2024,405,263,142,13,12.4,Customer Dispute,343.89
BNK012,PRD002,2024-06-01,Jun-2024,444,279,165,39,9.0,Amount Mismatch,331.2
BNK012,PRD002,2024-07-01,Jul-2024,506,437,69,38,4.7,Unauthorized Transaction,431.0
BNK012,PRD002,2024-08-01,Aug-2024,515,437,78,16,6.3,Amount Mismatch,360.95
BNK012,PRD002,2024-09-01,Sep-2024,477,341,136,12,15.7,Customer Dispute,139.96
BNK012,PRD002,2024-10-01,Oct-2024,338,320,18,11,11.5,Duplicate Charge,247.61
BNK012,PRD002,2024-11-01,Nov-2024,416,390,26,28,17.0,Goods Not Received,401.27
BNK012,PRD002,2024-12-01,Dec-2024,450,274,176,24,13.9,Technical Failure,246.81
BNK012,PRD002,2025-01-01,Jan-2025,427,257,170,11,18.7,Technical Failure,289.36
BNK012,PRD002,2025-02-01,Feb-2025,458,383,75,34,8.2,Unauthorized Transaction,102.44
BNK012,PRD002,2025-03-01,Mar-2025,490,324,166,28,5.9,Unauthorized Transaction,30.73
BNK012,PRD003,2024-04-01,Apr-2024,389,343,46,34,21.0,Duplicate Charge,230.73
BNK012,PRD003,2024-05-01,May-2024,487,364,123,46,12.3,Goods Not Received,414.08
BNK012,PRD003,2024-06-01,Jun-2024,331,186,145,32,18.5,Amount Mismatch,366.81
BNK012,PRD003,2024-07-01,Jul-2024,459,317,142,11,5.3,Technical Failure,37.81
BNK012,PRD003,2024-08-01,Aug-2024,487,434,53,10,11.0,Unauthorized Transaction,123.28
BNK012,PRD003,2024-09-01,Sep-2024,322,281,41,17,19.8,Amount Mismatch,372.04
BNK012,PRD003,2024-10-01,Oct-2024,469,381,88,20,12.1,Duplicate Charge,222.54
BNK012,PRD003,2024-11-01,Nov-2024,448,226,222,12,4.3,Customer Dispute,17.03
BNK012,PRD003,2024-12-01,Dec-2024,470,341,129,9,21.3,Customer Dispute,474.17
BNK012,PRD003,2025-01-01,Jan-2025,410,336,74,16,15.6,Duplicate Charge,354.97
BNK012,PRD003,2025-02-01,Feb-2025,404,230,174,39,14.5,Goods Not Received,371.82
BNK012,PRD003,2025-03-01,Mar-2025,400,210,190,20,21.1,Technical Failure,302.94
BNK012,PRD004,2024-04-01,Apr-2024,335,271,64,19,17.4,Amount Mismatch,413.8
BNK012,PRD004,2024-05-01,May-2024,352,303,49,25,7.3,Unauthorized Transaction,53.1
BNK012,PRD004,2024-06-01,Jun-2024,392,333,59,18,8.3,Goods Not Received,271.24
BNK012,PRD004,2024-07-01,Jul-2024,333,255,78,26,9.8,Technical Failure,101.66
BNK012,PRD004,2024-08-01,Aug-2024,505,307,198,13,15.5,Unauthorized Transaction,282.31
BNK012,PRD004,2024-09-01,Sep-2024,478,248,230,21,23.8,Unauthorized Transaction,490.29
BNK012,PRD004,2024-10-01,Oct-2024,470,437,33,28,9.9,Amount Mismatch,363.12
BNK012,PRD004,2024-11-01,Nov-2024,514,419,95,14,12.0,Customer Dispute,252.29
BNK012,PRD004,2024-12-01,Dec-2024,420,356,64,9,20.5,Amount Mismatch,293.59
BNK012,PRD004,2025-01-01,Jan-2025,490,308,182,15,13.2,Customer Dispute,47.55
BNK012,PRD004,2025-02-01,Feb-2025,463,415,48,39,17.4,Fraud,359.56
BNK012,PRD004,2025-03-01,Mar-2025,518,375,143,51,16.4,Technical Failure,465.18
BNK012,PRD005,2024-04-01,Apr-2024,388,331,57,18,10.9,Fraud,470.13
BNK012,PRD005,2024-05-01,May-2024,328,269,59,24,8.3,Technical Failure,303.83
BNK012,PRD005,2024-06-01,Jun-2024,511,385,126,50,5.1,Unauthorized Transaction,72.17
BNK012,PRD005,2024-07-01,Jul-2024,494,368,126,48,20.2,Unauthorized Transaction,249.96
BNK012,PRD005,2024-08-01,Aug-2024,410,236,174,17,4.5,Technical Failure,182.3
BNK012,PRD005,2024-09-01,Sep-2024,337,195,142,27,8.7,Amount Mismatch,489.26
BNK012,PRD005,2024-10-01,Oct-2024,472,329,143,44,23.7,Technical Failure,244.64
BNK012,PRD005,2024-11-01,Nov-2024,392,246,146,20,16.6,Customer Dispute,65.36
BNK012,PRD005,2024-12-01,Dec-2024,393,345,48,37,11.2,Customer Dispute,207.18
BNK012,PRD005,2025-01-01,Jan-2025,410,366,44,40,3.9,Customer Dispute,29.47
BNK012,PRD005,2025-02-01,Feb-2025,478,389,89,31,6.4,Unauthorized Transaction,146.04
BNK012,PRD005,2025-03-01,Mar-2025,351,238,113,9,11.5,Amount Mismatch,334.91
BNK013,PRD001,2024-04-01,Apr-2024,389,276,113,24,21.0,Unauthorized Transaction,43.83
BNK013,PRD001,2024-05-01,May-2024,466,425,41,43,19.9,Goods Not Received,201.36
BNK013,PRD001,2024-06-01,Jun-2024,332,217,115,22,7.7,Customer Dispute,238.63
BNK013,PRD001,2024-07-01,Jul-2024,375,193,182,12,13.3,Customer Dispute,107.52
BNK013,PRD001,2024-08-01,Aug-2024,433,408,25,35,4.4,Fraud,181.38
BNK013,PRD001,2024-09-01,Sep-2024,406,289,117,9,22.1,Fraud,342.15
BNK013,PRD001,2024-10-01,Oct-2024,373,293,80,9,4.5,Amount Mismatch,41.77
BNK013,PRD001,2024-11-01,Nov-2024,494,347,147,26,7.7,Duplicate Charge,92.86
BNK013,PRD001,2024-12-01,Dec-2024,330,297,33,17,24.2,Duplicate Charge,83.1
BNK013,PRD001,2025-01-01,Jan-2025,389,267,122,22,18.2,Goods Not Received,482.83
BNK013,PRD001,2025-02-01,Feb-2025,407,370,37,26,21.1,Technical Failure,391.75
BNK013,PRD001,2025-03-01,Mar-2025,439,234,205,32,16.6,Duplicate Charge,332.37
BNK013,PRD002,2024-04-01,Apr-2024,484,401,83,41,19.1,Unauthorized Transaction,76.1
BNK013,PRD002,2024-05-01,May-2024,411,232,179,36,5.5,Customer Dispute,203.79
BNK013,PRD002,2024-06-01,Jun-2024,424,212,212,23,21.3,Goods Not Received,317.51
BNK013,PRD002,2024-07-01,Jul-2024,447,339,108,10,19.4,Goods Not Received,210.67
BNK013,PRD002,2024-08-01,Aug-2024,429,246,183,21,10.7,Goods Not Received,485.9
BNK013,PRD002,2024-09-01,Sep-2024,435,220,215,37,3.4,Duplicate Charge,251.54
BNK013,PRD002,2024-10-01,Oct-2024,493,401,92,35,13.0,Amount Mismatch,176.51
BNK013,PRD002,2024-11-01,Nov-2024,485,335,150,47,10.4,Goods Not Received,229.95
BNK013,PRD002,2024-12-01,Dec-2024,394,295,99,13,12.6,Duplicate Charge,422.7
BNK013,PRD002,2025-01-01,Jan-2025,457,318,139,19,16.6,Fraud,50.51
BNK013,PRD002,2025-02-01,Feb-2025,337,295,42,9,3.4,Amount Mismatch,52.73
BNK013,PRD002,2025-03-01,Mar-2025,469,366,103,29,16.9,Technical Failure,291.04
BNK013,PRD003,2024-04-01,Apr-2024,326,205,121,17,7.9,Amount Mismatch,276.24
BNK013,PRD003,2024-05-01,May-2024,342,302,40,32,10.7,Fraud,457.1
BNK013,PRD003,2024-06-01,Jun-2024,402,349,53,30,19.3,Unauthorized Transaction,469.87
BNK013,PRD003,2024-07-01,Jul-2024,476,346,130,19,17.5,Duplicate Charge,419.4
BNK013,PRD003,2024-08-01,Aug-2024,479,328,151,18,22.8,Amount Mismatch,17.3
BNK013,PRD003,2024-09-01,Sep-2024,325,278,47,28,14.4,Customer Dispute,300.37
BNK013,PRD003,2024-10-01,Oct-2024,387,360,27,38,8.3,Amount Mismatch,97.14
BNK013,PRD003,2024-11-01,Nov-2024,448,391,57,37,15.7,Goods Not Received,469.76
BNK013,PRD003,2024-12-01,Dec-2024,398,329,69,20,10.0,Goods Not Received,219.26
BNK013,PRD003,2025-01-01,Jan-2025,339,291,48,20,16.9,Fraud,196.61
BNK013,PRD003,2025-02-01,Feb-2025,472,430,42,41,6.5,Duplicate Charge,102.68
BNK013,PRD003,2025-03-01,Mar-2025,338,235,103,23,16.1,Unauthorized Transaction,309.43
BNK013,PRD004,2024-04-01,Apr-2024,428,401,27,28,3.6,Customer Dispute,66.14
BNK013,PRD004,2024-05-01,May-2024,410,321,89,19,8.3,Goods Not Received,149.16
BNK013,PRD004,2024-06-01,Jun-2024,427,260,167,35,20.3,Fraud,130.98
BNK013,PRD004,2024-07-01,Jul-2024,330,177,153,10,3.5,Technical Failure,433.6
BNK013,PRD004,2024-08-01,Aug-2024,342,313,29,10,6.1,Duplicate Charge,447.41
BNK013,PRD004,2024-09-01,Sep-2024,338,244,94,16,21.4,Amount Mismatch,51.24
BNK013,PRD004,2024-10-01,Oct-2024,479,328,151,28,16.8,Goods Not Received,343.98
BNK013,PRD004,2024-11-01,Nov-2024,395,253,142,36,20.8,Goods Not Received,150.08
BNK013,PRD004,2024-12-01,Dec-2024,500,398,102,35,21.8,Unauthorized Transaction,487.98
BNK013,PRD004,2025-01-01,Jan-2025,518,371,147,35,15.0,Goods Not Received,261.35
BNK013,PRD004,2025-02-01,Feb-2025,370,205,165,25,14.8,Technical Failure,256.36
BNK013,PRD004,2025-03-01,Mar-2025,350,311,39,10,7.8,Duplicate Charge,70.14
BNK013,PRD005,2024-04-01,Apr-2024,336,272,64,10,9.0,Goods Not Received,476.66
BNK013,PRD005,2024-05-01,May-2024,389,291,98,16,19.4,Amount Mismatch,218.59
BNK013,PRD005,2024-06-01,Jun-2024,509,465,44,20,7.4,Fraud,443.77
BNK013,PRD005,2024-07-01,Jul-2024,376,254,122,25,19.9,Duplicate Charge,83.66
BNK013,PRD005,2024-08-01,Aug-2024,361,297,64,19,12.8,Technical Failure,373.79
BNK013,PRD005,2024-09-01,Sep-2024,483,376,107,33,12.4,Technical Failure,177.1
BNK013,PRD005,2024-10-01,Oct-2024,499,433,66,27,22.6,Technical Failure,127.28
BNK013,PRD005,2024-11-01,Nov-2024,401,309,92,36,23.9,Technical Failure,176.77
BNK013,PRD005,2024-12-01,Dec-2024,325,188,137,14,20.4,Duplicate Charge,123.41
BNK013,PRD005,2025-01-01,Jan-2025,363,242,121,11,9.9,Unauthorized Transaction,159.98
BNK013,PRD005,2025-02-01,Feb-2025,322,208,114,18,20.5,Goods Not Received,281.26
BNK013,PRD005,2025-03-01,Mar-2025,397,306,91,24,5.3,Duplicate Charge,358.42
BNK014,PRD001,2024-04-01,Apr-2024,101,87,14,7,15.6,Customer Dispute,211.45
BNK014,PRD001,2024-05-01,May-2024,94,60,34,4,7.3,Fraud,247.47
BNK014,PRD001,2024-06-01,Jun-2024,65,40,25,1,13.0,Technical Failure,164.11
BNK014,PRD001,2024-07-01,Jul-2024,79,59,20,3,17.2,Fraud,288.3
BNK014,PRD001,2024-08-01,Aug-2024,64,45,19,1,24.3,Unauthorized Transaction,448.02
BNK014,PRD001,2024-09-01,Sep-2024,100,51,49,7,4.5,Unauthorized Transaction,415.1
BNK014,PRD001,2024-10-01,Oct-2024,80,50,30,3,10.6,Unauthorized Transaction,278.67
BNK014,PRD001,2024-11-01,Nov-2024,76,58,18,3,18.3,Amount Mismatch,247.17
BNK014,PRD001,2024-12-01,Dec-2024,89,80,9,7,23.6,Unauthorized Transaction,15.61
BNK014,PRD001,2025-01-01,Jan-2025,65,32,33,1,10.1,Customer Dispute,362.4
BNK014,PRD001,2025-02-01,Feb-2025,73,39,34,5,20.9,Fraud,451.54
BNK014,PRD001,2025-03-01,Mar-2025,103,94,9,9,8.7,Fraud,22.5
BNK014,PRD002,2024-04-01,Apr-2024,65,41,24,2,18.1,Fraud,406.43
BNK014,PRD002,2024-05-01,May-2024,74,42,32,2,13.1,Goods Not Received,160.35
BNK014,PRD002,2024-06-01,Jun-2024,69,52,17,6,22.7,Customer Dispute,223.94
BNK014,PRD002,2024-07-01,Jul-2024,68,50,18,4,17.5,Duplicate Charge,161.63
BNK014,PRD002,2024-08-01,Aug-2024,93,55,38,3,9.5,Unauthorized Transaction,177.15
BNK014,PRD002,2024-09-01,Sep-2024,97,59,38,6,21.8,Customer Dispute,39.93
BNK014,PRD002,2024-10-01,Oct-2024,102,53,49,2,7.8,Fraud,193.15
BNK014,PRD002,2024-11-01,Nov-2024,83,54,29,7,19.8,Technical Failure,429.37
BNK014,PRD002,2024-12-01,Dec-2024,94,60,34,5,6.4,Technical Failure,53.72
BNK014,PRD002,2025-01-01,Jan-2025,69,62,7,3,13.0,Technical Failure,257.22
BNK014,PRD002,2025-02-01,Feb-2025,95,55,40,4,6.6,Duplicate Charge,475.8
BNK014,PRD002,2025-03-01,Mar-2025,87,47,40,4,5.4,Unauthorized Transaction,121.04
BNK014,PRD003,2024-04-01,Apr-2024,99,57,42,2,17.6,Amount Mismatch,176.63
BNK014,PRD003,2024-05-01,May-2024,68,50,18,3,7.7,Amount Mismatch,251.59
BNK014,PRD003,2024-06-01,Jun-2024,84,44,40,3,5.2,Customer Dispute,191.88
BNK014,PRD003,2024-07-01,Jul-2024,101,59,42,3,6.9,Duplicate Charge,265.25
BNK014,PRD003,2024-08-01,Aug-2024,83,57,26,6,17.2,Unauthorized Transaction,110.57
BNK014,PRD003,2024-09-01,Sep-2024,66,34,32,2,4.4,Unauthorized Transaction,138.45
BNK014,PRD003,2024-10-01,Oct-2024,99,80,19,5,11.6,Goods Not Received,367.23
BNK014,PRD003,2024-11-01,Nov-2024,99,61,38,3,20.3,Duplicate Charge,318.81
BNK014,PRD003,2024-12-01,Dec-2024,92,57,35,1,7.1,Customer Dispute,311.44
BNK014,PRD003,2025-01-01,Jan-2025,93,82,11,6,6.7,Customer Dispute,35.66
BNK014,PRD003,2025-02-01,Feb-2025,71,64,7,2,3.3,Amount Mismatch,214.53
BNK014,PRD003,2025-03-01,Mar-2025,64,60,4,5,6.8,Fraud,426.69
BNK014,PRD004,2024-04-01,Apr-2024,87,81,6,5,13.7,Goods Not Received,236.81
BNK014,PRD004,2024-05-01,May-2024,65,33,32,4,9.4,Goods Not Received,263.11
BNK014,PRD004,2024-06-01,Jun-2024,70,39,31,1,9.7,Customer Dispute,168.5
BNK014,PRD004,2024-07-01,Jul-2024,83,54,29,5,17.6,Duplicate Charge,182.78
BNK014,PRD004,2024-08-01,Aug-2024,64,42,22,4,22.6,Fraud,332.3
BNK014,PRD004,2024-09-01,Sep-2024,98,86,12,5,8.9,Technical Failure,364.38
BNK014,PRD004,2024-10-01,Oct-2024,64,60,4,5,17.5,Goods Not Received,179.24
BNK014,PRD004,2024-11-01,Nov-2024,65,49,16,4,12.5,Goods Not Received,372.44
BNK014,PRD004,2024-12-01,Dec-2024,71,66,5,5,24.2,Customer Dispute,339.72
BNK014,PRD004,2025-01-01,Jan-2025,99,69,30,9,14.6,Duplicate Charge,455.25
BNK014,PRD004,2025-02-01,Feb-2025,77,49,28,5,23.8,Duplicate Charge,155.35
BNK014,PRD004,2025-03-01,Mar-2025,65,47,18,3,16.5,Amount Mismatch,397.87
BNK014,PRD005,2024-04-01,Apr-2024,86,73,13,4,5.4,Unauthorized Transaction,249.96
BNK014,PRD005,2024-05-01,May-2024,91,64,27,2,24.3,Technical Failure,279.51
BNK014,PRD005,2024-06-01,Jun-2024,70,50,20,1,9.5,Amount Mismatch,21.44
BNK014,PRD005,2024-07-01,Jul-2024,75,57,18,1,9.7,Amount Mismatch,176.78
BNK014,PRD005,2024-08-01,Aug-2024,97,50,47,3,22.3,Fraud,429.65
BNK014,PRD005,2024-09-01,Sep-2024,90,76,14,2,4.9,Duplicate Charge,72.18
BNK014,PRD005,2024-10-01,Oct-2024,93,64,29,8,9.4,Unauthorized Transaction,237.12
BNK014,PRD005,2024-11-01,Nov-2024,78,67,11,5,12.3,Unauthorized Transaction,446.62
BNK014,PRD005,2024-12-01,Dec-2024,100,76,24,3,12.6,Duplicate Charge,402.39
BNK014,PRD005,2025-01-01,Jan-2025,69,58,11,2,12.2,Goods Not Received,151.23
BNK014,PRD005,2025-02-01,Feb-2025,67,50,17,4,15.0,Amount Mismatch,391.42
BNK014,PRD005,2025-03-01,Mar-2025,97,52,45,6,18.3,Technical Failure,467.51
BNK015,PRD001,2024-04-01,Apr-2024,462,328,134,25,12.3,Amount Mismatch,231.18
BNK015,PRD001,2024-05-01,May-2024,502,256,246,40,4.9,Goods Not Received,307.99
BNK015,PRD001,2024-06-01,Jun-2024,380,231,149,23,5.8,Technical Failure,450.06
BNK015,PRD001,2024-07-01,Jul-2024,495,259,236,43,5.8,Customer Dispute,3.97
BNK015,PRD001,2024-08-01,Aug-2024,481,429,52,27,4.2,Unauthorized Transaction,135.82
BNK015,PRD001,2024-09-01,Sep-2024,517,283,234,34,21.1,Technical Failure,241.25
BNK015,PRD001,2024-10-01,Oct-2024,386,203,183,30,17.8,Customer Dispute,358.76
BNK015,PRD001,2024-11-01,Nov-2024,460,336,124,29,24.3,Goods Not Received,112.55
BNK015,PRD001,2024-12-01,Dec-2024,455,401,54,20,9.8,Unauthorized Transaction,403.0
BNK015,PRD001,2025-01-01,Jan-2025,444,262,182,11,6.4,Unauthorized Transaction,260.39
BNK015,PRD001,2025-02-01,Feb-2025,369,201,168,8,14.1,Amount Mismatch,28.77
BNK015,PRD001,2025-03-01,Mar-2025,344,234,110,33,21.0,Fraud,424.02
BNK015,PRD002,2024-04-01,Apr-2024,372,288,84,20,17.5,Unauthorized Transaction,216.74
BNK015,PRD002,2024-05-01,May-2024,447,260,187,38,17.5,Goods Not Received,256.25
BNK015,PRD002,2024-06-01,Jun-2024,459,270,189,26,9.4,Unauthorized Transaction,479.59
BNK015,PRD002,2024-07-01,Jul-2024,418,334,84,21,18.3,Unauthorized Transaction,232.52
BNK015,PRD002,2024-08-01,Aug-2024,482,273,209,20,5.6,Amount Mismatch,6.5
BNK015,PRD002,2024-09-01,Sep-2024,380,300,80,34,16.6,Unauthorized Transaction,454.15
BNK015,PRD002,2024-10-01,Oct-2024,390,219,171,35,13.1,Unauthorized Transaction,490.9
BNK015,PRD002,2024-11-01,Nov-2024,391,346,45,23,10.7,Customer Dispute,263.0
BNK015,PRD002,2024-12-01,Dec-2024,422,244,178,13,17.4,Technical Failure,170.31
BNK015,PRD002,2025-01-01,Jan-2025,463,395,68,19,19.8,Duplicate Charge,461.81
BNK015,PRD002,2025-02-01,Feb-2025,333,292,41,19,24.2,Technical Failure,329.83
BNK015,PRD002,2025-03-01,Mar-2025,435,399,36,35,14.6,Goods Not Received,349.19
BNK015,PRD003,2024-04-01,Apr-2024,437,332,105,29,21.3,Unauthorized Transaction,23.42
BNK015,PRD003,2024-05-01,May-2024,490,280,210,13,5.3,Customer Dispute,238.73
BNK015,PRD003,2024-06-01,Jun-2024,471,443,28,39,19.1,Goods Not Received,53.61
BNK015,PRD003,2024-07-01,Jul-2024,496,410,86,25,24.4,Unauthorized Transaction,31.9
BNK015,PRD003,2024-08-01,Aug-2024,370,191,179,29,12.7,Duplicate Charge,303.66
BNK015,PRD003,2024-09-01,Sep-2024,488,446,42,22,18.4,Amount Mismatch,67.48
BNK015,PRD003,2024-10-01,Oct-2024,447,335,112,15,13.8,Customer Dispute,143.76
BNK015,PRD003,2024-11-01,Nov-2024,360,206,154,30,20.8,Goods Not Received,43.92
BNK015,PRD003,2024-12-01,Dec-2024,324,301,23,8,3.7,Goods Not Received,446.75
BNK015,PRD003,2025-01-01,Jan-2025,391,267,124,24,4.6,Goods Not Received,341.5
BNK015,PRD003,2025-02-01,Feb-2025,511,422,89,31,7.2,Goods Not Received,285.61
BNK015,PRD003,2025-03-01,Mar-2025,414,272,142,28,15.3,Goods Not Received,401.0
BNK015,PRD004,2024-04-01,Apr-2024,407,318,89,36,15.5,Goods Not Received,391.41
BNK015,PRD004,2024-05-01,May-2024,379,209,170,14,16.2,Duplicate Charge,12.25
BNK015,PRD004,2024-06-01,Jun-2024,484,305,179,41,11.6,Duplicate Charge,34.91
BNK015,PRD004,2024-07-01,Jul-2024,494,462,32,12,15.7,Fraud,259.36
BNK015,PRD004,2024-08-01,Aug-2024,442,283,159,30,15.0,Unauthorized Transaction,291.8
BNK015,PRD004,2024-09-01,Sep-2024,507,478,29,36,3.7,Amount Mismatch,131.18
BNK015,PRD004,2024-10-01,Oct-2024,386,325,61,12,15.0,Customer Dispute,165.47
BNK015,PRD004,2024-11-01,Nov-2024,471,428,43,11,13.9,Fraud,474.05
BNK015,PRD004,2024-12-01,Dec-2024,500,408,92,40,3.8,Unauthorized Transaction,475.0
BNK015,PRD004,2025-01-01,Jan-2025,439,340,99,11,15.1,Goods Not Received,135.98
BNK015,PRD004,2025-02-01,Feb-2025,328,169,159,19,17.3,Amount Mismatch,239.32
BNK015,PRD004,2025-03-01,Mar-2025,476,425,51,18,23.5,Unauthorized Transaction,387.03
BNK015,PRD005,2024-04-01,Apr-2024,482,356,126,42,18.0,Customer Dispute,10.03
BNK015,PRD005,2024-05-01,May-2024,416,280,136,20,5.8,Customer Dispute,213.99
BNK015,PRD005,2024-06-01,Jun-2024,347,241,106,31,24.6,Duplicate Charge,176.54
BNK015,PRD005,2024-07-01,Jul-2024,388,354,34,15,5.0,Unauthorized Transaction,114.34
BNK015,PRD005,2024-08-01,Aug-2024,469,421,48,39,15.5,Fraud,8.43
BNK015,PRD005,2024-09-01,Sep-2024,463,400,63,12,5.8,Goods Not Received,142.02
BNK015,PRD005,2024-10-01,Oct-2024,382,294,88,34,25.0,Goods Not Received,303.46
BNK015,PRD005,2024-11-01,Nov-2024,415,230,185,10,8.5,Technical Failure,103.72
BNK015,PRD005,2024-12-01,Dec-2024,461,399,62,42,21.9,Amount Mismatch,356.85
BNK015,PRD005,2025-01-01,Jan-2025,508,432,76,22,17.4,Technical Failure,446.6
BNK015,PRD005,2025-02-01,Feb-2025,383,284,99,10,10.6,Amount Mismatch,353.05
BNK015,PRD005,2025-03-01,Mar-2025,444,277,167,16,6.0,Technical Failure,116.04
BNK016,PRD001,2024-04-01,Apr-2024,93,55,38,4,21.0,Goods Not Received,18.9
BNK016,PRD001,2024-05-01,May-2024,73,50,23,5,24.0,Unauthorized Transaction,249.95
BNK016,PRD001,2024-06-01,Jun-2024,65,40,25,3,21.2,Unauthorized Transaction,30.8
BNK016,PRD001,2024-07-01,Jul-2024,98,65,33,2,11.4,Amount Mismatch,23.16
BNK016,PRD001,2024-08-01,Aug-2024,72,41,31,3,4.1,Duplicate Charge,16.62
BNK016,PRD001,2024-09-01,Sep-2024,94,86,8,8,19.6,Duplicate Charge,461.43
BNK016,PRD001,2024-10-01,Oct-2024,100,86,14,6,19.7,Duplicate Charge,363.17
BNK016,PRD001,2024-11-01,Nov-2024,88,78,10,7,23.4,Fraud,29.5
BNK016,PRD001,2024-12-01,Dec-2024,68,45,23,5,17.9,Fraud,495.45
BNK016,PRD001,2025-01-01,Jan-2025,85,58,27,6,19.9,Duplicate Charge,82.11
BNK016,PRD001,2025-02-01,Feb-2025,79,66,13,7,5.9,Unauthorized Transaction,141.07
BNK016,PRD001,2025-03-01,Mar-2025,91,56,35,9,20.0,Duplicate Charge,169.43
BNK016,PRD002,2024-04-01,Apr-2024,79,61,18,3,17.5,Fraud,326.86
BNK016,PRD002,2024-05-01,May-2024,94,47,47,4,17.5,Fraud,132.99
BNK016,PRD002,2024-06-01,Jun-2024,71,50,21,3,13.3,Duplicate Charge,240.62
BNK016,PRD002,2024-07-01,Jul-2024,97,58,39,2,23.7,Duplicate Charge,448.63
BNK016,PRD002,2024-08-01,Aug-2024,86,79,7,4,8.7,Fraud,138.8
BNK016,PRD002,2024-09-01,Sep-2024,98,54,44,6,6.2,Technical Failure,328.33
BNK016,PRD002,2024-10-01,Oct-2024,73,58,15,2,14.1,Amount Mismatch,290.37
BNK016,PRD002,2024-11-01,Nov-2024,65,53,12,1,18.7,Duplicate Charge,487.67
BNK016,PRD002,2024-12-01,Dec-2024,64,56,8,5,14.9,Unauthorized Transaction,300.69
BNK016,PRD002,2025-01-01,Jan-2025,77,41,36,4,14.2,Goods Not Received,102.82
BNK016,PRD002,2025-02-01,Feb-2025,86,75,11,6,4.6,Amount Mismatch,438.05
BNK016,PRD002,2025-03-01,Mar-2025,69,44,25,5,10.4,Amount Mismatch,448.8
BNK016,PRD003,2024-04-01,Apr-2024,78,72,6,3,3.7,Duplicate Charge,23.26
BNK016,PRD003,2024-05-01,May-2024,101,91,10,2,16.4,Fraud,157.24
BNK016,PRD003,2024-06-01,Jun-2024,92,76,16,7,18.7,Goods Not Received,190.04
BNK016,PRD003,2024-07-01,Jul-2024,87,69,18,2,19.8,Customer Dispute,40.14
BNK016,PRD003,2024-08-01,Aug-2024,67,61,6,2,14.1,Technical Failure,315.53
BNK016,PRD003,2024-09-01,Sep-2024,93,69,24,2,22.3,Fraud,26.66
BNK016,PRD003,2024-10-01,Oct-2024,82,60,22,4,8.9,Fraud,288.05
BNK016,PRD003,2024-11-01,Nov-2024,100,64,36,8,24.5,Goods Not Received,228.45
BNK016,PRD003,2024-12-01,Dec-2024,93,51,42,3,19.1,Amount Mismatch,181.58
BNK016,PRD003,2025-01-01,Jan-2025,78,56,22,7,17.4,Technical Failure,115.94
BNK016,PRD003,2025-02-01,Feb-2025,95,57,38,8,24.7,Technical Failure,123.23
BNK016,PRD003,2025-03-01,Mar-2025,100,80,20,7,16.3,Fraud,144.16
BNK016,PRD004,2024-04-01,Apr-2024,76,40,36,4,24.6,Technical Failure,247.61
BNK016,PRD004,2024-05-01,May-2024,99,58,41,3,13.0,Goods Not Received,61.27
BNK016,PRD004,2024-06-01,Jun-2024,74,55,19,6,19.3,Goods Not Received,434.86
BNK016,PRD004,2024-07-01,Jul-2024,97,49,48,3,4.6,Technical Failure,433.57
BNK016,PRD004,2024-08-01,Aug-2024,100,90,10,4,11.9,Technical Failure,121.48
BNK016,PRD004,2024-09-01,Sep-2024,75,48,27,6,10.4,Technical Failure,308.7
BNK016,PRD004,2024-10-01,Oct-2024,103,53,50,8,10.8,Amount Mismatch,455.43
BNK016,PRD004,2024-11-01,Nov-2024,89,74,15,4,19.7,Customer Dispute,68.17
BNK016,PRD004,2024-12-01,Dec-2024,71,59,12,6,23.6,Unauthorized Transaction,76.98
BNK016,PRD004,2025-01-01,Jan-2025,64,49,15,4,13.0,Duplicate Charge,219.85
BNK016,PRD004,2025-02-01,Feb-2025,84,64,20,8,5.1,Duplicate Charge,247.15
BNK016,PRD004,2025-03-01,Mar-2025,65,47,18,4,14.2,Amount Mismatch,143.34
BNK016,PRD005,2024-04-01,Apr-2024,79,66,13,7,3.9,Customer Dispute,441.31
BNK016,PRD005,2024-05-01,May-2024,93,64,29,3,22.4,Duplicate Charge,50.63
BNK016,PRD005,2024-06-01,Jun-2024,75,41,34,3,12.7,Goods Not Received,144.95
BNK016,PRD005,2024-07-01,Jul-2024,100,94,6,8,23.3,Customer Dispute,140.04
BNK016,PRD005,2024-08-01,Aug-2024,67,50,17,4,6.7,Technical Failure,451.37
BNK016,PRD005,2024-09-01,Sep-2024,102,75,27,8,3.1,Fraud,411.38
BNK016,PRD005,2024-10-01,Oct-2024,78,48,30,7,12.4,Amount Mismatch,260.93
BNK016,PRD005,2024-11-01,Nov-2024,97,61,36,2,18.5,Fraud,60.85
BNK016,PRD005,2024-12-01,Dec-2024,99,71,28,2,6.0,Duplicate Charge,366.09
BNK016,PRD005,2025-01-01,Jan-2025,68,44,24,1,20.5,Customer Dispute,38.1
BNK016,PRD005,2025-02-01,Feb-2025,70,45,25,3,19.2,Customer Dispute,388.75
BNK016,PRD005,2025-03-01,Mar-2025,92,59,33,8,12.5,Customer Dispute,397.3
BNK017,PRD001,2024-04-01,Apr-2024,76,66,10,5,22.3,Unauthorized Transaction,474.64
BNK017,PRD001,2024-05-01,May-2024,89,54,35,5,22.2,Goods Not Received,337.0
BNK017,PRD001,2024-06-01,Jun-2024,74,42,32,6,19.1,Duplicate Charge,66.76
BNK017,PRD001,2024-07-01,Jul-2024,89,48,41,5,18.9,Goods Not Received,2.6
BNK017,PRD001,2024-08-01,Aug-2024,66,49,17,2,6.9,Amount Mismatch,344.3
BNK017,PRD001,2024-09-01,Sep-2024,88,68,20,3,10.7,Technical Failure,328.81
BNK017,PRD001,2024-10-01,Oct-2024,71,45,26,2,9.4,Amount Mismatch,245.62
BNK017,PRD001,2024-11-01,Nov-2024,89,68,21,5,9.5,Goods Not Received,57.07
BNK017,PRD001,2024-12-01,Dec-2024,99,83,16,4,24.3,Duplicate Charge,124.45
BNK017,PRD001,2025-01-01,Jan-2025,80,46,34,7,17.5,Duplicate Charge,348.79
BNK017,PRD001,2025-02-01,Feb-2025,92,78,14,5,20.7,Amount Mismatch,300.93
BNK017,PRD001,2025-03-01,Mar-2025,91,46,45,3,7.7,Fraud,391.63
BNK017,PRD002,2024-04-01,Apr-2024,66,55,11,2,10.0,Amount Mismatch,404.71
BNK017,PRD002,2024-05-01,May-2024,81,50,31,1,13.7,Goods Not Received,170.58
BNK017,PRD002,2024-06-01,Jun-2024,96,61,35,5,15.6,Goods Not Received,268.47
BNK017,PRD002,2024-07-01,Jul-2024,95,52,43,9,16.4,Goods Not Received,302.88
BNK017,PRD002,2024-08-01,Aug-2024,64,52,12,5,5.0,Customer Dispute,167.31
BNK017,PRD002,2024-09-01,Sep-2024,78,65,13,1,4.1,Goods Not Received,181.69
BNK017,PRD002,2024-10-01,Oct-2024,71,40,31,4,21.9,Goods Not Received,145.8
BNK017,PRD002,2024-11-01,Nov-2024,70,46,24,3,15.2,Goods Not Received,470.07
BNK017,PRD002,2024-12-01,Dec-2024,65,33,32,6,5.3,Amount Mismatch,395.88
BNK017,PRD002,2025-01-01,Jan-2025,65,40,25,1,16.9,Customer Dispute,124.41
BNK017,PRD002,2025-02-01,Feb-2025,74,41,33,6,17.4,Goods Not Received,409.33
BNK017,PRD002,2025-03-01,Mar-2025,99,87,12,2,14.1,Customer Dispute,381.43
BNK017,PRD003,2024-04-01,Apr-2024,80,40,40,6,16.3,Goods Not Received,48.68
BNK017,PRD003,2024-05-01,May-2024,87,58,29,7,21.9,Fraud,162.54
BNK017,PRD003,2024-06-01,Jun-2024,84,42,42,3,7.5,Duplicate Charge,484.66
BNK017,PRD003,2024-07-01,Jul-2024,87,58,29,4,7.9,Amount Mismatch,280.94
BNK017,PRD003,2024-08-01,Aug-2024,83,75,8,5,8.4,Unauthorized Transaction,496.58
BNK017,PRD003,2024-09-01,Sep-2024,93,86,7,7,18.7,Amount Mismatch,112.81
BNK017,PRD003,2024-10-01,Oct-2024,103,69,34,3,11.1,Technical Failure,55.37
BNK017,PRD003,2024-11-01,Nov-2024,76,42,34,5,4.8,Technical Failure,85.46
BNK017,PRD003,2024-12-01,Dec-2024,98,70,28,3,6.1,Technical Failure,419.2
BNK017,PRD003,2025-01-01,Jan-2025,84,73,11,6,4.3,Amount Mismatch,126.76
BNK017,PRD003,2025-02-01,Feb-2025,76,49,27,2,10.1,Technical Failure,299.77
BNK017,PRD003,2025-03-01,Mar-2025,98,60,38,3,15.4,Amount Mismatch,273.25
BNK017,PRD004,2024-04-01,Apr-2024,76,60,16,3,18.6,Technical Failure,277.85
BNK017,PRD004,2024-05-01,May-2024,93,77,16,8,12.4,Unauthorized Transaction,188.47
BNK017,PRD004,2024-06-01,Jun-2024,94,53,41,7,6.7,Amount Mismatch,435.0
BNK017,PRD004,2024-07-01,Jul-2024,68,61,7,4,16.8,Technical Failure,244.11
BNK017,PRD004,2024-08-01,Aug-2024,93,69,24,4,9.5,Amount Mismatch,497.88
BNK017,PRD004,2024-09-01,Sep-2024,92,82,10,3,10.1,Duplicate Charge,282.34
BNK017,PRD004,2024-10-01,Oct-2024,70,44,26,5,20.7,Customer Dispute,186.26
BNK017,PRD004,2024-11-01,Nov-2024,88,62,26,3,10.3,Customer Dispute,360.34
BNK017,PRD004,2024-12-01,Dec-2024,98,54,44,6,21.2,Unauthorized Transaction,159.53
BNK017,PRD004,2025-01-01,Jan-2025,71,50,21,7,3.1,Customer Dispute,94.65
BNK017,PRD004,2025-02-01,Feb-2025,91,67,24,4,4.3,Amount Mismatch,297.63
BNK017,PRD004,2025-03-01,Mar-2025,66,51,15,5,10.6,Unauthorized Transaction,464.01
BNK017,PRD005,2024-04-01,Apr-2024,74,64,10,6,15.9,Duplicate Charge,184.27
BNK017,PRD005,2024-05-01,May-2024,94,86,8,6,17.1,Goods Not Received,39.66
BNK017,PRD005,2024-06-01,Jun-2024,70,58,12,2,8.8,Unauthorized Transaction,64.23
BNK017,PRD005,2024-07-01,Jul-2024,84,66,18,4,15.7,Fraud,296.49
BNK017,PRD005,2024-08-01,Aug-2024,75,64,11,6,17.7,Amount Mismatch,105.44
BNK017,PRD005,2024-09-01,Sep-2024,64,38,26,2,23.5,Technical Failure,74.1
BNK017,PRD005,2024-10-01,Oct-2024,70,62,8,3,22.7,Unauthorized Transaction,69.35
BNK017,PRD005,2024-11-01,Nov-2024,96,66,30,5,9.7,Fraud,59.53
BNK017,PRD005,2024-12-01,Dec-2024,86,57,29,4,13.4,Duplicate Charge,419.49
BNK017,PRD005,2025-01-01,Jan-2025,76,40,36,5,7.7,Goods Not Received,472.8
BNK017,PRD005,2025-02-01,Feb-2025,97,79,18,8,15.3,Amount Mismatch,347.85
BNK017,PRD005,2025-03-01,Mar-2025,74,41,33,6,17.3,Goods Not Received,13.62
BNK018,PRD001,2024-04-01,Apr-2024,78,55,23,5,19.0,Goods Not Received,308.87
BNK018,PRD001,2024-05-01,May-2024,99,90,9,3,11.2,Customer Dispute,497.72
BNK018,PRD001,2024-06-01,Jun-2024,71,47,24,2,15.9,Duplicate Charge,47.96
BNK018,PRD001,2024-07-01,Jul-2024,78,47,31,7,16.3,Unauthorized Transaction,323.96
BNK018,PRD001,2024-08-01,Aug-2024,89,60,29,8,18.5,Duplicate Charge,313.01
BNK018,PRD001,2024-09-01,Sep-2024,102,88,14,9,23.4,Technical Failure,316.49
BNK018,PRD001,2024-10-01,Oct-2024,83,59,24,7,19.5,Fraud,52.84
BNK018,PRD001,2024-11-01,Nov-2024,78,60,18,6,18.5,Goods Not Received,435.59
BNK018,PRD001,2024-12-01,Dec-2024,69,47,22,6,4.2,Customer Dispute,355.58
BNK018,PRD001,2025-01-01,Jan-2025,76,67,9,3,21.8,Customer Dispute,307.39
BNK018,PRD001,2025-02-01,Feb-2025,64,56,8,5,10.0,Customer Dispute,85.44
BNK018,PRD001,2025-03-01,Mar-2025,103,84,19,5,3.3,Customer Dispute,202.18
BNK018,PRD002,2024-04-01,Apr-2024,97,77,20,2,21.2,Technical Failure,74.61
BNK018,PRD002,2024-05-01,May-2024,74,42,32,1,16.4,Customer Dispute,253.23
BNK018,PRD002,2024-06-01,Jun-2024,70,58,12,6,3.1,Duplicate Charge,280.72
BNK018,PRD002,2024-07-01,Jul-2024,68,48,20,5,4.9,Amount Mismatch,44.99
BNK018,PRD002,2024-08-01,Aug-2024,100,58,42,2,10.0,Customer Dispute,482.92
BNK018,PRD002,2024-09-01,Sep-2024,94,80,14,3,11.2,Unauthorized Transaction,438.72
BNK018,PRD002,2024-10-01,Oct-2024,101,64,37,7,23.7,Fraud,96.35
BNK018,PRD002,2024-11-01,Nov-2024,94,52,42,2,18.5,Goods Not Received,140.2
BNK018,PRD002,2024-12-01,Dec-2024,86,59,27,7,9.0,Goods Not Received,89.38
BNK018,PRD002,2025-01-01,Jan-2025,75,61,14,3,13.8,Technical Failure,182.44
BNK018,PRD002,2025-02-01,Feb-2025,94,69,25,8,18.1,Goods Not Received,19.33
BNK018,PRD002,2025-03-01,Mar-2025,97,65,32,6,7.6,Customer Dispute,217.49
BNK018,PRD003,2024-04-01,Apr-2024,89,71,18,3,10.5,Technical Failure,276.25
BNK018,PRD003,2024-05-01,May-2024,93,57,36,5,7.6,Goods Not Received,234.38
BNK018,PRD003,2024-06-01,Jun-2024,65,35,30,4,7.1,Goods Not Received,234.16
BNK018,PRD003,2024-07-01,Jul-2024,76,57,19,5,22.8,Duplicate Charge,350.94
BNK018,PRD003,2024-08-01,Aug-2024,89,79,10,1,12.3,Duplicate Charge,169.0
BNK018,PRD003,2024-09-01,Sep-2024,100,58,42,4,6.6,Technical Failure,93.89
BNK018,PRD003,2024-10-01,Oct-2024,64,55,9,3,15.7,Amount Mismatch,365.75
BNK018,PRD003,2024-11-01,Nov-2024,82,49,33,6,16.2,Amount Mismatch,339.6
BNK018,PRD003,2024-12-01,Dec-2024,76,71,5,6,19.8,Technical Failure,54.82
BNK018,PRD003,2025-01-01,Jan-2025,81,50,31,5,16.0,Goods Not Received,256.59
BNK018,PRD003,2025-02-01,Feb-2025,100,89,11,9,23.7,Goods Not Received,475.8
BNK018,PRD003,2025-03-01,Mar-2025,86,48,38,6,20.3,Unauthorized Transaction,485.19
BNK018,PRD004,2024-04-01,Apr-2024,76,64,12,6,13.1,Goods Not Received,230.83
BNK018,PRD004,2024-05-01,May-2024,90,53,37,3,9.8,Goods Not Received,118.86
BNK018,PRD004,2024-06-01,Jun-2024,72,38,34,2,18.1,Fraud,388.03
BNK018,PRD004,2024-07-01,Jul-2024,64,36,28,1,15.1,Amount Mismatch,349.69
BNK018,PRD004,2024-08-01,Aug-2024,100,80,20,8,18.5,Fraud,458.56
BNK018,PRD004,2024-09-01,Sep-2024,79,50,29,7,11.8,Duplicate Charge,449.11
BNK018,PRD004,2024-10-01,Oct-2024,96,79,17,5,11.7,Unauthorized Transaction,174.09
BNK018,PRD004,2024-11-01,Nov-2024,90,84,6,1,22.5,Goods Not Received,384.15
BNK018,PRD004,2024-12-01,Dec-2024,78,50,28,6,16.4,Fraud,199.69
BNK018,PRD004,2025-01-01,Jan-2025,67,40,27,4,4.0,Duplicate Charge,218.26
BNK018,PRD004,2025-02-01,Feb-2025,77,61,16,4,9.3,Amount Mismatch,337.96
BNK018,PRD004,2025-03-01,Mar-2025,83,51,32,8,6.9,Amount Mismatch,341.49
BNK018,PRD005,2024-04-01,Apr-2024,97,68,29,2,18.1,Unauthorized Transaction,328.28
BNK018,PRD005,2024-05-01,May-2024,80,69,11,2,5.8,Technical Failure,192.61
BNK018,PRD005,2024-06-01,Jun-2024,82,58,24,7,11.8,Fraud,28.2
BNK018,PRD005,2024-07-01,Jul-2024,80,66,14,2,20.8,Amount Mismatch,251.53
BNK018,PRD005,2024-08-01,Aug-2024,95,77,18,8,24.4,Unauthorized Transaction,392.96
BNK018,PRD005,2024-09-01,Sep-2024,103,76,27,5,17.8,Goods Not Received,4.47
BNK018,PRD005,2024-10-01,Oct-2024,101,82,19,4,14.3,Technical Failure,364.09
BNK018,PRD005,2024-11-01,Nov-2024,82,42,40,3,5.7,Amount Mismatch,230.67
BNK018,PRD005,2024-12-01,Dec-2024,66,50,16,3,12.4,Customer Dispute,148.78
BNK018,PRD005,2025-01-01,Jan-2025,96,71,25,3,10.9,Unauthorized Transaction,223.94
BNK018,PRD005,2025-02-01,Feb-2025,75,38,37,2,19.1,Technical Failure,369.6
BNK018,PRD005,2025-03-01,Mar-2025,73,39,34,2,19.0,Customer Dispute,247.23
BNK019,PRD001,2024-04-01,Apr-2024,99,64,35,5,16.6,Fraud,451.89
BNK019,PRD001,2024-05-01,May-2024,101,87,14,6,3.9,Duplicate Charge,187.02
BNK019,PRD001,2024-06-01,Jun-2024,69,64,5,4,22.4,Amount Mismatch,256.8
BNK019,PRD001,2024-07-01,Jul-2024,93,60,33,6,9.6,Amount Mismatch,12.17
BNK019,PRD001,2024-08-01,Aug-2024,102,62,40,7,22.4,Fraud,456.26
BNK019,PRD001,2024-09-01,Sep-2024,102,87,15,6,24.9,Technical Failure,257.51
BNK019,PRD001,2024-10-01,Oct-2024,98,59,39,8,11.2,Amount Mismatch,108.39
BNK019,PRD001,2024-11-01,Nov-2024,101,62,39,7,7.1,Technical Failure,336.05
BNK019,PRD001,2024-12-01,Dec-2024,88,80,8,6,9.0,Amount Mismatch,104.36
BNK019,PRD001,2025-01-01,Jan-2025,95,75,20,3,13.2,Fraud,487.97
BNK019,PRD001,2025-02-01,Feb-2025,76,45,31,1,10.1,Unauthorized Transaction,306.08
BNK019,PRD001,2025-03-01,Mar-2025,93,71,22,5,12.3,Technical Failure,165.05
BNK019,PRD002,2024-04-01,Apr-2024,79,72,7,1,10.5,Duplicate Charge,411.49
BNK019,PRD002,2024-05-01,May-2024,70,61,9,4,14.7,Goods Not Received,336.82
BNK019,PRD002,2024-06-01,Jun-2024,74,38,36,6,24.3,Customer Dispute,243.78
BNK019,PRD002,2024-07-01,Jul-2024,103,55,48,8,14.7,Duplicate Charge,146.62
BNK019,PRD002,2024-08-01,Aug-2024,76,61,15,1,16.7,Goods Not Received,312.51
BNK019,PRD002,2024-09-01,Sep-2024,86,59,27,6,19.5,Duplicate Charge,278.66
BNK019,PRD002,2024-10-01,Oct-2024,83,50,33,7,5.9,Technical Failure,474.46
BNK019,PRD002,2024-11-01,Nov-2024,68,46,22,2,5.4,Duplicate Charge,90.13
BNK019,PRD002,2024-12-01,Dec-2024,70,59,11,5,11.8,Amount Mismatch,176.66
BNK019,PRD002,2025-01-01,Jan-2025,72,65,7,3,20.0,Customer Dispute,53.71
BNK019,PRD002,2025-02-01,Feb-2025,99,92,7,8,10.0,Technical Failure,266.72
BNK019,PRD002,2025-03-01,Mar-2025,73,49,24,5,9.3,Amount Mismatch,79.33
BNK019,PRD003,2024-04-01,Apr-2024,98,66,32,1,21.3,Fraud,232.55
BNK019,PRD003,2024-05-01,May-2024,70,63,7,3,17.4,Amount Mismatch,205.74
BNK019,PRD003,2024-06-01,Jun-2024,89,69,20,2,16.6,Unauthorized Transaction,300.18
BNK019,PRD003,2024-07-01,Jul-2024,93,86,7,4,8.5,Technical Failure,313.12
BNK019,PRD003,2024-08-01,Aug-2024,91,84,7,1,16.2,Fraud,327.4
BNK019,PRD003,2024-09-01,Sep-2024,86,76,10,7,6.6,Duplicate Charge,361.81
BNK019,PRD003,2024-10-01,Oct-2024,73,52,21,5,7.4,Goods Not Received,147.2
BNK019,PRD003,2024-11-01,Nov-2024,99,58,41,5,8.4,Technical Failure,222.38
BNK019,PRD003,2024-12-01,Dec-2024,73,42,31,4,17.1,Fraud,302.4
BNK019,PRD003,2025-01-01,Jan-2025,77,70,7,2,13.2,Unauthorized Transaction,4.43
BNK019,PRD003,2025-02-01,Feb-2025,65,52,13,5,24.9,Fraud,193.27
BNK019,PRD003,2025-03-01,Mar-2025,95,88,7,8,14.8,Customer Dispute,388.52
BNK019,PRD004,2024-04-01,Apr-2024,89,65,24,1,13.6,Customer Dispute,30.83
BNK019,PRD004,2024-05-01,May-2024,96,83,13,7,3.9,Amount Mismatch,358.6
BNK019,PRD004,2024-06-01,Jun-2024,84,66,18,4,5.7,Goods Not Received,423.69
BNK019,PRD004,2024-07-01,Jul-2024,94,71,23,7,18.9,Duplicate Charge,207.03
BNK019,PRD004,2024-08-01,Aug-2024,77,70,7,6,7.6,Unauthorized Transaction,165.68
BNK019,PRD004,2024-09-01,Sep-2024,91,64,27,6,19.6,Fraud,130.74
BNK019,PRD004,2024-10-01,Oct-2024,75,52,23,6,18.4,Technical Failure,138.37
BNK019,PRD004,2024-11-01,Nov-2024,65,36,29,4,3.6,Duplicate Charge,282.21
BNK019,PRD004,2024-12-01,Dec-2024,92,58,34,7,15.5,Duplicate Charge,238.17
BNK019,PRD004,2025-01-01,Jan-2025,81,51,30,6,18.3,Goods Not Received,304.12
BNK019,PRD004,2025-02-01,Feb-2025,98,60,38,3,21.7,Technical Failure,152.18
BNK019,PRD004,2025-03-01,Mar-2025,87,53,34,6,19.4,Technical Failure,203.52
BNK019,PRD005,2024-04-01,Apr-2024,88,50,38,4,6.4,Fraud,251.05
BNK019,PRD005,2024-05-01,May-2024,84,56,28,7,17.3,Fraud,263.09
BNK019,PRD005,2024-06-01,Jun-2024,71,64,7,1,23.8,Duplicate Charge,113.19
BNK019,PRD005,2024-07-01,Jul-2024,72,40,32,4,19.0,Unauthorized Transaction,325.35
BNK019,PRD005,2024-08-01,Aug-2024,78,55,23,7,22.9,Fraud,373.38
BNK019,PRD005,2024-09-01,Sep-2024,96,82,14,8,19.3,Duplicate Charge,332.46
BNK019,PRD005,2024-10-01,Oct-2024,79,43,36,3,4.5,Technical Failure,480.87
BNK019,PRD005,2024-11-01,Nov-2024,97,71,26,2,20.6,Amount Mismatch,283.78
BNK019,PRD005,2024-12-01,Dec-2024,73,44,29,5,18.2,Customer Dispute,428.9
BNK019,PRD005,2025-01-01,Jan-2025,73,60,13,2,24.5,Duplicate Charge,276.44
BNK019,PRD005,2025-02-01,Feb-2025,67,39,28,5,4.4,Goods Not Received,261.76
BNK019,PRD005,2025-03-01,Mar-2025,66,39,27,4,15.8,Amount Mismatch,50.04
BNK020,PRD001,2024-04-01,Apr-2024,99,51,48,8,4.6,Amount Mismatch,59.09
BNK020,PRD001,2024-05-01,May-2024,67,39,28,4,7.7,Amount Mismatch,150.68
BNK020,PRD001,2024-06-01,Jun-2024,64,44,20,5,18.8,Amount Mismatch,388.92
BNK020,PRD001,2024-07-01,Jul-2024,71,61,10,4,13.0,Unauthorized Transaction,126.62
BNK020,PRD001,2024-08-01,Aug-2024,80,49,31,5,10.2,Amount Mismatch,257.59
BNK020,PRD001,2024-09-01,Sep-2024,102,64,38,9,8.5,Duplicate Charge,339.24
BNK020,PRD001,2024-10-01,Oct-2024,84,65,19,2,19.6,Goods Not Received,244.3
BNK020,PRD001,2024-11-01,Nov-2024,76,71,5,4,6.6,Unauthorized Transaction,380.46
BNK020,PRD001,2024-12-01,Dec-2024,90,48,42,8,10.5,Customer Dispute,269.76
BNK020,PRD001,2025-01-01,Jan-2025,71,60,11,5,7.7,Technical Failure,153.39
BNK020,PRD001,2025-02-01,Feb-2025,94,66,28,7,23.4,Goods Not Received,285.93
BNK020,PRD001,2025-03-01,Mar-2025,70,39,31,5,20.3,Fraud,79.81
BNK020,PRD002,2024-04-01,Apr-2024,90,58,32,5,13.4,Technical Failure,394.59
BNK020,PRD002,2024-05-01,May-2024,95,59,36,8,13.4,Fraud,417.39
BNK020,PRD002,2024-06-01,Jun-2024,78,49,29,6,21.2,Duplicate Charge,225.4
BNK020,PRD002,2024-07-01,Jul-2024,81,54,27,4,19.8,Amount Mismatch,28.6
BNK020,PRD002,2024-08-01,Aug-2024,80,63,17,2,13.1,Duplicate Charge,10.72
BNK020,PRD002,2024-09-01,Sep-2024,92,54,38,7,9.5,Duplicate Charge,12.82
BNK020,PRD002,2024-10-01,Oct-2024,81,54,27,5,19.3,Fraud,108.27
BNK020,PRD002,2024-11-01,Nov-2024,84,74,10,2,8.3,Duplicate Charge,361.7
BNK020,PRD002,2024-12-01,Dec-2024,101,77,24,9,23.8,Fraud,330.05
BNK020,PRD002,2025-01-01,Jan-2025,91,82,9,5,9.2,Technical Failure,293.47
BNK020,PRD002,2025-02-01,Feb-2025,66,34,32,3,14.8,Amount Mismatch,461.88
BNK020,PRD002,2025-03-01,Mar-2025,68,38,30,5,10.1,Fraud,366.49
BNK020,PRD003,2024-04-01,Apr-2024,96,85,11,6,15.6,Technical Failure,44.91
BNK020,PRD003,2024-05-01,May-2024,73,55,18,5,8.7,Technical Failure,408.84
BNK020,PRD003,2024-06-01,Jun-2024,91,51,40,7,22.2,Customer Dispute,355.99
BNK020,PRD003,2024-07-01,Jul-2024,76,67,9,7,12.8,Goods Not Received,92.89
BNK020,PRD003,2024-08-01,Aug-2024,82,58,24,3,17.9,Customer Dispute,130.25
BNK020,PRD003,2024-09-01,Sep-2024,88,80,8,2,17.1,Amount Mismatch,198.76
BNK020,PRD003,2024-10-01,Oct-2024,83,43,40,5,23.1,Technical Failure,187.36
BNK020,PRD003,2024-11-01,Nov-2024,86,81,5,8,22.2,Duplicate Charge,395.28
BNK020,PRD003,2024-12-01,Dec-2024,83,62,21,5,19.2,Technical Failure,46.98
BNK020,PRD003,2025-01-01,Jan-2025,86,47,39,2,14.3,Fraud,44.78
BNK020,PRD003,2025-02-01,Feb-2025,100,77,23,9,19.5,Fraud,342.29
BNK020,PRD003,2025-03-01,Mar-2025,96,68,28,8,24.9,Goods Not Received,325.57
BNK020,PRD004,2024-04-01,Apr-2024,66,52,14,3,14.6,Customer Dispute,369.99
BNK020,PRD004,2024-05-01,May-2024,101,90,11,5,9.5,Technical Failure,414.28
BNK020,PRD004,2024-06-01,Jun-2024,64,38,26,3,8.7,Goods Not Received,292.6
BNK020,PRD004,2024-07-01,Jul-2024,94,69,25,6,7.4,Fraud,287.64
BNK020,PRD004,2024-08-01,Aug-2024,78,69,9,6,6.4,Fraud,74.99
BNK020,PRD004,2024-09-01,Sep-2024,76,41,35,4,23.8,Unauthorized Transaction,389.95
BNK020,PRD004,2024-10-01,Oct-2024,85,79,6,3,9.9,Goods Not Received,329.43
BNK020,PRD004,2024-11-01,Nov-2024,72,41,31,7,8.1,Goods Not Received,386.4
BNK020,PRD004,2024-12-01,Dec-2024,65,58,7,6,5.7,Amount Mismatch,13.69
BNK020,PRD004,2025-01-01,Jan-2025,98,86,12,3,4.1,Amount Mismatch,200.19
BNK020,PRD004,2025-02-01,Feb-2025,72,48,24,6,5.0,Goods Not Received,253.84
BNK020,PRD004,2025-03-01,Mar-2025,87,63,24,2,7.6,Amount Mismatch,370.58
BNK020,PRD005,2024-04-01,Apr-2024,78,73,5,4,7.6,Unauthorized Transaction,400.1
BNK020,PRD005,2024-05-01,May-2024,78,47,31,2,13.1,Unauthorized Transaction,190.63
BNK020,PRD005,2024-06-01,Jun-2024,80,74,6,2,10.9,Duplicate Charge,418.43
BNK020,PRD005,2024-07-01,Jul-2024,81,71,10,3,25.0,Unauthorized Transaction,325.57
BNK020,PRD005,2024-08-01,Aug-2024,96,85,11,2,24.2,Customer Dispute,324.03
BNK020,PRD005,2024-09-01,Sep-2024,76,42,34,3,15.4,Goods Not Received,259.79
BNK020,PRD005,2024-10-01,Oct-2024,69,49,20,1,16.1,Goods Not Received,433.31
BNK020,PRD005,2024-11-01,Nov-2024,90,60,30,4,6.5,Goods Not Received,88.14
BNK020,PRD005,2024-12-01,Dec-2024,84,47,37,7,17.7,Duplicate Charge,439.66
BNK020,PRD005,2025-01-01,Jan-2025,68,38,30,4,9.7,Customer Dispute,187.22
BNK020,PRD005,2025-02-01,Feb-2025,97,75,22,2,3.6,Unauthorized Transaction,444.52
BNK020,PRD005,2025-03-01,Mar-2025,65,58,7,6,4.0,Amount Mismatch,381.49
