bank_id,product_id,month,month_label,drc_opened,drc_closed,drc_pending,closure_pct,avg_tat_days,top_dispute_type
BNK001,PRD001,2024-04-01,Apr-2024,336,174,162,51.79,23.4,Wrong Amount
BNK001,PRD001,2024-05-01,May-2024,362,298,64,82.32,28.1,Fraudulent Txn
BNK001,PRD001,2024-06-01,Jun-2024,243,212,31,87.24,11.1,Reversal Pending
BNK001,PRD001,2024-07-01,Jul-2024,338,175,163,51.78,2.7,Non-receipt of Funds
BNK001,PRD001,2024-08-01,Aug-2024,312,241,71,77.24,22.4,Fraudulent Txn
BNK001,PRD001,2024-09-01,Sep-2024,286,179,107,62.59,20.6,Non-receipt of Funds
BNK001,PRD001,2024-10-01,Oct-2024,257,131,126,50.97,10.4,Reversal Pending
BNK001,PRD001,2024-11-01,Nov-2024,343,188,155,54.81,27.7,Double Debit
BNK001,PRD001,2024-12-01,Dec-2024,319,239,80,74.92,4.4,Non-receipt of Funds
BNK001,PRD001,2025-01-01,Jan-2025,376,217,159,57.71,7.5,Reversal Pending
BNK001,PRD001,2025-02-01,Feb-2025,291,228,63,78.35,16.5,Double Debit
BNK001,PRD001,2025-03-01,Mar-2025,266,209,57,78.57,18.8,Non-receipt of Funds
BNK001,PRD002,2024-04-01,Apr-2024,326,245,81,75.15,15.6,Non-receipt of Funds
BNK001,PRD002,2024-05-01,May-2024,291,229,62,78.69,29.1,Wrong Amount
BNK001,PRD002,2024-06-01,Jun-2024,364,307,57,84.34,21.1,Non-receipt of Funds
BNK001,PRD002,2024-07-01,Jul-2024,262,146,116,55.73,21.4,Double Debit
BNK001,PRD002,2024-08-01,Aug-2024,274,204,70,74.45,27.0,Reversal Pending
BNK001,PRD002,2024-09-01,Sep-2024,331,165,166,49.85,12.2,Double Debit
BNK001,PRD002,2024-10-01,Oct-2024,343,285,58,83.09,23.9,Non-receipt of Funds
BNK001,PRD002,2024-11-01,Nov-2024,357,210,147,58.82,8.3,Double Debit
BNK001,PRD002,2024-12-01,Dec-2024,253,161,92,63.64,3.0,Double Debit
BNK001,PRD002,2025-01-01,Jan-2025,253,131,122,51.78,29.3,Fraudulent Txn
BNK001,PRD002,2025-02-01,Feb-2025,316,207,109,65.51,15.9,Fraudulent Txn
BNK001,PRD002,2025-03-01,Mar-2025,354,291,63,82.2,25.2,Non-receipt of Funds
BNK001,PRD003,2024-04-01,Apr-2024,297,160,137,53.87,15.8,Non-receipt of Funds
BNK001,PRD003,2024-05-01,May-2024,299,191,108,63.88,25.7,Reversal Pending
BNK001,PRD003,2024-06-01,Jun-2024,273,241,32,88.28,21.0,Non-receipt of Funds
BNK001,PRD003,2024-07-01,Jul-2024,345,305,40,88.41,15.8,Double Debit
BNK001,PRD003,2024-08-01,Aug-2024,378,304,74,80.42,17.0,Wrong Amount
BNK001,PRD003,2024-09-01,Sep-2024,356,246,110,69.1,11.1,Wrong Amount
BNK001,PRD003,2024-10-01,Oct-2024,259,151,108,58.3,29.2,Non-receipt of Funds
BNK001,PRD003,2024-11-01,Nov-2024,387,345,42,89.15,6.0,Non-receipt of Funds
BNK001,PRD003,2024-12-01,Dec-2024,377,265,112,70.29,19.8,Reversal Pending
BNK001,PRD003,2025-01-01,Jan-2025,283,254,29,89.75,11.7,Reversal Pending
BNK001,PRD003,2025-02-01,Feb-2025,263,217,46,82.51,29.7,Non-receipt of Funds
BNK001,PRD003,2025-03-01,Mar-2025,266,234,32,87.97,13.3,Double Debit
BNK001,PRD004,2024-04-01,Apr-2024,267,228,39,85.39,29.8,Wrong Amount
BNK001,PRD004,2024-05-01,May-2024,271,206,65,76.01,27.2,Non-receipt of Funds
BNK001,PRD004,2024-06-01,Jun-2024,364,274,90,75.27,22.2,Non-receipt of Funds
BNK001,PRD004,2024-07-01,Jul-2024,250,189,61,75.6,16.9,Wrong Amount
BNK001,PRD004,2024-08-01,Aug-2024,299,244,55,81.61,9.7,Non-receipt of Funds
BNK001,PRD004,2024-09-01,Sep-2024,240,184,56,76.67,8.4,Reversal Pending
BNK001,PRD004,2024-10-01,Oct-2024,382,308,74,80.63,20.3,Wrong Amount
BNK001,PRD004,2024-11-01,Nov-2024,262,224,38,85.5,4.0,Double Debit
BNK001,PRD004,2024-12-01,Dec-2024,266,203,63,76.32,16.2,Wrong Amount
BNK001,PRD004,2025-01-01,Jan-2025,339,200,139,59.0,25.2,Double Debit
BNK001,PRD004,2025-02-01,Feb-2025,338,221,117,65.38,10.8,Wrong Amount
BNK001,PRD004,2025-03-01,Mar-2025,358,185,173,51.68,10.9,Reversal Pending
BNK001,PRD005,2024-04-01,Apr-2024,250,142,108,56.8,19.5,Fraudulent Txn
BNK001,PRD005,2024-05-01,May-2024,295,198,97,67.12,22.2,Fraudulent Txn
BNK001,PRD005,2024-06-01,Jun-2024,251,202,49,80.48,20.9,Wrong Amount
BNK001,PRD005,2024-07-01,Jul-2024,304,154,150,50.66,28.1,Fraudulent Txn
BNK001,PRD005,2024-08-01,Aug-2024,326,212,114,65.03,29.6,Reversal Pending
BNK001,PRD005,2024-09-01,Sep-2024,288,207,81,71.88,12.0,Non-receipt of Funds
BNK001,PRD005,2024-10-01,Oct-2024,249,204,45,81.93,24.7,Fraudulent Txn
BNK001,PRD005,2024-11-01,Nov-2024,278,187,91,67.27,6.4,Fraudulent Txn
BNK001,PRD005,2024-12-01,Dec-2024,250,211,39,84.4,15.9,Non-receipt of Funds
BNK001,PRD005,2025-01-01,Jan-2025,349,187,162,53.58,10.6,Non-receipt of Funds
BNK001,PRD005,2025-02-01,Feb-2025,325,260,65,80.0,14.0,Reversal Pending
BNK001,PRD005,2025-03-01,Mar-2025,300,213,87,71.0,20.1,Double Debit
BNK002,PRD001,2024-04-01,Apr-2024,245,216,29,88.16,15.3,Fraudulent Txn
BNK002,PRD001,2024-05-01,May-2024,264,183,81,69.32,15.5,Fraudulent Txn
BNK002,PRD001,2024-06-01,Jun-2024,359,320,39,89.14,7.2,Double Debit
BNK002,PRD001,2024-07-01,Jul-2024,337,259,78,76.85,2.8,Wrong Amount
BNK002,PRD001,2024-08-01,Aug-2024,344,304,40,88.37,17.0,Double Debit
BNK002,PRD001,2024-09-01,Sep-2024,337,225,112,66.77,8.6,Non-receipt of Funds
BNK002,PRD001,2024-10-01,Oct-2024,381,294,87,77.17,27.2,Wrong Amount
BNK002,PRD001,2024-11-01,Nov-2024,270,200,70,74.07,19.6,Double Debit
BNK002,PRD001,2024-12-01,Dec-2024,289,166,123,57.44,28.7,Reversal Pending
BNK002,PRD001,2025-01-01,Jan-2025,335,191,144,57.01,5.5,Fraudulent Txn
BNK002,PRD001,2025-02-01,Feb-2025,263,193,70,73.38,11.9,Fraudulent Txn
BNK002,PRD001,2025-03-01,Mar-2025,356,247,109,69.38,12.6,Wrong Amount
BNK002,PRD002,2024-04-01,Apr-2024,324,221,103,68.21,27.8,Double Debit
BNK002,PRD002,2024-05-01,May-2024,241,125,116,51.87,5.9,Reversal Pending
BNK002,PRD002,2024-06-01,Jun-2024,309,192,117,62.14,17.3,Double Debit
BNK002,PRD002,2024-07-01,Jul-2024,314,194,120,61.78,14.5,Double Debit
BNK002,PRD002,2024-08-01,Aug-2024,378,322,56,85.19,4.5,Non-receipt of Funds
BNK002,PRD002,2024-09-01,Sep-2024,297,189,108,63.64,21.3,Fraudulent Txn
BNK002,PRD002,2024-10-01,Oct-2024,278,175,103,62.95,2.6,Non-receipt of Funds
BNK002,PRD002,2024-11-01,Nov-2024,292,227,65,77.74,15.2,Fraudulent Txn
BNK002,PRD002,2024-12-01,Dec-2024,328,214,114,65.24,9.6,Double Debit
BNK002,PRD002,2025-01-01,Jan-2025,332,293,39,88.25,14.4,Fraudulent Txn
BNK002,PRD002,2025-02-01,Feb-2025,372,270,102,72.58,12.0,Reversal Pending
BNK002,PRD002,2025-03-01,Mar-2025,344,202,142,58.72,7.8,Wrong Amount
BNK002,PRD003,2024-04-01,Apr-2024,329,259,70,78.72,7.0,Wrong Amount
BNK002,PRD003,2024-05-01,May-2024,256,182,74,71.09,15.0,Non-receipt of Funds
BNK002,PRD003,2024-06-01,Jun-2024,303,179,124,59.08,4.2,Wrong Amount
BNK002,PRD003,2024-07-01,Jul-2024,332,287,45,86.45,19.4,Reversal Pending
BNK002,PRD003,2024-08-01,Aug-2024,366,294,72,80.33,19.1,Wrong Amount
BNK002,PRD003,2024-09-01,Sep-2024,378,251,127,66.4,14.2,Wrong Amount
BNK002,PRD003,2024-10-01,Oct-2024,385,308,77,80.0,26.5,Wrong Amount
BNK002,PRD003,2024-11-01,Nov-2024,351,218,133,62.11,9.2,Fraudulent Txn
BNK002,PRD003,2024-12-01,Dec-2024,358,222,136,62.01,5.4,Reversal Pending
BNK002,PRD003,2025-01-01,Jan-2025,379,278,101,73.35,23.1,Non-receipt of Funds
BNK002,PRD003,2025-02-01,Feb-2025,365,320,45,87.67,9.2,Reversal Pending
BNK002,PRD003,2025-03-01,Mar-2025,307,181,126,58.96,26.7,Double Debit
BNK002,PRD004,2024-04-01,Apr-2024,279,198,81,70.97,20.9,Reversal Pending
BNK002,PRD004,2024-05-01,May-2024,265,156,109,58.87,18.6,Reversal Pending
BNK002,PRD004,2024-06-01,Jun-2024,303,224,79,73.93,15.4,Non-receipt of Funds
BNK002,PRD004,2024-07-01,Jul-2024,388,297,91,76.55,16.9,Reversal Pending
BNK002,PRD004,2024-08-01,Aug-2024,327,285,42,87.16,4.8,Non-receipt of Funds
BNK002,PRD004,2024-09-01,Sep-2024,255,128,127,50.2,27.0,Reversal Pending
BNK002,PRD004,2024-10-01,Oct-2024,306,160,146,52.29,6.9,Double Debit
BNK002,PRD004,2024-11-01,Nov-2024,354,244,110,68.93,10.4,Reversal Pending
BNK002,PRD004,2024-12-01,Dec-2024,292,179,113,61.3,21.9,Double Debit
BNK002,PRD004,2025-01-01,Jan-2025,295,203,92,68.81,18.4,Non-receipt of Funds
BNK002,PRD004,2025-02-01,Feb-2025,245,123,122,50.2,10.4,Reversal Pending
BNK002,PRD004,2025-03-01,Mar-2025,304,189,115,62.17,28.0,Non-receipt of Funds
BNK002,PRD005,2024-04-01,Apr-2024,348,205,143,58.91,3.5,Fraudulent Txn
BNK002,PRD005,2024-05-01,May-2024,261,207,54,79.31,12.0,Non-receipt of Funds
BNK002,PRD005,2024-06-01,Jun-2024,356,207,149,58.15,26.2,Wrong Amount
BNK002,PRD005,2024-07-01,Jul-2024,368,311,57,84.51,16.8,Reversal Pending
BNK002,PRD005,2024-08-01,Aug-2024,298,188,110,63.09,11.4,Double Debit
BNK002,PRD005,2024-09-01,Sep-2024,384,277,107,72.14,14.0,Fraudulent Txn
BNK002,PRD005,2024-10-01,Oct-2024,378,281,97,74.34,28.4,Wrong Amount
BNK002,PRD005,2024-11-01,Nov-2024,345,248,97,71.88,7.3,Wrong Amount
BNK002,PRD005,2024-12-01,Dec-2024,299,175,124,58.53,4.0,Reversal Pending
BNK002,PRD005,2025-01-01,Jan-2025,322,167,155,51.86,7.7,Non-receipt of Funds
BNK002,PRD005,2025-02-01,Feb-2025,268,177,91,66.04,28.1,Non-receipt of Funds
BNK002,PRD005,2025-03-01,Mar-2025,245,146,99,59.59,10.7,Wrong Amount
BNK003,PRD001,2024-04-01,Apr-2024,267,176,91,65.92,20.4,Fraudulent Txn
BNK003,PRD001,2024-05-01,May-2024,285,218,67,76.49,22.0,Double Debit
BNK003,PRD001,2024-06-01,Jun-2024,315,244,71,77.46,24.4,Double Debit
BNK003,PRD001,2024-07-01,Jul-2024,357,255,102,71.43,2.8,Reversal Pending
BNK003,PRD001,2024-08-01,Aug-2024,358,320,38,89.39,20.2,Non-receipt of Funds
BNK003,PRD001,2024-09-01,Sep-2024,325,198,127,60.92,23.1,Fraudulent Txn
BNK003,PRD001,2024-10-01,Oct-2024,262,215,47,82.06,4.5,Double Debit
BNK003,PRD001,2024-11-01,Nov-2024,305,187,118,61.31,15.0,Non-receipt of Funds
BNK003,PRD001,2024-12-01,Dec-2024,389,241,148,61.95,25.6,Fraudulent Txn
BNK003,PRD001,2025-01-01,Jan-2025,263,187,76,71.1,24.2,Wrong Amount
BNK003,PRD001,2025-02-01,Feb-2025,382,215,167,56.28,24.8,Reversal Pending
BNK003,PRD001,2025-03-01,Mar-2025,381,254,127,66.67,11.5,Double Debit
BNK003,PRD002,2024-04-01,Apr-2024,352,278,74,78.98,23.1,Non-receipt of Funds
BNK003,PRD002,2024-05-01,May-2024,269,148,121,55.02,29.8,Reversal Pending
BNK003,PRD002,2024-06-01,Jun-2024,358,180,178,50.28,2.5,Wrong Amount
BNK003,PRD002,2024-07-01,Jul-2024,300,268,32,89.33,8.0,Fraudulent Txn
BNK003,PRD002,2024-08-01,Aug-2024,274,161,113,58.76,9.1,Double Debit
BNK003,PRD002,2024-09-01,Sep-2024,306,242,64,79.08,5.4,Double Debit
BNK003,PRD002,2024-10-01,Oct-2024,357,230,127,64.43,24.8,Double Debit
BNK003,PRD002,2024-11-01,Nov-2024,368,204,164,55.43,15.4,Reversal Pending
BNK003,PRD002,2024-12-01,Dec-2024,292,241,51,82.53,9.0,Fraudulent Txn
BNK003,PRD002,2025-01-01,Jan-2025,266,201,65,75.56,7.9,Fraudulent Txn
BNK003,PRD002,2025-02-01,Feb-2025,381,216,165,56.69,8.5,Reversal Pending
BNK003,PRD002,2025-03-01,Mar-2025,323,194,129,60.06,15.7,Non-receipt of Funds
BNK003,PRD003,2024-04-01,Apr-2024,244,148,96,60.66,27.7,Non-receipt of Funds
BNK003,PRD003,2024-05-01,May-2024,247,176,71,71.26,14.8,Reversal Pending
BNK003,PRD003,2024-06-01,Jun-2024,361,295,66,81.72,27.7,Fraudulent Txn
BNK003,PRD003,2024-07-01,Jul-2024,253,199,54,78.66,28.8,Non-receipt of Funds
BNK003,PRD003,2024-08-01,Aug-2024,283,241,42,85.16,3.6,Double Debit
BNK003,PRD003,2024-09-01,Sep-2024,377,227,150,60.21,26.7,Double Debit
BNK003,PRD003,2024-10-01,Oct-2024,349,308,41,88.25,25.3,Double Debit
BNK003,PRD003,2024-11-01,Nov-2024,336,260,76,77.38,11.0,Wrong Amount
BNK003,PRD003,2024-12-01,Dec-2024,302,226,76,74.83,25.3,Non-receipt of Funds
BNK003,PRD003,2025-01-01,Jan-2025,378,196,182,51.85,12.1,Reversal Pending
BNK003,PRD003,2025-02-01,Feb-2025,274,232,42,84.67,14.3,Double Debit
BNK003,PRD003,2025-03-01,Mar-2025,334,212,122,63.47,26.4,Fraudulent Txn
BNK003,PRD004,2024-04-01,Apr-2024,266,166,100,62.41,3.1,Reversal Pending
BNK003,PRD004,2024-05-01,May-2024,357,227,130,63.59,13.0,Reversal Pending
BNK003,PRD004,2024-06-01,Jun-2024,282,169,113,59.93,16.2,Non-receipt of Funds
BNK003,PRD004,2024-07-01,Jul-2024,382,265,117,69.37,19.6,Double Debit
BNK003,PRD004,2024-08-01,Aug-2024,326,285,41,87.42,24.2,Fraudulent Txn
BNK003,PRD004,2024-09-01,Sep-2024,259,138,121,53.28,3.3,Reversal Pending
BNK003,PRD004,2024-10-01,Oct-2024,308,217,91,70.45,8.6,Wrong Amount
BNK003,PRD004,2024-11-01,Nov-2024,387,279,108,72.09,24.6,Reversal Pending
BNK003,PRD004,2024-12-01,Dec-2024,247,214,33,86.64,29.3,Fraudulent Txn
BNK003,PRD004,2025-01-01,Jan-2025,308,160,148,51.95,25.1,Wrong Amount
BNK003,PRD004,2025-02-01,Feb-2025,344,281,63,81.69,28.1,Reversal Pending
BNK003,PRD004,2025-03-01,Mar-2025,262,141,121,53.82,29.2,Reversal Pending
BNK003,PRD005,2024-04-01,Apr-2024,277,177,100,63.9,18.7,Fraudulent Txn
BNK003,PRD005,2024-05-01,May-2024,314,178,136,56.69,6.0,Double Debit
BNK003,PRD005,2024-06-01,Jun-2024,381,304,77,79.79,9.0,Reversal Pending
BNK003,PRD005,2024-07-01,Jul-2024,308,174,134,56.49,12.1,Wrong Amount
BNK003,PRD005,2024-08-01,Aug-2024,262,142,120,54.2,6.9,Wrong Amount
BNK003,PRD005,2024-09-01,Sep-2024,342,206,136,60.23,26.6,Double Debit
BNK003,PRD005,2024-10-01,Oct-2024,367,211,156,57.49,7.5,Fraudulent Txn
BNK003,PRD005,2024-11-01,Nov-2024,343,283,60,82.51,7.7,Wrong Amount
BNK003,PRD005,2024-12-01,Dec-2024,284,192,92,67.61,27.3,Fraudulent Txn
BNK003,PRD005,2025-01-01,Jan-2025,285,238,47,83.51,16.0,Reversal Pending
BNK003,PRD005,2025-02-01,Feb-2025,327,206,121,63.0,9.6,Fraudulent Txn
BNK003,PRD005,2025-03-01,Mar-2025,360,181,179,50.28,12.5,Double Debit
BNK004,PRD001,2024-04-01,Apr-2024,354,273,81,77.12,4.0,Wrong Amount
BNK004,PRD001,2024-05-01,May-2024,268,207,61,77.24,15.9,Reversal Pending
BNK004,PRD001,2024-06-01,Jun-2024,345,197,148,57.1,14.0,Non-receipt of Funds
BNK004,PRD001,2024-07-01,Jul-2024,263,223,40,84.79,22.8,Double Debit
BNK004,PRD001,2024-08-01,Aug-2024,274,157,117,57.3,27.8,Double Debit
BNK004,PRD001,2024-09-01,Sep-2024,287,163,124,56.79,27.5,Reversal Pending
BNK004,PRD001,2024-10-01,Oct-2024,263,175,88,66.54,26.8,Wrong Amount
BNK004,PRD001,2024-11-01,Nov-2024,321,178,143,55.45,18.9,Fraudulent Txn
BNK004,PRD001,2024-12-01,Dec-2024,338,246,92,72.78,28.0,Non-receipt of Funds
BNK004,PRD001,2025-01-01,Jan-2025,328,179,149,54.57,11.0,Double Debit
BNK004,PRD001,2025-02-01,Feb-2025,272,152,120,55.88,10.9,Reversal Pending
BNK004,PRD001,2025-03-01,Mar-2025,300,202,98,67.33,15.0,Non-receipt of Funds
BNK004,PRD002,2024-04-01,Apr-2024,336,191,145,56.85,19.4,Wrong Amount
BNK004,PRD002,2024-05-01,May-2024,339,298,41,87.91,3.2,Double Debit
BNK004,PRD002,2024-06-01,Jun-2024,251,192,59,76.49,19.5,Fraudulent Txn
BNK004,PRD002,2024-07-01,Jul-2024,336,242,94,72.02,4.7,Non-receipt of Funds
BNK004,PRD002,2024-08-01,Aug-2024,348,205,143,58.91,17.1,Fraudulent Txn
BNK004,PRD002,2024-09-01,Sep-2024,246,179,67,72.76,25.8,Non-receipt of Funds
BNK004,PRD002,2024-10-01,Oct-2024,345,194,151,56.23,24.9,Fraudulent Txn
BNK004,PRD002,2024-11-01,Nov-2024,266,149,117,56.02,28.6,Non-receipt of Funds
BNK004,PRD002,2024-12-01,Dec-2024,357,231,126,64.71,10.3,Fraudulent Txn
BNK004,PRD002,2025-01-01,Jan-2025,346,247,99,71.39,26.4,Reversal Pending
BNK004,PRD002,2025-02-01,Feb-2025,302,211,91,69.87,13.2,Fraudulent Txn
BNK004,PRD002,2025-03-01,Mar-2025,255,186,69,72.94,16.9,Wrong Amount
BNK004,PRD003,2024-04-01,Apr-2024,323,169,154,52.32,10.7,Wrong Amount
BNK004,PRD003,2024-05-01,May-2024,352,293,59,83.24,20.9,Fraudulent Txn
BNK004,PRD003,2024-06-01,Jun-2024,359,205,154,57.1,28.0,Double Debit
BNK004,PRD003,2024-07-01,Jul-2024,306,217,89,70.92,8.8,Wrong Amount
BNK004,PRD003,2024-08-01,Aug-2024,318,257,61,80.82,28.9,Double Debit
BNK004,PRD003,2024-09-01,Sep-2024,282,239,43,84.75,23.0,Fraudulent Txn
BNK004,PRD003,2024-10-01,Oct-2024,329,259,70,78.72,8.1,Non-receipt of Funds
BNK004,PRD003,2024-11-01,Nov-2024,256,142,114,55.47,28.0,Non-receipt of Funds
BNK004,PRD003,2024-12-01,Dec-2024,266,153,113,57.52,2.5,Fraudulent Txn
BNK004,PRD003,2025-01-01,Jan-2025,246,139,107,56.5,9.1,Non-receipt of Funds
BNK004,PRD003,2025-02-01,Feb-2025,359,195,164,54.32,22.5,Reversal Pending
BNK004,PRD003,2025-03-01,Mar-2025,377,274,103,72.68,26.1,Fraudulent Txn
BNK004,PRD004,2024-04-01,Apr-2024,253,213,40,84.19,14.5,Double Debit
BNK004,PRD004,2024-05-01,May-2024,328,241,87,73.48,19.2,Reversal Pending
BNK004,PRD004,2024-06-01,Jun-2024,343,184,159,53.64,6.5,Non-receipt of Funds
BNK004,PRD004,2024-07-01,Jul-2024,256,184,72,71.88,3.6,Double Debit
BNK004,PRD004,2024-08-01,Aug-2024,303,154,149,50.83,21.3,Non-receipt of Funds
BNK004,PRD004,2024-09-01,Sep-2024,345,181,164,52.46,11.7,Non-receipt of Funds
BNK004,PRD004,2024-10-01,Oct-2024,352,251,101,71.31,7.4,Double Debit
BNK004,PRD004,2024-11-01,Nov-2024,268,144,124,53.73,11.0,Fraudulent Txn
BNK004,PRD004,2024-12-01,Dec-2024,288,164,124,56.94,8.8,Reversal Pending
BNK004,PRD004,2025-01-01,Jan-2025,374,269,105,71.93,2.1,Wrong Amount
BNK004,PRD004,2025-02-01,Feb-2025,322,181,141,56.21,13.7,Reversal Pending
BNK004,PRD004,2025-03-01,Mar-2025,265,215,50,81.13,23.5,Fraudulent Txn
BNK004,PRD005,2024-04-01,Apr-2024,248,163,85,65.73,21.5,Non-receipt of Funds
BNK004,PRD005,2024-05-01,May-2024,363,291,72,80.17,28.1,Non-receipt of Funds
BNK004,PRD005,2024-06-01,Jun-2024,266,192,74,72.18,26.9,Reversal Pending
BNK004,PRD005,2024-07-01,Jul-2024,331,216,115,65.26,24.1,Non-receipt of Funds
BNK004,PRD005,2024-08-01,Aug-2024,272,188,84,69.12,27.2,Fraudulent Txn
BNK004,PRD005,2024-09-01,Sep-2024,315,237,78,75.24,26.7,Reversal Pending
BNK004,PRD005,2024-10-01,Oct-2024,376,300,76,79.79,23.5,Non-receipt of Funds
BNK004,PRD005,2024-11-01,Nov-2024,299,162,137,54.18,14.2,Wrong Amount
BNK004,PRD005,2024-12-01,Dec-2024,384,208,176,54.17,29.2,Non-receipt of Funds
BNK004,PRD005,2025-01-01,Jan-2025,263,184,79,69.96,6.4,Non-receipt of Funds
BNK004,PRD005,2025-02-01,Feb-2025,347,194,153,55.91,20.8,Reversal Pending
BNK004,PRD005,2025-03-01,Mar-2025,349,205,144,58.74,27.1,Double Debit
BNK005,PRD001,2024-04-01,Apr-2024,350,276,74,78.86,3.8,Double Debit
BNK005,PRD001,2024-05-01,May-2024,288,252,36,87.5,22.6,Fraudulent Txn
BNK005,PRD001,2024-06-01,Jun-2024,300,257,43,85.67,15.8,Fraudulent Txn
BNK005,PRD001,2024-07-01,Jul-2024,337,225,112,66.77,19.6,Wrong Amount
BNK005,PRD001,2024-08-01,Aug-2024,363,205,158,56.47,19.8,Reversal Pending
BNK005,PRD001,2024-09-01,Sep-2024,318,267,51,83.96,24.8,Non-receipt of Funds
BNK005,PRD001,2024-10-01,Oct-2024,355,265,90,74.65,15.1,Double Debit
BNK005,PRD001,2024-11-01,Nov-2024,383,209,174,54.57,27.7,Fraudulent Txn
BNK005,PRD001,2024-12-01,Dec-2024,292,215,77,73.63,18.2,Reversal Pending
BNK005,PRD001,2025-01-01,Jan-2025,336,240,96,71.43,10.4,Double Debit
BNK005,PRD001,2025-02-01,Feb-2025,266,204,62,76.69,29.7,Non-receipt of Funds
BNK005,PRD001,2025-03-01,Mar-2025,345,224,121,64.93,21.5,Double Debit
BNK005,PRD002,2024-04-01,Apr-2024,320,257,63,80.31,19.1,Wrong Amount
BNK005,PRD002,2024-05-01,May-2024,326,175,151,53.68,11.1,Non-receipt of Funds
BNK005,PRD002,2024-06-01,Jun-2024,286,201,85,70.28,17.8,Non-receipt of Funds
BNK005,PRD002,2024-07-01,Jul-2024,291,171,120,58.76,9.6,Double Debit
BNK005,PRD002,2024-08-01,Aug-2024,334,168,166,50.3,14.4,Wrong Amount
BNK005,PRD002,2024-09-01,Sep-2024,372,272,100,73.12,19.0,Double Debit
BNK005,PRD002,2024-10-01,Oct-2024,280,193,87,68.93,23.4,Double Debit
BNK005,PRD002,2024-11-01,Nov-2024,303,271,32,89.44,10.5,Double Debit
BNK005,PRD002,2024-12-01,Dec-2024,326,214,112,65.64,2.6,Fraudulent Txn
BNK005,PRD002,2025-01-01,Jan-2025,322,237,85,73.6,10.6,Double Debit
BNK005,PRD002,2025-02-01,Feb-2025,278,178,100,64.03,19.3,Reversal Pending
BNK005,PRD002,2025-03-01,Mar-2025,282,172,110,60.99,28.7,Non-receipt of Funds
BNK005,PRD003,2024-04-01,Apr-2024,360,295,65,81.94,25.7,Fraudulent Txn
BNK005,PRD003,2024-05-01,May-2024,301,179,122,59.47,25.5,Reversal Pending
BNK005,PRD003,2024-06-01,Jun-2024,381,242,139,63.52,13.2,Reversal Pending
BNK005,PRD003,2024-07-01,Jul-2024,320,228,92,71.25,29.9,Wrong Amount
BNK005,PRD003,2024-08-01,Aug-2024,356,253,103,71.07,9.4,Wrong Amount
BNK005,PRD003,2024-09-01,Sep-2024,241,178,63,73.86,20.6,Reversal Pending
BNK005,PRD003,2024-10-01,Oct-2024,360,306,54,85.0,11.1,Non-receipt of Funds
BNK005,PRD003,2024-11-01,Nov-2024,257,219,38,85.21,2.9,Double Debit
BNK005,PRD003,2024-12-01,Dec-2024,260,177,83,68.08,13.1,Wrong Amount
BNK005,PRD003,2025-01-01,Jan-2025,322,277,45,86.02,2.5,Reversal Pending
BNK005,PRD003,2025-02-01,Feb-2025,266,189,77,71.05,9.1,Reversal Pending
BNK005,PRD003,2025-03-01,Mar-2025,255,150,105,58.82,17.6,Reversal Pending
BNK005,PRD004,2024-04-01,Apr-2024,325,187,138,57.54,20.6,Fraudulent Txn
BNK005,PRD004,2024-05-01,May-2024,289,179,110,61.94,24.8,Reversal Pending
BNK005,PRD004,2024-06-01,Jun-2024,275,202,73,73.45,15.3,Fraudulent Txn
BNK005,PRD004,2024-07-01,Jul-2024,322,214,108,66.46,26.2,Fraudulent Txn
BNK005,PRD004,2024-08-01,Aug-2024,262,231,31,88.17,24.1,Fraudulent Txn
BNK005,PRD004,2024-09-01,Sep-2024,247,144,103,58.3,21.0,Double Debit
BNK005,PRD004,2024-10-01,Oct-2024,353,233,120,66.01,18.6,Reversal Pending
BNK005,PRD004,2024-11-01,Nov-2024,293,170,123,58.02,27.5,Wrong Amount
BNK005,PRD004,2024-12-01,Dec-2024,298,160,138,53.69,9.3,Reversal Pending
BNK005,PRD004,2025-01-01,Jan-2025,268,180,88,67.16,17.2,Wrong Amount
BNK005,PRD004,2025-02-01,Feb-2025,304,221,83,72.7,16.1,Double Debit
BNK005,PRD004,2025-03-01,Mar-2025,377,326,51,86.47,20.3,Reversal Pending
BNK005,PRD005,2024-04-01,Apr-2024,310,206,104,66.45,20.0,Fraudulent Txn
BNK005,PRD005,2024-05-01,May-2024,244,183,61,75.0,7.7,Wrong Amount
BNK005,PRD005,2024-06-01,Jun-2024,373,204,169,54.69,8.5,Wrong Amount
BNK005,PRD005,2024-07-01,Jul-2024,285,252,33,88.42,5.7,Reversal Pending
BNK005,PRD005,2024-08-01,Aug-2024,380,249,131,65.53,9.7,Wrong Amount
BNK005,PRD005,2024-09-01,Sep-2024,383,277,106,72.32,28.0,Wrong Amount
BNK005,PRD005,2024-10-01,Oct-2024,264,231,33,87.5,12.6,Non-receipt of Funds
BNK005,PRD005,2024-11-01,Nov-2024,257,222,35,86.38,19.1,Double Debit
BNK005,PRD005,2024-12-01,Dec-2024,370,205,165,55.41,28.1,Non-receipt of Funds
BNK005,PRD005,2025-01-01,Jan-2025,267,224,43,83.9,5.5,Fraudulent Txn
BNK005,PRD005,2025-02-01,Feb-2025,289,169,120,58.48,19.8,Wrong Amount
BNK005,PRD005,2025-03-01,Mar-2025,305,156,149,51.15,16.0,Double Debit
BNK006,PRD001,2024-04-01,Apr-2024,100,62,38,62.0,10.1,Wrong Amount
BNK006,PRD001,2024-05-01,May-2024,78,45,33,57.69,14.2,Non-receipt of Funds
BNK006,PRD001,2024-06-01,Jun-2024,67,55,12,82.09,8.5,Non-receipt of Funds
BNK006,PRD001,2024-07-01,Jul-2024,76,52,24,68.42,4.3,Non-receipt of Funds
BNK006,PRD001,2024-08-01,Aug-2024,75,59,16,78.67,8.1,Non-receipt of Funds
BNK006,PRD001,2024-09-01,Sep-2024,92,77,15,83.7,18.7,Fraudulent Txn
BNK006,PRD001,2024-10-01,Oct-2024,93,61,32,65.59,20.4,Fraudulent Txn
BNK006,PRD001,2024-11-01,Nov-2024,101,53,48,52.48,22.1,Double Debit
BNK006,PRD001,2024-12-01,Dec-2024,73,59,14,80.82,6.0,Double Debit
BNK006,PRD001,2025-01-01,Jan-2025,83,55,28,66.27,9.6,Reversal Pending
BNK006,PRD001,2025-02-01,Feb-2025,93,69,24,74.19,17.6,Wrong Amount
BNK006,PRD001,2025-03-01,Mar-2025,86,48,38,55.81,18.4,Wrong Amount
BNK006,PRD002,2024-04-01,Apr-2024,70,58,12,82.86,5.9,Wrong Amount
BNK006,PRD002,2024-05-01,May-2024,68,37,31,54.41,16.1,Double Debit
BNK006,PRD002,2024-06-01,Jun-2024,78,41,37,52.56,3.9,Wrong Amount
BNK006,PRD002,2024-07-01,Jul-2024,100,71,29,71.0,19.8,Wrong Amount
BNK006,PRD002,2024-08-01,Aug-2024,76,40,36,52.63,14.6,Wrong Amount
BNK006,PRD002,2024-09-01,Sep-2024,74,43,31,58.11,12.3,Non-receipt of Funds
BNK006,PRD002,2024-10-01,Oct-2024,78,43,35,55.13,14.3,Reversal Pending
BNK006,PRD002,2024-11-01,Nov-2024,93,78,15,83.87,10.3,Double Debit
BNK006,PRD002,2024-12-01,Dec-2024,68,49,19,72.06,21.7,Reversal Pending
BNK006,PRD002,2025-01-01,Jan-2025,82,49,33,59.76,25.7,Reversal Pending
BNK006,PRD002,2025-02-01,Feb-2025,72,45,27,62.5,15.7,Reversal Pending
BNK006,PRD002,2025-03-01,Mar-2025,65,37,28,56.92,16.8,Double Debit
BNK006,PRD003,2024-04-01,Apr-2024,67,54,13,80.6,21.3,Non-receipt of Funds
BNK006,PRD003,2024-05-01,May-2024,97,68,29,70.1,18.8,Non-receipt of Funds
BNK006,PRD003,2024-06-01,Jun-2024,81,41,40,50.62,15.3,Reversal Pending
BNK006,PRD003,2024-07-01,Jul-2024,99,81,18,81.82,17.6,Wrong Amount
BNK006,PRD003,2024-08-01,Aug-2024,95,65,30,68.42,15.3,Fraudulent Txn
BNK006,PRD003,2024-09-01,Sep-2024,75,54,21,72.0,7.2,Fraudulent Txn
BNK006,PRD003,2024-10-01,Oct-2024,76,41,35,53.95,21.4,Double Debit
BNK006,PRD003,2024-11-01,Nov-2024,77,58,19,75.32,27.9,Non-receipt of Funds
BNK006,PRD003,2024-12-01,Dec-2024,83,68,15,81.93,16.3,Fraudulent Txn
BNK006,PRD003,2025-01-01,Jan-2025,84,71,13,84.52,12.0,Double Debit
BNK006,PRD003,2025-02-01,Feb-2025,71,43,28,60.56,12.7,Fraudulent Txn
BNK006,PRD003,2025-03-01,Mar-2025,93,62,31,66.67,12.6,Non-receipt of Funds
BNK006,PRD004,2024-04-01,Apr-2024,87,57,30,65.52,28.1,Wrong Amount
BNK006,PRD004,2024-05-01,May-2024,72,59,13,81.94,5.8,Reversal Pending
BNK006,PRD004,2024-06-01,Jun-2024,87,74,13,85.06,19.6,Double Debit
BNK006,PRD004,2024-07-01,Jul-2024,74,63,11,85.14,3.5,Reversal Pending
BNK006,PRD004,2024-08-01,Aug-2024,87,71,16,81.61,21.3,Fraudulent Txn
BNK006,PRD004,2024-09-01,Sep-2024,65,47,18,72.31,11.5,Non-receipt of Funds
BNK006,PRD004,2024-10-01,Oct-2024,87,61,26,70.11,8.6,Wrong Amount
BNK006,PRD004,2024-11-01,Nov-2024,70,54,16,77.14,17.1,Double Debit
BNK006,PRD004,2024-12-01,Dec-2024,90,55,35,61.11,10.0,Wrong Amount
BNK006,PRD004,2025-01-01,Jan-2025,79,62,17,78.48,16.4,Reversal Pending
BNK006,PRD004,2025-02-01,Feb-2025,75,60,15,80.0,27.2,Reversal Pending
BNK006,PRD004,2025-03-01,Mar-2025,92,67,25,72.83,14.3,Reversal Pending
BNK006,PRD005,2024-04-01,Apr-2024,100,64,36,64.0,23.7,Double Debit
BNK006,PRD005,2024-05-01,May-2024,77,60,17,77.92,11.8,Reversal Pending
BNK006,PRD005,2024-06-01,Jun-2024,69,48,21,69.57,5.1,Reversal Pending
BNK006,PRD005,2024-07-01,Jul-2024,66,36,30,54.55,14.4,Reversal Pending
BNK006,PRD005,2024-08-01,Aug-2024,82,58,24,70.73,20.5,Fraudulent Txn
BNK006,PRD005,2024-09-01,Sep-2024,96,59,37,61.46,17.1,Reversal Pending
BNK006,PRD005,2024-10-01,Oct-2024,100,68,32,68.0,4.3,Fraudulent Txn
BNK006,PRD005,2024-11-01,Nov-2024,101,80,21,79.21,16.8,Wrong Amount
BNK006,PRD005,2024-12-01,Dec-2024,101,83,18,82.18,24.1,Non-receipt of Funds
BNK006,PRD005,2025-01-01,Jan-2025,81,65,16,80.25,6.5,Double Debit
BNK006,PRD005,2025-02-01,Feb-2025,103,55,48,53.4,7.1,Non-receipt of Funds
BNK006,PRD005,2025-03-01,Mar-2025,89,51,38,57.3,16.1,Double Debit
BNK007,PRD001,2024-04-01,Apr-2024,367,200,167,54.5,4.3,Non-receipt of Funds
BNK007,PRD001,2024-05-01,May-2024,331,296,35,89.43,25.4,Fraudulent Txn
BNK007,PRD001,2024-06-01,Jun-2024,281,243,38,86.48,18.1,Fraudulent Txn
BNK007,PRD001,2024-07-01,Jul-2024,350,261,89,74.57,27.7,Reversal Pending
BNK007,PRD001,2024-08-01,Aug-2024,334,189,145,56.59,5.0,Double Debit
BNK007,PRD001,2024-09-01,Sep-2024,326,211,115,64.72,6.1,Double Debit
BNK007,PRD001,2024-10-01,Oct-2024,378,277,101,73.28,8.2,Wrong Amount
BNK007,PRD001,2024-11-01,Nov-2024,253,210,43,83.0,10.8,Reversal Pending
BNK007,PRD001,2024-12-01,Dec-2024,320,162,158,50.62,22.2,Fraudulent Txn
BNK007,PRD001,2025-01-01,Jan-2025,355,272,83,76.62,7.5,Double Debit
BNK007,PRD001,2025-02-01,Feb-2025,242,193,49,79.75,5.4,Non-receipt of Funds
BNK007,PRD001,2025-03-01,Mar-2025,358,190,168,53.07,9.0,Reversal Pending
BNK007,PRD002,2024-04-01,Apr-2024,258,188,70,72.87,15.3,Non-receipt of Funds
BNK007,PRD002,2024-05-01,May-2024,336,210,126,62.5,5.4,Double Debit
BNK007,PRD002,2024-06-01,Jun-2024,246,128,118,52.03,16.9,Reversal Pending
BNK007,PRD002,2024-07-01,Jul-2024,359,302,57,84.12,22.1,Fraudulent Txn
BNK007,PRD002,2024-08-01,Aug-2024,282,147,135,52.13,5.8,Non-receipt of Funds
BNK007,PRD002,2024-09-01,Sep-2024,347,202,145,58.21,4.0,Wrong Amount
BNK007,PRD002,2024-10-01,Oct-2024,379,310,69,81.79,16.9,Non-receipt of Funds
BNK007,PRD002,2024-11-01,Nov-2024,296,195,101,65.88,27.6,Fraudulent Txn
BNK007,PRD002,2024-12-01,Dec-2024,272,173,99,63.6,22.2,Double Debit
BNK007,PRD002,2025-01-01,Jan-2025,325,189,136,58.15,8.8,Reversal Pending
BNK007,PRD002,2025-02-01,Feb-2025,249,125,124,50.2,11.3,Wrong Amount
BNK007,PRD002,2025-03-01,Mar-2025,386,343,43,88.86,25.6,Double Debit
BNK007,PRD003,2024-04-01,Apr-2024,253,190,63,75.1,10.2,Non-receipt of Funds
BNK007,PRD003,2024-05-01,May-2024,252,159,93,63.1,12.8,Double Debit
BNK007,PRD003,2024-06-01,Jun-2024,275,191,84,69.45,7.2,Wrong Amount
BNK007,PRD003,2024-07-01,Jul-2024,358,195,163,54.47,12.6,Non-receipt of Funds
BNK007,PRD003,2024-08-01,Aug-2024,298,229,69,76.85,3.2,Non-receipt of Funds
BNK007,PRD003,2024-09-01,Sep-2024,365,315,50,86.3,15.2,Non-receipt of Funds
BNK007,PRD003,2024-10-01,Oct-2024,308,259,49,84.09,17.3,Double Debit
BNK007,PRD003,2024-11-01,Nov-2024,389,295,94,75.84,13.5,Wrong Amount
BNK007,PRD003,2024-12-01,Dec-2024,377,232,145,61.54,16.6,Double Debit
BNK007,PRD003,2025-01-01,Jan-2025,361,217,144,60.11,24.9,Double Debit
BNK007,PRD003,2025-02-01,Feb-2025,251,215,36,85.66,19.5,Double Debit
BNK007,PRD003,2025-03-01,Mar-2025,383,241,142,62.92,27.0,Wrong Amount
BNK007,PRD004,2024-04-01,Apr-2024,320,264,56,82.5,27.7,Double Debit
BNK007,PRD004,2024-05-01,May-2024,364,188,176,51.65,12.5,Fraudulent Txn
BNK007,PRD004,2024-06-01,Jun-2024,245,188,57,76.73,17.3,Non-receipt of Funds
BNK007,PRD004,2024-07-01,Jul-2024,313,183,130,58.47,9.4,Double Debit
BNK007,PRD004,2024-08-01,Aug-2024,302,202,100,66.89,28.1,Reversal Pending
BNK007,PRD004,2024-09-01,Sep-2024,370,223,147,60.27,9.3,Wrong Amount
BNK007,PRD004,2024-10-01,Oct-2024,307,218,89,71.01,18.2,Reversal Pending
BNK007,PRD004,2024-11-01,Nov-2024,287,167,120,58.19,2.6,Double Debit
BNK007,PRD004,2024-12-01,Dec-2024,326,168,158,51.53,15.9,Wrong Amount
BNK007,PRD004,2025-01-01,Jan-2025,344,290,54,84.3,20.5,Reversal Pending
BNK007,PRD004,2025-02-01,Feb-2025,334,259,75,77.54,2.1,Non-receipt of Funds
BNK007,PRD004,2025-03-01,Mar-2025,265,189,76,71.32,26.0,Reversal Pending
BNK007,PRD005,2024-04-01,Apr-2024,316,254,62,80.38,26.4,Wrong Amount
BNK007,PRD005,2024-05-01,May-2024,256,200,56,78.12,25.3,Wrong Amount
BNK007,PRD005,2024-06-01,Jun-2024,320,274,46,85.62,5.8,Double Debit
BNK007,PRD005,2024-07-01,Jul-2024,258,156,102,60.47,7.5,Double Debit
BNK007,PRD005,2024-08-01,Aug-2024,360,318,42,88.33,29.6,Fraudulent Txn
BNK007,PRD005,2024-09-01,Sep-2024,353,294,59,83.29,25.0,Fraudulent Txn
BNK007,PRD005,2024-10-01,Oct-2024,270,237,33,87.78,18.5,Reversal Pending
BNK007,PRD005,2024-11-01,Nov-2024,375,263,112,70.13,7.8,Double Debit
BNK007,PRD005,2024-12-01,Dec-2024,306,244,62,79.74,28.9,Non-receipt of Funds
BNK007,PRD005,2025-01-01,Jan-2025,349,204,145,58.45,10.0,Double Debit
BNK007,PRD005,2025-02-01,Feb-2025,307,255,52,83.06,4.6,Fraudulent Txn
BNK007,PRD005,2025-03-01,Mar-2025,330,247,83,74.85,5.2,Wrong Amount
BNK008,PRD001,2024-04-01,Apr-2024,268,222,46,82.84,26.5,Fraudulent Txn
BNK008,PRD001,2024-05-01,May-2024,267,147,120,55.06,5.7,Wrong Amount
BNK008,PRD001,2024-06-01,Jun-2024,358,317,41,88.55,27.9,Fraudulent Txn
BNK008,PRD001,2024-07-01,Jul-2024,338,192,146,56.8,26.4,Fraudulent Txn
BNK008,PRD001,2024-08-01,Aug-2024,331,261,70,78.85,12.0,Double Debit
BNK008,PRD001,2024-09-01,Sep-2024,260,157,103,60.38,9.8,Fraudulent Txn
BNK008,PRD001,2024-10-01,Oct-2024,248,192,56,77.42,21.3,Wrong Amount
BNK008,PRD001,2024-11-01,Nov-2024,254,148,106,58.27,9.6,Non-receipt of Funds
BNK008,PRD001,2024-12-01,Dec-2024,366,277,89,75.68,3.7,Double Debit
BNK008,PRD001,2025-01-01,Jan-2025,347,216,131,62.25,28.7,Non-receipt of Funds
BNK008,PRD001,2025-02-01,Feb-2025,261,159,102,60.92,28.7,Fraudulent Txn
BNK008,PRD001,2025-03-01,Mar-2025,328,260,68,79.27,15.3,Double Debit
BNK008,PRD002,2024-04-01,Apr-2024,387,327,60,84.5,18.1,Non-receipt of Funds
BNK008,PRD002,2024-05-01,May-2024,267,173,94,64.79,29.8,Wrong Amount
BNK008,PRD002,2024-06-01,Jun-2024,359,206,153,57.38,2.4,Non-receipt of Funds
BNK008,PRD002,2024-07-01,Jul-2024,265,143,122,53.96,16.9,Reversal Pending
BNK008,PRD002,2024-08-01,Aug-2024,247,142,105,57.49,12.7,Double Debit
BNK008,PRD002,2024-09-01,Sep-2024,254,165,89,64.96,3.4,Fraudulent Txn
BNK008,PRD002,2024-10-01,Oct-2024,262,172,90,65.65,21.4,Non-receipt of Funds
BNK008,PRD002,2024-11-01,Nov-2024,248,216,32,87.1,23.8,Fraudulent Txn
BNK008,PRD002,2024-12-01,Dec-2024,329,267,62,81.16,8.6,Double Debit
BNK008,PRD002,2025-01-01,Jan-2025,348,183,165,52.59,12.1,Double Debit
BNK008,PRD002,2025-02-01,Feb-2025,383,280,103,73.11,2.3,Double Debit
BNK008,PRD002,2025-03-01,Mar-2025,311,194,117,62.38,3.7,Double Debit
BNK008,PRD003,2024-04-01,Apr-2024,276,174,102,63.04,24.3,Fraudulent Txn
BNK008,PRD003,2024-05-01,May-2024,243,166,77,68.31,19.2,Fraudulent Txn
BNK008,PRD003,2024-06-01,Jun-2024,268,217,51,80.97,20.3,Non-receipt of Funds
BNK008,PRD003,2024-07-01,Jul-2024,264,143,121,54.17,17.1,Double Debit
BNK008,PRD003,2024-08-01,Aug-2024,324,258,66,79.63,15.2,Fraudulent Txn
BNK008,PRD003,2024-09-01,Sep-2024,338,236,102,69.82,7.2,Fraudulent Txn
BNK008,PRD003,2024-10-01,Oct-2024,360,216,144,60.0,26.4,Wrong Amount
BNK008,PRD003,2024-11-01,Nov-2024,351,286,65,81.48,30.0,Fraudulent Txn
BNK008,PRD003,2024-12-01,Dec-2024,325,233,92,71.69,29.8,Fraudulent Txn
BNK008,PRD003,2025-01-01,Jan-2025,311,156,155,50.16,9.2,Non-receipt of Funds
BNK008,PRD003,2025-02-01,Feb-2025,301,268,33,89.04,6.1,Non-receipt of Funds
BNK008,PRD003,2025-03-01,Mar-2025,353,217,136,61.47,24.0,Non-receipt of Funds
BNK008,PRD004,2024-04-01,Apr-2024,267,148,119,55.43,20.1,Fraudulent Txn
BNK008,PRD004,2024-05-01,May-2024,261,149,112,57.09,27.5,Wrong Amount
BNK008,PRD004,2024-06-01,Jun-2024,353,196,157,55.52,22.5,Fraudulent Txn
BNK008,PRD004,2024-07-01,Jul-2024,327,203,124,62.08,25.1,Double Debit
BNK008,PRD004,2024-08-01,Aug-2024,372,241,131,64.78,2.6,Non-receipt of Funds
BNK008,PRD004,2024-09-01,Sep-2024,303,227,76,74.92,10.8,Non-receipt of Funds
BNK008,PRD004,2024-10-01,Oct-2024,378,260,118,68.78,4.2,Double Debit
BNK008,PRD004,2024-11-01,Nov-2024,330,204,126,61.82,17.6,Non-receipt of Funds
BNK008,PRD004,2024-12-01,Dec-2024,280,178,102,63.57,21.4,Reversal Pending
BNK008,PRD004,2025-01-01,Jan-2025,321,174,147,54.21,3.0,Fraudulent Txn
BNK008,PRD004,2025-02-01,Feb-2025,255,195,60,76.47,11.0,Reversal Pending
BNK008,PRD004,2025-03-01,Mar-2025,327,273,54,83.49,6.8,Double Debit
BNK008,PRD005,2024-04-01,Apr-2024,321,212,109,66.04,23.2,Wrong Amount
BNK008,PRD005,2024-05-01,May-2024,349,286,63,81.95,26.8,Wrong Amount
BNK008,PRD005,2024-06-01,Jun-2024,311,208,103,66.88,26.6,Reversal Pending
BNK008,PRD005,2024-07-01,Jul-2024,341,187,154,54.84,15.0,Fraudulent Txn
BNK008,PRD005,2024-08-01,Aug-2024,376,263,113,69.95,9.5,Double Debit
BNK008,PRD005,2024-09-01,Sep-2024,278,195,83,70.14,8.5,Reversal Pending
BNK008,PRD005,2024-10-01,Oct-2024,386,343,43,88.86,5.1,Fraudulent Txn
BNK008,PRD005,2024-11-01,Nov-2024,313,234,79,74.76,17.9,Fraudulent Txn
BNK008,PRD005,2024-12-01,Dec-2024,305,157,148,51.48,13.3,Reversal Pending
BNK008,PRD005,2025-01-01,Jan-2025,379,306,73,80.74,28.4,Non-receipt of Funds
BNK008,PRD005,2025-02-01,Feb-2025,298,263,35,88.26,19.5,Non-receipt of Funds
BNK008,PRD005,2025-03-01,Mar-2025,357,318,39,89.08,9.8,Wrong Amount
BNK009,PRD001,2024-04-01,Apr-2024,84,51,33,60.71,28.4,Fraudulent Txn
BNK009,PRD001,2024-05-01,May-2024,84,45,39,53.57,18.1,Reversal Pending
BNK009,PRD001,2024-06-01,Jun-2024,80,48,32,60.0,7.2,Fraudulent Txn
BNK009,PRD001,2024-07-01,Jul-2024,70,62,8,88.57,7.6,Double Debit
BNK009,PRD001,2024-08-01,Aug-2024,91,72,19,79.12,26.3,Wrong Amount
BNK009,PRD001,2024-09-01,Sep-2024,100,50,50,50.0,7.8,Non-receipt of Funds
BNK009,PRD001,2024-10-01,Oct-2024,64,32,32,50.0,17.4,Double Debit
BNK009,PRD001,2024-11-01,Nov-2024,73,45,28,61.64,22.0,Double Debit
BNK009,PRD001,2024-12-01,Dec-2024,82,60,22,73.17,19.1,Fraudulent Txn
BNK009,PRD001,2025-01-01,Jan-2025,84,61,23,72.62,23.8,Fraudulent Txn
BNK009,PRD001,2025-02-01,Feb-2025,68,37,31,54.41,24.4,Fraudulent Txn
BNK009,PRD001,2025-03-01,Mar-2025,87,73,14,83.91,4.6,Reversal Pending
BNK009,PRD002,2024-04-01,Apr-2024,94,70,24,74.47,25.0,Non-receipt of Funds
BNK009,PRD002,2024-05-01,May-2024,91,52,39,57.14,14.8,Reversal Pending
BNK009,PRD002,2024-06-01,Jun-2024,90,79,11,87.78,18.2,Double Debit
BNK009,PRD002,2024-07-01,Jul-2024,93,69,24,74.19,12.9,Reversal Pending
BNK009,PRD002,2024-08-01,Aug-2024,95,60,35,63.16,17.2,Fraudulent Txn
BNK009,PRD002,2024-09-01,Sep-2024,101,85,16,84.16,17.3,Double Debit
BNK009,PRD002,2024-10-01,Oct-2024,103,67,36,65.05,3.1,Fraudulent Txn
BNK009,PRD002,2024-11-01,Nov-2024,100,82,18,82.0,29.2,Reversal Pending
BNK009,PRD002,2024-12-01,Dec-2024,75,44,31,58.67,14.2,Fraudulent Txn
BNK009,PRD002,2025-01-01,Jan-2025,92,54,38,58.7,14.5,Fraudulent Txn
BNK009,PRD002,2025-02-01,Feb-2025,84,44,40,52.38,4.6,Reversal Pending
BNK009,PRD002,2025-03-01,Mar-2025,86,55,31,63.95,9.3,Reversal Pending
BNK009,PRD003,2024-04-01,Apr-2024,69,50,19,72.46,24.5,Non-receipt of Funds
BNK009,PRD003,2024-05-01,May-2024,102,58,44,56.86,9.3,Fraudulent Txn
BNK009,PRD003,2024-06-01,Jun-2024,66,38,28,57.58,23.4,Wrong Amount
BNK009,PRD003,2024-07-01,Jul-2024,80,40,40,50.0,11.0,Reversal Pending
BNK009,PRD003,2024-08-01,Aug-2024,88,52,36,59.09,18.3,Wrong Amount
BNK009,PRD003,2024-09-01,Sep-2024,98,65,33,66.33,6.2,Fraudulent Txn
BNK009,PRD003,2024-10-01,Oct-2024,67,48,19,71.64,9.5,Fraudulent Txn
BNK009,PRD003,2024-11-01,Nov-2024,96,75,21,78.12,17.1,Fraudulent Txn
BNK009,PRD003,2024-12-01,Dec-2024,91,51,40,56.04,5.9,Non-receipt of Funds
BNK009,PRD003,2025-01-01,Jan-2025,84,62,22,73.81,23.5,Fraudulent Txn
BNK009,PRD003,2025-02-01,Feb-2025,69,59,10,85.51,5.9,Reversal Pending
BNK009,PRD003,2025-03-01,Mar-2025,77,65,12,84.42,15.9,Wrong Amount
BNK009,PRD004,2024-04-01,Apr-2024,100,68,32,68.0,24.1,Wrong Amount
BNK009,PRD004,2024-05-01,May-2024,89,51,38,57.3,10.7,Non-receipt of Funds
BNK009,PRD004,2024-06-01,Jun-2024,77,52,25,67.53,2.2,Fraudulent Txn
BNK009,PRD004,2024-07-01,Jul-2024,70,37,33,52.86,23.6,Non-receipt of Funds
BNK009,PRD004,2024-08-01,Aug-2024,86,54,32,62.79,17.4,Double Debit
BNK009,PRD004,2024-09-01,Sep-2024,101,75,26,74.26,24.0,Wrong Amount
BNK009,PRD004,2024-10-01,Oct-2024,77,39,38,50.65,20.6,Double Debit
BNK009,PRD004,2024-11-01,Nov-2024,68,34,34,50.0,15.0,Non-receipt of Funds
BNK009,PRD004,2024-12-01,Dec-2024,72,43,29,59.72,13.4,Fraudulent Txn
BNK009,PRD004,2025-01-01,Jan-2025,67,48,19,71.64,16.6,Double Debit
BNK009,PRD004,2025-02-01,Feb-2025,67,35,32,52.24,26.6,Non-receipt of Funds
BNK009,PRD004,2025-03-01,Mar-2025,72,62,10,86.11,17.9,Double Debit
BNK009,PRD005,2024-04-01,Apr-2024,66,35,31,53.03,2.8,Wrong Amount
BNK009,PRD005,2024-05-01,May-2024,101,79,22,78.22,2.3,Double Debit
BNK009,PRD005,2024-06-01,Jun-2024,81,51,30,62.96,28.8,Wrong Amount
BNK009,PRD005,2024-07-01,Jul-2024,76,60,16,78.95,29.2,Wrong Amount
BNK009,PRD005,2024-08-01,Aug-2024,90,77,13,85.56,29.4,Double Debit
BNK009,PRD005,2024-09-01,Sep-2024,103,86,17,83.5,10.4,Fraudulent Txn
BNK009,PRD005,2024-10-01,Oct-2024,68,36,32,52.94,8.6,Wrong Amount
BNK009,PRD005,2024-11-01,Nov-2024,83,66,17,79.52,19.5,Non-receipt of Funds
BNK009,PRD005,2024-12-01,Dec-2024,102,63,39,61.76,25.7,Wrong Amount
BNK009,PRD005,2025-01-01,Jan-2025,73,52,21,71.23,13.8,Double Debit
BNK009,PRD005,2025-02-01,Feb-2025,103,73,30,70.87,6.6,Wrong Amount
BNK009,PRD005,2025-03-01,Mar-2025,94,75,19,79.79,5.5,Double Debit
BNK010,PRD001,2024-04-01,Apr-2024,90,51,39,56.67,14.7,Fraudulent Txn
BNK010,PRD001,2024-05-01,May-2024,84,70,14,83.33,21.7,Double Debit
BNK010,PRD001,2024-06-01,Jun-2024,101,88,13,87.13,23.9,Non-receipt of Funds
BNK010,PRD001,2024-07-01,Jul-2024,98,59,39,60.2,4.1,Reversal Pending
BNK010,PRD001,2024-08-01,Aug-2024,99,84,15,84.85,13.4,Reversal Pending
BNK010,PRD001,2024-09-01,Sep-2024,81,68,13,83.95,9.5,Reversal Pending
BNK010,PRD001,2024-10-01,Oct-2024,75,51,24,68.0,4.3,Non-receipt of Funds
BNK010,PRD001,2024-11-01,Nov-2024,87,65,22,74.71,12.1,Fraudulent Txn
BNK010,PRD001,2024-12-01,Dec-2024,80,69,11,86.25,24.6,Wrong Amount
BNK010,PRD001,2025-01-01,Jan-2025,84,58,26,69.05,10.4,Non-receipt of Funds
BNK010,PRD001,2025-02-01,Feb-2025,69,43,26,62.32,9.6,Non-receipt of Funds
BNK010,PRD001,2025-03-01,Mar-2025,76,47,29,61.84,13.7,Double Debit
BNK010,PRD002,2024-04-01,Apr-2024,85,74,11,87.06,6.2,Wrong Amount
BNK010,PRD002,2024-05-01,May-2024,95,63,32,66.32,9.1,Wrong Amount
BNK010,PRD002,2024-06-01,Jun-2024,70,42,28,60.0,24.0,Fraudulent Txn
BNK010,PRD002,2024-07-01,Jul-2024,102,77,25,75.49,9.7,Wrong Amount
BNK010,PRD002,2024-08-01,Aug-2024,89,47,42,52.81,5.5,Reversal Pending
BNK010,PRD002,2024-09-01,Sep-2024,83,47,36,56.63,17.4,Reversal Pending
BNK010,PRD002,2024-10-01,Oct-2024,69,41,28,59.42,26.0,Double Debit
BNK010,PRD002,2024-11-01,Nov-2024,73,43,30,58.9,21.0,Wrong Amount
BNK010,PRD002,2024-12-01,Dec-2024,84,71,13,84.52,24.6,Fraudulent Txn
BNK010,PRD002,2025-01-01,Jan-2025,85,51,34,60.0,24.4,Reversal Pending
BNK010,PRD002,2025-02-01,Feb-2025,64,42,22,65.62,9.3,Fraudulent Txn
BNK010,PRD002,2025-03-01,Mar-2025,77,41,36,53.25,4.8,Fraudulent Txn
BNK010,PRD003,2024-04-01,Apr-2024,71,40,31,56.34,26.6,Wrong Amount
BNK010,PRD003,2024-05-01,May-2024,71,56,15,78.87,4.3,Non-receipt of Funds
BNK010,PRD003,2024-06-01,Jun-2024,73,37,36,50.68,21.8,Fraudulent Txn
BNK010,PRD003,2024-07-01,Jul-2024,76,60,16,78.95,16.8,Fraudulent Txn
BNK010,PRD003,2024-08-01,Aug-2024,96,57,39,59.38,6.0,Reversal Pending
BNK010,PRD003,2024-09-01,Sep-2024,79,70,9,88.61,7.7,Fraudulent Txn
BNK010,PRD003,2024-10-01,Oct-2024,103,59,44,57.28,18.7,Reversal Pending
BNK010,PRD003,2024-11-01,Nov-2024,97,72,25,74.23,27.5,Fraudulent Txn
BNK010,PRD003,2024-12-01,Dec-2024,67,55,12,82.09,2.9,Fraudulent Txn
BNK010,PRD003,2025-01-01,Jan-2025,72,62,10,86.11,15.3,Fraudulent Txn
BNK010,PRD003,2025-02-01,Feb-2025,73,58,15,79.45,15.9,Fraudulent Txn
BNK010,PRD003,2025-03-01,Mar-2025,87,59,28,67.82,20.3,Double Debit
BNK010,PRD004,2024-04-01,Apr-2024,65,51,14,78.46,26.8,Double Debit
BNK010,PRD004,2024-05-01,May-2024,99,55,44,55.56,29.7,Wrong Amount
BNK010,PRD004,2024-06-01,Jun-2024,91,67,24,73.63,23.0,Fraudulent Txn
BNK010,PRD004,2024-07-01,Jul-2024,92,55,37,59.78,18.3,Wrong Amount
BNK010,PRD004,2024-08-01,Aug-2024,97,73,24,75.26,25.0,Wrong Amount
BNK010,PRD004,2024-09-01,Sep-2024,98,85,13,86.73,19.6,Fraudulent Txn
BNK010,PRD004,2024-10-01,Oct-2024,72,48,24,66.67,8.3,Reversal Pending
BNK010,PRD004,2024-11-01,Nov-2024,70,38,32,54.29,15.2,Non-receipt of Funds
BNK010,PRD004,2024-12-01,Dec-2024,86,66,20,76.74,25.4,Reversal Pending
BNK010,PRD004,2025-01-01,Jan-2025,93,64,29,68.82,23.8,Reversal Pending
BNK010,PRD004,2025-02-01,Feb-2025,94,73,21,77.66,15.1,Double Debit
BNK010,PRD004,2025-03-01,Mar-2025,68,34,34,50.0,21.3,Fraudulent Txn
BNK010,PRD005,2024-04-01,Apr-2024,95,65,30,68.42,25.4,Non-receipt of Funds
BNK010,PRD005,2024-05-01,May-2024,99,76,23,76.77,26.6,Reversal Pending
BNK010,PRD005,2024-06-01,Jun-2024,89,58,31,65.17,15.5,Fraudulent Txn
BNK010,PRD005,2024-07-01,Jul-2024,85,58,27,68.24,25.5,Fraudulent Txn
BNK010,PRD005,2024-08-01,Aug-2024,81,54,27,66.67,26.2,Fraudulent Txn
BNK010,PRD005,2024-09-01,Sep-2024,71,43,28,60.56,2.4,Reversal Pending
BNK010,PRD005,2024-10-01,Oct-2024,78,49,29,62.82,26.3,Reversal Pending
BNK010,PRD005,2024-11-01,Nov-2024,65,36,29,55.38,9.2,Wrong Amount
BNK010,PRD005,2024-12-01,Dec-2024,71,57,14,80.28,8.0,Double Debit
BNK010,PRD005,2025-01-01,Jan-2025,102,57,45,55.88,25.1,Double Debit
BNK010,PRD005,2025-02-01,Feb-2025,87,70,17,80.46,12.8,Double Debit
BNK010,PRD005,2025-03-01,Mar-2025,86,72,14,83.72,9.3,Double Debit
BNK011,PRD001,2024-04-01,Apr-2024,64,52,12,81.25,21.1,Wrong Amount
BNK011,PRD001,2024-05-01,May-2024,66,49,17,74.24,5.3,Reversal Pending
BNK011,PRD001,2024-06-01,Jun-2024,97,83,14,85.57,12.2,Non-receipt of Funds
BNK011,PRD001,2024-07-01,Jul-2024,67,34,33,50.75,5.2,Double Debit
BNK011,PRD001,2024-08-01,Aug-2024,99,82,17,82.83,12.9,Fraudulent Txn
BNK011,PRD001,2024-09-01,Sep-2024,83,41,42,49.4,7.5,Fraudulent Txn
BNK011,PRD001,2024-10-01,Oct-2024,103,90,13,87.38,20.2,Wrong Amount
BNK011,PRD001,2024-11-01,Nov-2024,99,55,44,55.56,25.8,Fraudulent Txn
BNK011,PRD001,2024-12-01,Dec-2024,88,74,14,84.09,18.2,Wrong Amount
BNK011,PRD001,2025-01-01,Jan-2025,85,52,33,61.18,3.8,Fraudulent Txn
BNK011,PRD001,2025-02-01,Feb-2025,64,55,9,85.94,22.7,Reversal Pending
BNK011,PRD001,2025-03-01,Mar-2025,96,50,46,52.08,2.4,Non-receipt of Funds
BNK011,PRD002,2024-04-01,Apr-2024,65,35,30,53.85,27.5,Double Debit
BNK011,PRD002,2024-05-01,May-2024,83,53,30,63.86,24.6,Reversal Pending
BNK011,PRD002,2024-06-01,Jun-2024,103,80,23,77.67,13.3,Non-receipt of Funds
BNK011,PRD002,2024-07-01,Jul-2024,73,61,12,83.56,19.2,Wrong Amount
BNK011,PRD002,2024-08-01,Aug-2024,73,52,21,71.23,4.6,Wrong Amount
BNK011,PRD002,2024-09-01,Sep-2024,64,35,29,54.69,23.3,Double Debit
BNK011,PRD002,2024-10-01,Oct-2024,80,64,16,80.0,6.4,Reversal Pending
BNK011,PRD002,2024-11-01,Nov-2024,96,70,26,72.92,13.9,Fraudulent Txn
BNK011,PRD002,2024-12-01,Dec-2024,76,45,31,59.21,11.4,Fraudulent Txn
BNK011,PRD002,2025-01-01,Jan-2025,69,55,14,79.71,27.4,Double Debit
BNK011,PRD002,2025-02-01,Feb-2025,77,41,36,53.25,8.6,Wrong Amount
BNK011,PRD002,2025-03-01,Mar-2025,94,65,29,69.15,4.8,Wrong Amount
BNK011,PRD003,2024-04-01,Apr-2024,74,48,26,64.86,28.3,Fraudulent Txn
BNK011,PRD003,2024-05-01,May-2024,94,77,17,81.91,14.9,Non-receipt of Funds
BNK011,PRD003,2024-06-01,Jun-2024,93,47,46,50.54,10.3,Wrong Amount
BNK011,PRD003,2024-07-01,Jul-2024,81,64,17,79.01,29.7,Wrong Amount
BNK011,PRD003,2024-08-01,Aug-2024,80,54,26,67.5,6.0,Wrong Amount
BNK011,PRD003,2024-09-01,Sep-2024,66,35,31,53.03,14.9,Fraudulent Txn
BNK011,PRD003,2024-10-01,Oct-2024,97,66,31,68.04,12.1,Wrong Amount
BNK011,PRD003,2024-11-01,Nov-2024,94,65,29,69.15,29.9,Non-receipt of Funds
BNK011,PRD003,2024-12-01,Dec-2024,83,65,18,78.31,8.1,Double Debit
BNK011,PRD003,2025-01-01,Jan-2025,76,67,9,88.16,16.8,Non-receipt of Funds
BNK011,PRD003,2025-02-01,Feb-2025,99,61,38,61.62,4.0,Wrong Amount
BNK011,PRD003,2025-03-01,Mar-2025,84,52,32,61.9,14.9,Non-receipt of Funds
BNK011,PRD004,2024-04-01,Apr-2024,79,44,35,55.7,6.8,Wrong Amount
BNK011,PRD004,2024-05-01,May-2024,94,61,33,64.89,16.8,Non-receipt of Funds
BNK011,PRD004,2024-06-01,Jun-2024,99,56,43,56.57,16.5,Wrong Amount
BNK011,PRD004,2024-07-01,Jul-2024,103,69,34,66.99,14.0,Non-receipt of Funds
BNK011,PRD004,2024-08-01,Aug-2024,64,48,16,75.0,12.6,Non-receipt of Funds
BNK011,PRD004,2024-09-01,Sep-2024,69,60,9,86.96,26.1,Non-receipt of Funds
BNK011,PRD004,2024-10-01,Oct-2024,101,58,43,57.43,17.4,Double Debit
BNK011,PRD004,2024-11-01,Nov-2024,83,64,19,77.11,12.0,Non-receipt of Funds
BNK011,PRD004,2024-12-01,Dec-2024,72,51,21,70.83,22.2,Double Debit
BNK011,PRD004,2025-01-01,Jan-2025,88,58,30,65.91,20.8,Fraudulent Txn
BNK011,PRD004,2025-02-01,Feb-2025,95,67,28,70.53,28.2,Double Debit
BNK011,PRD004,2025-03-01,Mar-2025,87,51,36,58.62,3.6,Wrong Amount
BNK011,PRD005,2024-04-01,Apr-2024,95,77,18,81.05,9.3,Wrong Amount
BNK011,PRD005,2024-05-01,May-2024,95,73,22,76.84,28.4,Reversal Pending
BNK011,PRD005,2024-06-01,Jun-2024,94,64,30,68.09,18.2,Fraudulent Txn
BNK011,PRD005,2024-07-01,Jul-2024,102,64,38,62.75,25.9,Double Debit
BNK011,PRD005,2024-08-01,Aug-2024,102,82,20,80.39,10.8,Wrong Amount
BNK011,PRD005,2024-09-01,Sep-2024,80,41,39,51.25,15.3,Reversal Pending
BNK011,PRD005,2024-10-01,Oct-2024,99,69,30,69.7,11.5,Wrong Amount
BNK011,PRD005,2024-11-01,Nov-2024,70,58,12,82.86,18.4,Fraudulent Txn
BNK011,PRD005,2024-12-01,Dec-2024,73,59,14,80.82,9.3,Non-receipt of Funds
BNK011,PRD005,2025-01-01,Jan-2025,83,70,13,84.34,23.0,Non-receipt of Funds
BNK011,PRD005,2025-02-01,Feb-2025,82,47,35,57.32,3.7,Non-receipt of Funds
BNK011,PRD005,2025-03-01,Mar-2025,71,53,18,74.65,15.5,Fraudulent Txn
BNK012,PRD001,2024-04-01,Apr-2024,94,78,16,82.98,25.2,Double Debit
BNK012,PRD001,2024-05-01,May-2024,81,44,37,54.32,15.8,Double Debit
BNK012,PRD001,2024-06-01,Jun-2024,70,56,14,80.0,6.4,Reversal Pending
BNK012,PRD001,2024-07-01,Jul-2024,78,48,30,61.54,25.4,Double Debit
BNK012,PRD001,2024-08-01,Aug-2024,87,51,36,58.62,12.5,Fraudulent Txn
BNK012,PRD001,2024-09-01,Sep-2024,97,85,12,87.63,2.2,Reversal Pending
BNK012,PRD001,2024-10-01,Oct-2024,98,56,42,57.14,2.8,Non-receipt of Funds
BNK012,PRD001,2024-11-01,Nov-2024,93,83,10,89.25,29.6,Reversal Pending
BNK012,PRD001,2024-12-01,Dec-2024,64,57,7,89.06,26.9,Non-receipt of Funds
BNK012,PRD001,2025-01-01,Jan-2025,91,55,36,60.44,25.2,Fraudulent Txn
BNK012,PRD001,2025-02-01,Feb-2025,80,40,40,50.0,4.0,Double Debit
BNK012,PRD001,2025-03-01,Mar-2025,99,79,20,79.8,27.8,Fraudulent Txn
BNK012,PRD002,2024-04-01,Apr-2024,80,46,34,57.5,26.8,Fraudulent Txn
BNK012,PRD002,2024-05-01,May-2024,99,76,23,76.77,28.4,Wrong Amount
BNK012,PRD002,2024-06-01,Jun-2024,87,50,37,57.47,13.6,Double Debit
BNK012,PRD002,2024-07-01,Jul-2024,71,61,10,85.92,12.5,Non-receipt of Funds
BNK012,PRD002,2024-08-01,Aug-2024,98,82,16,83.67,14.3,Reversal Pending
BNK012,PRD002,2024-09-01,Sep-2024,75,50,25,66.67,29.4,Reversal Pending
BNK012,PRD002,2024-10-01,Oct-2024,64,37,27,57.81,17.8,Double Debit
BNK012,PRD002,2024-11-01,Nov-2024,94,59,35,62.77,3.7,Wrong Amount
BNK012,PRD002,2024-12-01,Dec-2024,88,65,23,73.86,29.6,Wrong Amount
BNK012,PRD002,2025-01-01,Jan-2025,68,50,18,73.53,22.7,Non-receipt of Funds
BNK012,PRD002,2025-02-01,Feb-2025,69,53,16,76.81,29.8,Double Debit
BNK012,PRD002,2025-03-01,Mar-2025,71,59,12,83.1,6.5,Reversal Pending
BNK012,PRD003,2024-04-01,Apr-2024,68,44,24,64.71,11.7,Fraudulent Txn
BNK012,PRD003,2024-05-01,May-2024,75,60,15,80.0,24.9,Fraudulent Txn
BNK012,PRD003,2024-06-01,Jun-2024,69,46,23,66.67,13.8,Double Debit
BNK012,PRD003,2024-07-01,Jul-2024,89,73,16,82.02,14.7,Non-receipt of Funds
BNK012,PRD003,2024-08-01,Aug-2024,86,53,33,61.63,29.4,Reversal Pending
BNK012,PRD003,2024-09-01,Sep-2024,83,62,21,74.7,19.5,Wrong Amount
BNK012,PRD003,2024-10-01,Oct-2024,64,50,14,78.12,16.2,Reversal Pending
BNK012,PRD003,2024-11-01,Nov-2024,81,66,15,81.48,13.7,Double Debit
BNK012,PRD003,2024-12-01,Dec-2024,103,82,21,79.61,25.7,Fraudulent Txn
BNK012,PRD003,2025-01-01,Jan-2025,70,50,20,71.43,20.6,Fraudulent Txn
BNK012,PRD003,2025-02-01,Feb-2025,86,71,15,82.56,6.8,Fraudulent Txn
BNK012,PRD003,2025-03-01,Mar-2025,70,56,14,80.0,27.3,Wrong Amount
BNK012,PRD004,2024-04-01,Apr-2024,99,58,41,58.59,2.9,Wrong Amount
BNK012,PRD004,2024-05-01,May-2024,85,73,12,85.88,18.4,Non-receipt of Funds
BNK012,PRD004,2024-06-01,Jun-2024,99,63,36,63.64,7.4,Non-receipt of Funds
BNK012,PRD004,2024-07-01,Jul-2024,70,61,9,87.14,8.9,Fraudulent Txn
BNK012,PRD004,2024-08-01,Aug-2024,65,53,12,81.54,27.4,Wrong Amount
BNK012,PRD004,2024-09-01,Sep-2024,77,68,9,88.31,5.2,Non-receipt of Funds
BNK012,PRD004,2024-10-01,Oct-2024,103,63,40,61.17,24.3,Fraudulent Txn
BNK012,PRD004,2024-11-01,Nov-2024,73,48,25,65.75,16.1,Reversal Pending
BNK012,PRD004,2024-12-01,Dec-2024,96,58,38,60.42,23.9,Reversal Pending
BNK012,PRD004,2025-01-01,Jan-2025,71,57,14,80.28,7.4,Non-receipt of Funds
BNK012,PRD004,2025-02-01,Feb-2025,75,44,31,58.67,27.7,Reversal Pending
BNK012,PRD004,2025-03-01,Mar-2025,81,40,41,49.38,17.0,Wrong Amount
BNK012,PRD005,2024-04-01,Apr-2024,86,68,18,79.07,30.0,Non-receipt of Funds
BNK012,PRD005,2024-05-01,May-2024,68,56,12,82.35,24.1,Wrong Amount
BNK012,PRD005,2024-06-01,Jun-2024,67,57,10,85.07,3.6,Wrong Amount
BNK012,PRD005,2024-07-01,Jul-2024,94,61,33,64.89,27.4,Reversal Pending
BNK012,PRD005,2024-08-01,Aug-2024,88,48,40,54.55,3.6,Non-receipt of Funds
BNK012,PRD005,2024-09-01,Sep-2024,73,50,23,68.49,7.5,Double Debit
BNK012,PRD005,2024-10-01,Oct-2024,82,60,22,73.17,9.8,Fraudulent Txn
BNK012,PRD005,2024-11-01,Nov-2024,100,65,35,65.0,18.7,Wrong Amount
BNK012,PRD005,2024-12-01,Dec-2024,89,64,25,71.91,27.2,Wrong Amount
BNK012,PRD005,2025-01-01,Jan-2025,88,72,16,81.82,18.4,Non-receipt of Funds
BNK012,PRD005,2025-02-01,Feb-2025,79,41,38,51.9,8.4,Double Debit
BNK012,PRD005,2025-03-01,Mar-2025,78,61,17,78.21,5.6,Double Debit
BNK013,PRD001,2024-04-01,Apr-2024,98,59,39,60.2,10.9,Reversal Pending
BNK013,PRD001,2024-05-01,May-2024,89,58,31,65.17,12.7,Non-receipt of Funds
BNK013,PRD001,2024-06-01,Jun-2024,92,78,14,84.78,13.9,Double Debit
BNK013,PRD001,2024-07-01,Jul-2024,96,56,40,58.33,2.1,Reversal Pending
BNK013,PRD001,2024-08-01,Aug-2024,70,55,15,78.57,16.9,Wrong Amount
BNK013,PRD001,2024-09-01,Sep-2024,76,42,34,55.26,3.7,Non-receipt of Funds
BNK013,PRD001,2024-10-01,Oct-2024,92,48,44,52.17,21.4,Wrong Amount
BNK013,PRD001,2024-11-01,Nov-2024,78,48,30,61.54,9.6,Non-receipt of Funds
BNK013,PRD001,2024-12-01,Dec-2024,68,51,17,75.0,10.4,Fraudulent Txn
BNK013,PRD001,2025-01-01,Jan-2025,84,56,28,66.67,27.7,Double Debit
BNK013,PRD001,2025-02-01,Feb-2025,89,53,36,59.55,19.0,Non-receipt of Funds
BNK013,PRD001,2025-03-01,Mar-2025,78,62,16,79.49,26.1,Non-receipt of Funds
BNK013,PRD002,2024-04-01,Apr-2024,102,71,31,69.61,8.6,Wrong Amount
BNK013,PRD002,2024-05-01,May-2024,89,68,21,76.4,21.6,Reversal Pending
BNK013,PRD002,2024-06-01,Jun-2024,95,69,26,72.63,22.6,Fraudulent Txn
BNK013,PRD002,2024-07-01,Jul-2024,76,54,22,71.05,15.8,Double Debit
BNK013,PRD002,2024-08-01,Aug-2024,83,54,29,65.06,18.1,Non-receipt of Funds
BNK013,PRD002,2024-09-01,Sep-2024,99,79,20,79.8,18.5,Reversal Pending
BNK013,PRD002,2024-10-01,Oct-2024,81,43,38,53.09,26.4,Fraudulent Txn
BNK013,PRD002,2024-11-01,Nov-2024,70,48,22,68.57,17.2,Wrong Amount
BNK013,PRD002,2024-12-01,Dec-2024,102,62,40,60.78,26.7,Wrong Amount
BNK013,PRD002,2025-01-01,Jan-2025,89,72,17,80.9,12.1,Reversal Pending
BNK013,PRD002,2025-02-01,Feb-2025,85,70,15,82.35,17.2,Wrong Amount
BNK013,PRD002,2025-03-01,Mar-2025,91,71,20,78.02,15.4,Double Debit
BNK013,PRD003,2024-04-01,Apr-2024,95,48,47,50.53,16.2,Double Debit
BNK013,PRD003,2024-05-01,May-2024,83,63,20,75.9,23.8,Wrong Amount
BNK013,PRD003,2024-06-01,Jun-2024,76,44,32,57.89,23.8,Wrong Amount
BNK013,PRD003,2024-07-01,Jul-2024,93,49,44,52.69,18.4,Non-receipt of Funds
BNK013,PRD003,2024-08-01,Aug-2024,86,48,38,55.81,26.3,Fraudulent Txn
BNK013,PRD003,2024-09-01,Sep-2024,94,67,27,71.28,11.9,Double Debit
BNK013,PRD003,2024-10-01,Oct-2024,70,59,11,84.29,10.4,Non-receipt of Funds
BNK013,PRD003,2024-11-01,Nov-2024,86,49,37,56.98,23.3,Non-receipt of Funds
BNK013,PRD003,2024-12-01,Dec-2024,89,47,42,52.81,28.5,Non-receipt of Funds
BNK013,PRD003,2025-01-01,Jan-2025,73,44,29,60.27,10.0,Reversal Pending
BNK013,PRD003,2025-02-01,Feb-2025,71,35,36,49.3,2.4,Double Debit
BNK013,PRD003,2025-03-01,Mar-2025,79,65,14,82.28,14.4,Non-receipt of Funds
BNK013,PRD004,2024-04-01,Apr-2024,80,40,40,50.0,27.7,Wrong Amount
BNK013,PRD004,2024-05-01,May-2024,97,50,47,51.55,18.3,Double Debit
BNK013,PRD004,2024-06-01,Jun-2024,71,37,34,52.11,25.4,Fraudulent Txn
BNK013,PRD004,2024-07-01,Jul-2024,64,37,27,57.81,4.1,Fraudulent Txn
BNK013,PRD004,2024-08-01,Aug-2024,86,51,35,59.3,23.4,Reversal Pending
BNK013,PRD004,2024-09-01,Sep-2024,88,48,40,54.55,10.3,Double Debit
BNK013,PRD004,2024-10-01,Oct-2024,67,58,9,86.57,8.2,Fraudulent Txn
BNK013,PRD004,2024-11-01,Nov-2024,91,60,31,65.93,2.6,Reversal Pending
BNK013,PRD004,2024-12-01,Dec-2024,69,47,22,68.12,3.0,Double Debit
BNK013,PRD004,2025-01-01,Jan-2025,75,40,35,53.33,21.2,Double Debit
BNK013,PRD004,2025-02-01,Feb-2025,97,50,47,51.55,29.3,Non-receipt of Funds
BNK013,PRD004,2025-03-01,Mar-2025,79,46,33,58.23,16.7,Wrong Amount
BNK013,PRD005,2024-04-01,Apr-2024,64,46,18,71.88,8.4,Non-receipt of Funds
BNK013,PRD005,2024-05-01,May-2024,71,47,24,66.2,14.5,Double Debit
BNK013,PRD005,2024-06-01,Jun-2024,90,75,15,83.33,20.9,Non-receipt of Funds
BNK013,PRD005,2024-07-01,Jul-2024,103,88,15,85.44,24.0,Fraudulent Txn
BNK013,PRD005,2024-08-01,Aug-2024,64,55,9,85.94,19.3,Wrong Amount
BNK013,PRD005,2024-09-01,Sep-2024,92,81,11,88.04,10.4,Non-receipt of Funds
BNK013,PRD005,2024-10-01,Oct-2024,92,60,32,65.22,9.7,Wrong Amount
BNK013,PRD005,2024-11-01,Nov-2024,68,54,14,79.41,14.9,Double Debit
BNK013,PRD005,2024-12-01,Dec-2024,82,70,12,85.37,16.7,Double Debit
BNK013,PRD005,2025-01-01,Jan-2025,102,87,15,85.29,23.1,Double Debit
BNK013,PRD005,2025-02-01,Feb-2025,98,57,41,58.16,9.0,Wrong Amount
BNK013,PRD005,2025-03-01,Mar-2025,71,63,8,88.73,24.9,Double Debit
BNK014,PRD001,2024-04-01,Apr-2024,24,16,8,66.67,26.0,Fraudulent Txn
BNK014,PRD001,2024-05-01,May-2024,21,14,7,66.67,29.9,Double Debit
BNK014,PRD001,2024-06-01,Jun-2024,22,15,7,68.18,6.8,Non-receipt of Funds
BNK014,PRD001,2024-07-01,Jul-2024,16,9,7,56.25,17.7,Double Debit
BNK014,PRD001,2024-08-01,Aug-2024,19,15,4,78.95,4.2,Double Debit
BNK014,PRD001,2024-09-01,Sep-2024,17,10,7,58.82,14.0,Wrong Amount
BNK014,PRD001,2024-10-01,Oct-2024,23,16,7,69.57,12.9,Wrong Amount
BNK014,PRD001,2024-11-01,Nov-2024,20,16,4,80.0,2.3,Wrong Amount
BNK014,PRD001,2024-12-01,Dec-2024,24,19,5,79.17,12.4,Non-receipt of Funds
BNK014,PRD001,2025-01-01,Jan-2025,19,15,4,78.95,13.7,Reversal Pending
BNK014,PRD001,2025-02-01,Feb-2025,16,12,4,75.0,6.8,Reversal Pending
BNK014,PRD001,2025-03-01,Mar-2025,20,15,5,75.0,3.8,Fraudulent Txn
BNK014,PRD002,2024-04-01,Apr-2024,25,12,13,48.0,11.5,Reversal Pending
BNK014,PRD002,2024-05-01,May-2024,24,18,6,75.0,10.8,Wrong Amount
BNK014,PRD002,2024-06-01,Jun-2024,17,11,6,64.71,9.8,Wrong Amount
BNK014,PRD002,2024-07-01,Jul-2024,23,17,6,73.91,25.4,Fraudulent Txn
BNK014,PRD002,2024-08-01,Aug-2024,21,12,9,57.14,16.9,Wrong Amount
BNK014,PRD002,2024-09-01,Sep-2024,22,11,11,50.0,15.7,Double Debit
BNK014,PRD002,2024-10-01,Oct-2024,23,14,9,60.87,14.8,Reversal Pending
BNK014,PRD002,2024-11-01,Nov-2024,18,10,8,55.56,3.4,Double Debit
BNK014,PRD002,2024-12-01,Dec-2024,16,12,4,75.0,25.6,Wrong Amount
BNK014,PRD002,2025-01-01,Jan-2025,24,14,10,58.33,13.6,Double Debit
BNK014,PRD002,2025-02-01,Feb-2025,17,14,3,82.35,23.1,Double Debit
BNK014,PRD002,2025-03-01,Mar-2025,21,17,4,80.95,29.0,Fraudulent Txn
BNK014,PRD003,2024-04-01,Apr-2024,19,11,8,57.89,21.4,Reversal Pending
BNK014,PRD003,2024-05-01,May-2024,19,13,6,68.42,19.1,Fraudulent Txn
BNK014,PRD003,2024-06-01,Jun-2024,25,13,12,52.0,15.3,Non-receipt of Funds
BNK014,PRD003,2024-07-01,Jul-2024,21,11,10,52.38,23.8,Wrong Amount
BNK014,PRD003,2024-08-01,Aug-2024,19,14,5,73.68,20.2,Reversal Pending
BNK014,PRD003,2024-09-01,Sep-2024,19,11,8,57.89,8.6,Double Debit
BNK014,PRD003,2024-10-01,Oct-2024,23,15,8,65.22,11.4,Fraudulent Txn
BNK014,PRD003,2024-11-01,Nov-2024,18,10,8,55.56,9.5,Double Debit
BNK014,PRD003,2024-12-01,Dec-2024,21,12,9,57.14,2.8,Double Debit
BNK014,PRD003,2025-01-01,Jan-2025,22,16,6,72.73,2.6,Double Debit
BNK014,PRD003,2025-02-01,Feb-2025,20,16,4,80.0,27.3,Reversal Pending
BNK014,PRD003,2025-03-01,Mar-2025,25,14,11,56.0,7.1,Double Debit
BNK014,PRD004,2024-04-01,Apr-2024,24,16,8,66.67,18.1,Wrong Amount
BNK014,PRD004,2024-05-01,May-2024,23,17,6,73.91,23.6,Double Debit
BNK014,PRD004,2024-06-01,Jun-2024,21,14,7,66.67,11.2,Reversal Pending
BNK014,PRD004,2024-07-01,Jul-2024,23,17,6,73.91,24.6,Fraudulent Txn
BNK014,PRD004,2024-08-01,Aug-2024,19,15,4,78.95,18.0,Non-receipt of Funds
BNK014,PRD004,2024-09-01,Sep-2024,19,15,4,78.95,21.5,Reversal Pending
BNK014,PRD004,2024-10-01,Oct-2024,24,16,8,66.67,15.5,Double Debit
BNK014,PRD004,2024-11-01,Nov-2024,16,13,3,81.25,24.4,Wrong Amount
BNK014,PRD004,2024-12-01,Dec-2024,24,20,4,83.33,19.8,Reversal Pending
BNK014,PRD004,2025-01-01,Jan-2025,17,14,3,82.35,21.4,Fraudulent Txn
BNK014,PRD004,2025-02-01,Feb-2025,18,15,3,83.33,13.8,Fraudulent Txn
BNK014,PRD004,2025-03-01,Mar-2025,21,13,8,61.9,22.3,Fraudulent Txn
BNK014,PRD005,2024-04-01,Apr-2024,20,11,9,55.0,25.5,Fraudulent Txn
BNK014,PRD005,2024-05-01,May-2024,20,11,9,55.0,28.1,Fraudulent Txn
BNK014,PRD005,2024-06-01,Jun-2024,20,17,3,85.0,18.2,Non-receipt of Funds
BNK014,PRD005,2024-07-01,Jul-2024,23,16,7,69.57,19.2,Reversal Pending
BNK014,PRD005,2024-08-01,Aug-2024,24,20,4,83.33,15.7,Reversal Pending
BNK014,PRD005,2024-09-01,Sep-2024,17,13,4,76.47,29.0,Non-receipt of Funds
BNK014,PRD005,2024-10-01,Oct-2024,23,13,10,56.52,4.5,Fraudulent Txn
BNK014,PRD005,2024-11-01,Nov-2024,21,17,4,80.95,10.6,Wrong Amount
BNK014,PRD005,2024-12-01,Dec-2024,17,12,5,70.59,6.4,Non-receipt of Funds
BNK014,PRD005,2025-01-01,Jan-2025,23,16,7,69.57,21.2,Non-receipt of Funds
BNK014,PRD005,2025-02-01,Feb-2025,25,13,12,52.0,23.6,Wrong Amount
BNK014,PRD005,2025-03-01,Mar-2025,19,17,2,89.47,18.8,Fraudulent Txn
BNK015,PRD001,2024-04-01,Apr-2024,68,43,25,63.24,17.8,Double Debit
BNK015,PRD001,2024-05-01,May-2024,81,72,9,88.89,18.8,Fraudulent Txn
BNK015,PRD001,2024-06-01,Jun-2024,88,72,16,81.82,14.3,Fraudulent Txn
BNK015,PRD001,2024-07-01,Jul-2024,78,70,8,89.74,16.9,Wrong Amount
BNK015,PRD001,2024-08-01,Aug-2024,73,63,10,86.3,22.8,Wrong Amount
BNK015,PRD001,2024-09-01,Sep-2024,90,53,37,58.89,3.5,Non-receipt of Funds
BNK015,PRD001,2024-10-01,Oct-2024,95,73,22,76.84,25.0,Fraudulent Txn
BNK015,PRD001,2024-11-01,Nov-2024,82,58,24,70.73,13.6,Reversal Pending
BNK015,PRD001,2024-12-01,Dec-2024,98,49,49,50.0,19.8,Wrong Amount
BNK015,PRD001,2025-01-01,Jan-2025,90,69,21,76.67,11.6,Reversal Pending
BNK015,PRD001,2025-02-01,Feb-2025,87,69,18,79.31,27.3,Fraudulent Txn
BNK015,PRD001,2025-03-01,Mar-2025,68,51,17,75.0,9.1,Reversal Pending
BNK015,PRD002,2024-04-01,Apr-2024,100,76,24,76.0,27.2,Reversal Pending
BNK015,PRD002,2024-05-01,May-2024,67,33,34,49.25,28.3,Fraudulent Txn
BNK015,PRD002,2024-06-01,Jun-2024,68,35,33,51.47,18.8,Non-receipt of Funds
BNK015,PRD002,2024-07-01,Jul-2024,80,49,31,61.25,14.5,Fraudulent Txn
BNK015,PRD002,2024-08-01,Aug-2024,72,50,22,69.44,17.1,Reversal Pending
BNK015,PRD002,2024-09-01,Sep-2024,89,75,14,84.27,26.1,Double Debit
BNK015,PRD002,2024-10-01,Oct-2024,70,39,31,55.71,6.6,Double Debit
BNK015,PRD002,2024-11-01,Nov-2024,86,65,21,75.58,23.6,Wrong Amount
BNK015,PRD002,2024-12-01,Dec-2024,97,61,36,62.89,28.5,Fraudulent Txn
BNK015,PRD002,2025-01-01,Jan-2025,82,57,25,69.51,20.5,Wrong Amount
BNK015,PRD002,2025-02-01,Feb-2025,102,58,44,56.86,20.1,Wrong Amount
BNK015,PRD002,2025-03-01,Mar-2025,67,44,23,65.67,2.1,Reversal Pending
BNK015,PRD003,2024-04-01,Apr-2024,91,71,20,78.02,26.8,Double Debit
BNK015,PRD003,2024-05-01,May-2024,98,55,43,56.12,15.2,Double Debit
BNK015,PRD003,2024-06-01,Jun-2024,69,49,20,71.01,16.9,Fraudulent Txn
BNK015,PRD003,2024-07-01,Jul-2024,73,40,33,54.79,3.6,Non-receipt of Funds
BNK015,PRD003,2024-08-01,Aug-2024,103,68,35,66.02,20.8,Wrong Amount
BNK015,PRD003,2024-09-01,Sep-2024,75,44,31,58.67,24.5,Double Debit
BNK015,PRD003,2024-10-01,Oct-2024,89,51,38,57.3,9.1,Reversal Pending
BNK015,PRD003,2024-11-01,Nov-2024,91,77,14,84.62,27.2,Fraudulent Txn
BNK015,PRD003,2024-12-01,Dec-2024,71,56,15,78.87,10.3,Non-receipt of Funds
BNK015,PRD003,2025-01-01,Jan-2025,75,57,18,76.0,12.5,Double Debit
BNK015,PRD003,2025-02-01,Feb-2025,87,63,24,72.41,28.3,Non-receipt of Funds
BNK015,PRD003,2025-03-01,Mar-2025,102,69,33,67.65,9.0,Non-receipt of Funds
BNK015,PRD004,2024-04-01,Apr-2024,86,52,34,60.47,14.6,Fraudulent Txn
BNK015,PRD004,2024-05-01,May-2024,73,47,26,64.38,23.3,Fraudulent Txn
BNK015,PRD004,2024-06-01,Jun-2024,69,55,14,79.71,8.8,Wrong Amount
BNK015,PRD004,2024-07-01,Jul-2024,69,55,14,79.71,21.3,Fraudulent Txn
BNK015,PRD004,2024-08-01,Aug-2024,78,45,33,57.69,23.4,Wrong Amount
BNK015,PRD004,2024-09-01,Sep-2024,84,44,40,52.38,16.9,Double Debit
BNK015,PRD004,2024-10-01,Oct-2024,95,77,18,81.05,9.8,Fraudulent Txn
BNK015,PRD004,2024-11-01,Nov-2024,102,86,16,84.31,25.2,Wrong Amount
BNK015,PRD004,2024-12-01,Dec-2024,97,83,14,85.57,17.3,Fraudulent Txn
BNK015,PRD004,2025-01-01,Jan-2025,78,61,17,78.21,14.6,Double Debit
BNK015,PRD004,2025-02-01,Feb-2025,73,47,26,64.38,28.3,Double Debit
BNK015,PRD004,2025-03-01,Mar-2025,80,71,9,88.75,28.9,Non-receipt of Funds
BNK015,PRD005,2024-04-01,Apr-2024,81,52,29,64.2,24.6,Reversal Pending
BNK015,PRD005,2024-05-01,May-2024,95,84,11,88.42,13.4,Reversal Pending
BNK015,PRD005,2024-06-01,Jun-2024,66,42,24,63.64,10.7,Double Debit
BNK015,PRD005,2024-07-01,Jul-2024,102,85,17,83.33,20.7,Non-receipt of Funds
BNK015,PRD005,2024-08-01,Aug-2024,69,35,34,50.72,9.2,Reversal Pending
BNK015,PRD005,2024-09-01,Sep-2024,84,48,36,57.14,28.9,Reversal Pending
BNK015,PRD005,2024-10-01,Oct-2024,88,44,44,50.0,13.7,Fraudulent Txn
BNK015,PRD005,2024-11-01,Nov-2024,102,89,13,87.25,17.9,Double Debit
BNK015,PRD005,2024-12-01,Dec-2024,71,60,11,84.51,12.6,Reversal Pending
BNK015,PRD005,2025-01-01,Jan-2025,100,87,13,87.0,20.4,Non-receipt of Funds
BNK015,PRD005,2025-02-01,Feb-2025,87,69,18,79.31,24.2,Reversal Pending
BNK015,PRD005,2025-03-01,Mar-2025,73,45,28,61.64,17.5,Double Debit
BNK016,PRD001,2024-04-01,Apr-2024,24,15,9,62.5,16.4,Double Debit
BNK016,PRD001,2024-05-01,May-2024,20,11,9,55.0,27.7,Double Debit
BNK016,PRD001,2024-06-01,Jun-2024,16,8,8,50.0,9.1,Non-receipt of Funds
BNK016,PRD001,2024-07-01,Jul-2024,16,14,2,87.5,24.6,Reversal Pending
BNK016,PRD001,2024-08-01,Aug-2024,24,12,12,50.0,7.6,Reversal Pending
BNK016,PRD001,2024-09-01,Sep-2024,23,20,3,86.96,18.8,Non-receipt of Funds
BNK016,PRD001,2024-10-01,Oct-2024,25,16,9,64.0,2.8,Fraudulent Txn
BNK016,PRD001,2024-11-01,Nov-2024,18,9,9,50.0,29.4,Double Debit
BNK016,PRD001,2024-12-01,Dec-2024,25,13,12,52.0,19.3,Fraudulent Txn
BNK016,PRD001,2025-01-01,Jan-2025,25,15,10,60.0,20.3,Non-receipt of Funds
BNK016,PRD001,2025-02-01,Feb-2025,24,20,4,83.33,22.5,Reversal Pending
BNK016,PRD001,2025-03-01,Mar-2025,16,9,7,56.25,2.5,Reversal Pending
BNK016,PRD002,2024-04-01,Apr-2024,24,16,8,66.67,6.3,Reversal Pending
BNK016,PRD002,2024-05-01,May-2024,20,10,10,50.0,19.2,Double Debit
BNK016,PRD002,2024-06-01,Jun-2024,22,18,4,81.82,12.7,Non-receipt of Funds
BNK016,PRD002,2024-07-01,Jul-2024,23,17,6,73.91,21.5,Wrong Amount
BNK016,PRD002,2024-08-01,Aug-2024,25,15,10,60.0,29.1,Non-receipt of Funds
BNK016,PRD002,2024-09-01,Sep-2024,16,9,7,56.25,11.4,Non-receipt of Funds
BNK016,PRD002,2024-10-01,Oct-2024,16,13,3,81.25,29.8,Double Debit
BNK016,PRD002,2024-11-01,Nov-2024,22,18,4,81.82,19.4,Wrong Amount
BNK016,PRD002,2024-12-01,Dec-2024,21,15,6,71.43,5.5,Reversal Pending
BNK016,PRD002,2025-01-01,Jan-2025,25,20,5,80.0,17.3,Fraudulent Txn
BNK016,PRD002,2025-02-01,Feb-2025,22,18,4,81.82,13.3,Non-receipt of Funds
BNK016,PRD002,2025-03-01,Mar-2025,24,12,12,50.0,20.4,Non-receipt of Funds
BNK016,PRD003,2024-04-01,Apr-2024,22,11,11,50.0,19.2,Double Debit
BNK016,PRD003,2024-05-01,May-2024,17,12,5,70.59,18.0,Double Debit
BNK016,PRD003,2024-06-01,Jun-2024,17,13,4,76.47,27.6,Wrong Amount
BNK016,PRD003,2024-07-01,Jul-2024,24,12,12,50.0,8.9,Wrong Amount
BNK016,PRD003,2024-08-01,Aug-2024,20,10,10,50.0,6.6,Non-receipt of Funds
BNK016,PRD003,2024-09-01,Sep-2024,25,19,6,76.0,15.5,Reversal Pending
BNK016,PRD003,2024-10-01,Oct-2024,19,12,7,63.16,2.4,Double Debit
BNK016,PRD003,2024-11-01,Nov-2024,20,11,9,55.0,6.7,Double Debit
BNK016,PRD003,2024-12-01,Dec-2024,25,15,10,60.0,8.3,Fraudulent Txn
BNK016,PRD003,2025-01-01,Jan-2025,23,18,5,78.26,7.0,Fraudulent Txn
BNK016,PRD003,2025-02-01,Feb-2025,17,10,7,58.82,19.4,Reversal Pending
BNK016,PRD003,2025-03-01,Mar-2025,21,11,10,52.38,7.6,Double Debit
BNK016,PRD004,2024-04-01,Apr-2024,17,11,6,64.71,7.3,Non-receipt of Funds
BNK016,PRD004,2024-05-01,May-2024,24,20,4,83.33,10.7,Double Debit
BNK016,PRD004,2024-06-01,Jun-2024,18,13,5,72.22,23.8,Double Debit
BNK016,PRD004,2024-07-01,Jul-2024,20,13,7,65.0,28.8,Double Debit
BNK016,PRD004,2024-08-01,Aug-2024,24,19,5,79.17,10.8,Fraudulent Txn
BNK016,PRD004,2024-09-01,Sep-2024,25,21,4,84.0,21.4,Double Debit
BNK016,PRD004,2024-10-01,Oct-2024,20,10,10,50.0,23.2,Fraudulent Txn
BNK016,PRD004,2024-11-01,Nov-2024,23,17,6,73.91,29.4,Reversal Pending
BNK016,PRD004,2024-12-01,Dec-2024,24,21,3,87.5,4.5,Non-receipt of Funds
BNK016,PRD004,2025-01-01,Jan-2025,25,14,11,56.0,17.1,Wrong Amount
BNK016,PRD004,2025-02-01,Feb-2025,16,10,6,62.5,7.4,Wrong Amount
BNK016,PRD004,2025-03-01,Mar-2025,16,13,3,81.25,17.6,Wrong Amount
BNK016,PRD005,2024-04-01,Apr-2024,21,13,8,61.9,17.2,Fraudulent Txn
BNK016,PRD005,2024-05-01,May-2024,23,18,5,78.26,11.0,Double Debit
BNK016,PRD005,2024-06-01,Jun-2024,18,14,4,77.78,19.3,Wrong Amount
BNK016,PRD005,2024-07-01,Jul-2024,18,13,5,72.22,27.8,Fraudulent Txn
BNK016,PRD005,2024-08-01,Aug-2024,22,18,4,81.82,2.1,Wrong Amount
BNK016,PRD005,2024-09-01,Sep-2024,16,9,7,56.25,25.2,Fraudulent Txn
BNK016,PRD005,2024-10-01,Oct-2024,23,14,9,60.87,10.7,Reversal Pending
BNK016,PRD005,2024-11-01,Nov-2024,18,9,9,50.0,23.3,Reversal Pending
BNK016,PRD005,2024-12-01,Dec-2024,25,19,6,76.0,6.2,Fraudulent Txn
BNK016,PRD005,2025-01-01,Jan-2025,24,12,12,50.0,7.9,Double Debit
BNK016,PRD005,2025-02-01,Feb-2025,19,10,9,52.63,28.3,Fraudulent Txn
BNK016,PRD005,2025-03-01,Mar-2025,18,11,7,61.11,25.0,Reversal Pending
BNK017,PRD001,2024-04-01,Apr-2024,19,16,3,84.21,19.6,Fraudulent Txn
BNK017,PRD001,2024-05-01,May-2024,22,15,7,68.18,2.3,Double Debit
BNK017,PRD001,2024-06-01,Jun-2024,19,14,5,73.68,11.5,Double Debit
BNK017,PRD001,2024-07-01,Jul-2024,18,12,6,66.67,18.8,Non-receipt of Funds
BNK017,PRD001,2024-08-01,Aug-2024,23,14,9,60.87,13.7,Non-receipt of Funds
BNK017,PRD001,2024-09-01,Sep-2024,16,9,7,56.25,29.6,Wrong Amount
BNK017,PRD001,2024-10-01,Oct-2024,18,9,9,50.0,27.4,Fraudulent Txn
BNK017,PRD001,2024-11-01,Nov-2024,23,19,4,82.61,15.6,Reversal Pending
BNK017,PRD001,2024-12-01,Dec-2024,23,17,6,73.91,15.5,Fraudulent Txn
BNK017,PRD001,2025-01-01,Jan-2025,21,10,11,47.62,21.0,Fraudulent Txn
BNK017,PRD001,2025-02-01,Feb-2025,21,15,6,71.43,17.1,Wrong Amount
BNK017,PRD001,2025-03-01,Mar-2025,24,12,12,50.0,7.6,Non-receipt of Funds
BNK017,PRD002,2024-04-01,Apr-2024,24,15,9,62.5,4.7,Reversal Pending
BNK017,PRD002,2024-05-01,May-2024,18,11,7,61.11,3.3,Non-receipt of Funds
BNK017,PRD002,2024-06-01,Jun-2024,24,14,10,58.33,20.4,Fraudulent Txn
BNK017,PRD002,2024-07-01,Jul-2024,21,13,8,61.9,10.3,Double Debit
BNK017,PRD002,2024-08-01,Aug-2024,23,17,6,73.91,6.5,Fraudulent Txn
BNK017,PRD002,2024-09-01,Sep-2024,19,14,5,73.68,15.2,Fraudulent Txn
BNK017,PRD002,2024-10-01,Oct-2024,20,17,3,85.0,12.2,Wrong Amount
BNK017,PRD002,2024-11-01,Nov-2024,18,14,4,77.78,28.8,Fraudulent Txn
BNK017,PRD002,2024-12-01,Dec-2024,24,18,6,75.0,21.0,Non-receipt of Funds
BNK017,PRD002,2025-01-01,Jan-2025,25,21,4,84.0,4.2,Fraudulent Txn
BNK017,PRD002,2025-02-01,Feb-2025,18,14,4,77.78,25.0,Reversal Pending
BNK017,PRD002,2025-03-01,Mar-2025,19,11,8,57.89,9.6,Double Debit
BNK017,PRD003,2024-04-01,Apr-2024,24,21,3,87.5,5.7,Double Debit
BNK017,PRD003,2024-05-01,May-2024,17,10,7,58.82,23.3,Double Debit
BNK017,PRD003,2024-06-01,Jun-2024,25,16,9,64.0,29.3,Non-receipt of Funds
BNK017,PRD003,2024-07-01,Jul-2024,23,12,11,52.17,17.0,Fraudulent Txn
BNK017,PRD003,2024-08-01,Aug-2024,17,11,6,64.71,17.6,Double Debit
BNK017,PRD003,2024-09-01,Sep-2024,16,13,3,81.25,16.5,Fraudulent Txn
BNK017,PRD003,2024-10-01,Oct-2024,19,15,4,78.95,13.0,Fraudulent Txn
BNK017,PRD003,2024-11-01,Nov-2024,19,11,8,57.89,25.2,Wrong Amount
BNK017,PRD003,2024-12-01,Dec-2024,16,12,4,75.0,26.8,Fraudulent Txn
BNK017,PRD003,2025-01-01,Jan-2025,22,14,8,63.64,25.4,Reversal Pending
BNK017,PRD003,2025-02-01,Feb-2025,21,11,10,52.38,26.1,Reversal Pending
BNK017,PRD003,2025-03-01,Mar-2025,16,8,8,50.0,6.6,Non-receipt of Funds
BNK017,PRD004,2024-04-01,Apr-2024,22,12,10,54.55,5.8,Reversal Pending
BNK017,PRD004,2024-05-01,May-2024,18,10,8,55.56,7.6,Double Debit
BNK017,PRD004,2024-06-01,Jun-2024,23,16,7,69.57,21.5,Wrong Amount
BNK017,PRD004,2024-07-01,Jul-2024,18,9,9,50.0,20.2,Non-receipt of Funds
BNK017,PRD004,2024-08-01,Aug-2024,25,12,13,48.0,19.5,Reversal Pending
BNK017,PRD004,2024-09-01,Sep-2024,20,11,9,55.0,29.1,Wrong Amount
BNK017,PRD004,2024-10-01,Oct-2024,25,21,4,84.0,28.2,Wrong Amount
BNK017,PRD004,2024-11-01,Nov-2024,18,10,8,55.56,19.6,Non-receipt of Funds
BNK017,PRD004,2024-12-01,Dec-2024,16,9,7,56.25,17.6,Reversal Pending
BNK017,PRD004,2025-01-01,Jan-2025,18,11,7,61.11,11.2,Reversal Pending
BNK017,PRD004,2025-02-01,Feb-2025,16,11,5,68.75,19.7,Fraudulent Txn
BNK017,PRD004,2025-03-01,Mar-2025,23,16,7,69.57,11.7,Wrong Amount
BNK017,PRD005,2024-04-01,Apr-2024,21,12,9,57.14,25.5,Wrong Amount
BNK017,PRD005,2024-05-01,May-2024,23,15,8,65.22,13.4,Non-receipt of Funds
BNK017,PRD005,2024-06-01,Jun-2024,21,16,5,76.19,6.2,Double Debit
BNK017,PRD005,2024-07-01,Jul-2024,22,11,11,50.0,21.6,Double Debit
BNK017,PRD005,2024-08-01,Aug-2024,16,14,2,87.5,13.4,Double Debit
BNK017,PRD005,2024-09-01,Sep-2024,24,14,10,58.33,13.8,Double Debit
BNK017,PRD005,2024-10-01,Oct-2024,16,10,6,62.5,19.9,Double Debit
BNK017,PRD005,2024-11-01,Nov-2024,25,16,9,64.0,5.7,Wrong Amount
BNK017,PRD005,2024-12-01,Dec-2024,23,12,11,52.17,16.1,Fraudulent Txn
BNK017,PRD005,2025-01-01,Jan-2025,16,14,2,87.5,21.1,Fraudulent Txn
BNK017,PRD005,2025-02-01,Feb-2025,20,15,5,75.0,19.8,Fraudulent Txn
BNK017,PRD005,2025-03-01,Mar-2025,20,16,4,80.0,10.8,Fraudulent Txn
BNK018,PRD001,2024-04-01,Apr-2024,19,12,7,63.16,3.7,Non-receipt of Funds
BNK018,PRD001,2024-05-01,May-2024,17,10,7,58.82,7.9,Reversal Pending
BNK018,PRD001,2024-06-01,Jun-2024,19,12,7,63.16,9.4,Double Debit
BNK018,PRD001,2024-07-01,Jul-2024,25,19,6,76.0,12.2,Fraudulent Txn
BNK018,PRD001,2024-08-01,Aug-2024,22,13,9,59.09,28.3,Double Debit
BNK018,PRD001,2024-09-01,Sep-2024,21,13,8,61.9,14.9,Reversal Pending
BNK018,PRD001,2024-10-01,Oct-2024,25,13,12,52.0,20.0,Reversal Pending
BNK018,PRD001,2024-11-01,Nov-2024,22,15,7,68.18,14.2,Wrong Amount
BNK018,PRD001,2024-12-01,Dec-2024,24,15,9,62.5,8.0,Wrong Amount
BNK018,PRD001,2025-01-01,Jan-2025,19,10,9,52.63,8.6,Wrong Amount
BNK018,PRD001,2025-02-01,Feb-2025,23,16,7,69.57,19.6,Reversal Pending
BNK018,PRD001,2025-03-01,Mar-2025,20,14,6,70.0,2.2,Double Debit
BNK018,PRD002,2024-04-01,Apr-2024,16,9,7,56.25,8.8,Double Debit
BNK018,PRD002,2024-05-01,May-2024,24,19,5,79.17,4.5,Wrong Amount
BNK018,PRD002,2024-06-01,Jun-2024,18,9,9,50.0,20.0,Reversal Pending
BNK018,PRD002,2024-07-01,Jul-2024,17,8,9,47.06,12.1,Double Debit
BNK018,PRD002,2024-08-01,Aug-2024,18,10,8,55.56,24.9,Reversal Pending
BNK018,PRD002,2024-09-01,Sep-2024,22,12,10,54.55,21.1,Non-receipt of Funds
BNK018,PRD002,2024-10-01,Oct-2024,21,17,4,80.95,10.1,Fraudulent Txn
BNK018,PRD002,2024-11-01,Nov-2024,17,12,5,70.59,5.7,Non-receipt of Funds
BNK018,PRD002,2024-12-01,Dec-2024,23,19,4,82.61,28.2,Double Debit
BNK018,PRD002,2025-01-01,Jan-2025,19,16,3,84.21,20.3,Wrong Amount
BNK018,PRD002,2025-02-01,Feb-2025,17,11,6,64.71,8.6,Non-receipt of Funds
BNK018,PRD002,2025-03-01,Mar-2025,18,12,6,66.67,11.5,Non-receipt of Funds
BNK018,PRD003,2024-04-01,Apr-2024,16,9,7,56.25,7.1,Reversal Pending
BNK018,PRD003,2024-05-01,May-2024,16,12,4,75.0,2.0,Double Debit
BNK018,PRD003,2024-06-01,Jun-2024,22,13,9,59.09,24.4,Reversal Pending
BNK018,PRD003,2024-07-01,Jul-2024,18,9,9,50.0,28.9,Double Debit
BNK018,PRD003,2024-08-01,Aug-2024,22,16,6,72.73,16.7,Reversal Pending
BNK018,PRD003,2024-09-01,Sep-2024,16,12,4,75.0,11.3,Wrong Amount
BNK018,PRD003,2024-10-01,Oct-2024,24,15,9,62.5,9.5,Wrong Amount
BNK018,PRD003,2024-11-01,Nov-2024,17,11,6,64.71,27.6,Double Debit
BNK018,PRD003,2024-12-01,Dec-2024,19,13,6,68.42,19.1,Fraudulent Txn
BNK018,PRD003,2025-01-01,Jan-2025,18,15,3,83.33,5.5,Fraudulent Txn
BNK018,PRD003,2025-02-01,Feb-2025,23,15,8,65.22,10.0,Non-receipt of Funds
BNK018,PRD003,2025-03-01,Mar-2025,18,10,8,55.56,23.7,Double Debit
BNK018,PRD004,2024-04-01,Apr-2024,25,19,6,76.0,6.2,Non-receipt of Funds
BNK018,PRD004,2024-05-01,May-2024,20,13,7,65.0,8.1,Fraudulent Txn
BNK018,PRD004,2024-06-01,Jun-2024,20,15,5,75.0,21.6,Fraudulent Txn
BNK018,PRD004,2024-07-01,Jul-2024,25,16,9,64.0,10.4,Double Debit
BNK018,PRD004,2024-08-01,Aug-2024,16,13,3,81.25,2.1,Reversal Pending
BNK018,PRD004,2024-09-01,Sep-2024,19,11,8,57.89,24.3,Wrong Amount
BNK018,PRD004,2024-10-01,Oct-2024,22,12,10,54.55,16.1,Wrong Amount
BNK018,PRD004,2024-11-01,Nov-2024,17,10,7,58.82,22.4,Fraudulent Txn
BNK018,PRD004,2024-12-01,Dec-2024,22,17,5,77.27,10.3,Fraudulent Txn
BNK018,PRD004,2025-01-01,Jan-2025,17,11,6,64.71,2.5,Double Debit
BNK018,PRD004,2025-02-01,Feb-2025,20,16,4,80.0,16.2,Double Debit
BNK018,PRD004,2025-03-01,Mar-2025,20,11,9,55.0,17.9,Fraudulent Txn
BNK018,PRD005,2024-04-01,Apr-2024,24,16,8,66.67,6.5,Fraudulent Txn
BNK018,PRD005,2024-05-01,May-2024,18,11,7,61.11,24.5,Wrong Amount
BNK018,PRD005,2024-06-01,Jun-2024,22,17,5,77.27,28.4,Wrong Amount
BNK018,PRD005,2024-07-01,Jul-2024,25,19,6,76.0,9.9,Double Debit
BNK018,PRD005,2024-08-01,Aug-2024,18,13,5,72.22,20.1,Non-receipt of Funds
BNK018,PRD005,2024-09-01,Sep-2024,17,14,3,82.35,29.5,Reversal Pending
BNK018,PRD005,2024-10-01,Oct-2024,22,17,5,77.27,25.5,Wrong Amount
BNK018,PRD005,2024-11-01,Nov-2024,24,17,7,70.83,4.2,Reversal Pending
BNK018,PRD005,2024-12-01,Dec-2024,25,17,8,68.0,3.0,Reversal Pending
BNK018,PRD005,2025-01-01,Jan-2025,24,19,5,79.17,2.4,Wrong Amount
BNK018,PRD005,2025-02-01,Feb-2025,21,17,4,80.95,7.8,Double Debit
BNK018,PRD005,2025-03-01,Mar-2025,23,15,8,65.22,8.1,Non-receipt of Funds
BNK019,PRD001,2024-04-01,Apr-2024,23,20,3,86.96,9.2,Double Debit
BNK019,PRD001,2024-05-01,May-2024,17,9,8,52.94,22.1,Reversal Pending
BNK019,PRD001,2024-06-01,Jun-2024,23,19,4,82.61,24.6,Fraudulent Txn
BNK019,PRD001,2024-07-01,Jul-2024,22,19,3,86.36,11.2,Wrong Amount
BNK019,PRD001,2024-08-01,Aug-2024,21,13,8,61.9,9.0,Fraudulent Txn
BNK019,PRD001,2024-09-01,Sep-2024,22,12,10,54.55,14.6,Non-receipt of Funds
BNK019,PRD001,2024-10-01,Oct-2024,17,9,8,52.94,18.6,Reversal Pending
BNK019,PRD001,2024-11-01,Nov-2024,23,14,9,60.87,15.9,Non-receipt of Funds
BNK019,PRD001,2024-12-01,Dec-2024,24,20,4,83.33,6.5,Double Debit
BNK019,PRD001,2025-01-01,Jan-2025,23,18,5,78.26,21.5,Fraudulent Txn
BNK019,PRD001,2025-02-01,Feb-2025,24,19,5,79.17,16.7,Non-receipt of Funds
BNK019,PRD001,2025-03-01,Mar-2025,18,12,6,66.67,17.3,Double Debit
BNK019,PRD002,2024-04-01,Apr-2024,16,12,4,75.0,29.2,Wrong Amount
BNK019,PRD002,2024-05-01,May-2024,16,11,5,68.75,12.8,Fraudulent Txn
BNK019,PRD002,2024-06-01,Jun-2024,25,14,11,56.0,22.3,Reversal Pending
BNK019,PRD002,2024-07-01,Jul-2024,22,14,8,63.64,15.1,Reversal Pending
BNK019,PRD002,2024-08-01,Aug-2024,21,18,3,85.71,29.1,Double Debit
BNK019,PRD002,2024-09-01,Sep-2024,16,12,4,75.0,16.4,Double Debit
BNK019,PRD002,2024-10-01,Oct-2024,22,15,7,68.18,24.3,Non-receipt of Funds
BNK019,PRD002,2024-11-01,Nov-2024,24,17,7,70.83,29.2,Reversal Pending
BNK019,PRD002,2024-12-01,Dec-2024,24,16,8,66.67,7.6,Fraudulent Txn
BNK019,PRD002,2025-01-01,Jan-2025,16,11,5,68.75,18.1,Non-receipt of Funds
BNK019,PRD002,2025-02-01,Feb-2025,20,13,7,65.0,5.7,Fraudulent Txn
BNK019,PRD002,2025-03-01,Mar-2025,20,12,8,60.0,10.9,Double Debit
BNK019,PRD003,2024-04-01,Apr-2024,22,14,8,63.64,9.8,Double Debit
BNK019,PRD003,2024-05-01,May-2024,22,15,7,68.18,13.2,Wrong Amount
BNK019,PRD003,2024-06-01,Jun-2024,23,14,9,60.87,15.8,Fraudulent Txn
BNK019,PRD003,2024-07-01,Jul-2024,25,14,11,56.0,15.2,Wrong Amount
BNK019,PRD003,2024-08-01,Aug-2024,16,8,8,50.0,16.7,Wrong Amount
BNK019,PRD003,2024-09-01,Sep-2024,21,17,4,80.95,24.6,Non-receipt of Funds
BNK019,PRD003,2024-10-01,Oct-2024,18,9,9,50.0,4.0,Double Debit
BNK019,PRD003,2024-11-01,Nov-2024,19,11,8,57.89,6.3,Wrong Amount
BNK019,PRD003,2024-12-01,Dec-2024,24,14,10,58.33,23.6,Reversal Pending
BNK019,PRD003,2025-01-01,Jan-2025,22,19,3,86.36,2.1,Non-receipt of Funds
BNK019,PRD003,2025-02-01,Feb-2025,18,11,7,61.11,17.0,Double Debit
BNK019,PRD003,2025-03-01,Mar-2025,16,12,4,75.0,25.4,Double Debit
BNK019,PRD004,2024-04-01,Apr-2024,24,19,5,79.17,14.7,Non-receipt of Funds
BNK019,PRD004,2024-05-01,May-2024,20,10,10,50.0,19.4,Wrong Amount
BNK019,PRD004,2024-06-01,Jun-2024,17,9,8,52.94,20.0,Fraudulent Txn
BNK019,PRD004,2024-07-01,Jul-2024,17,13,4,76.47,11.3,Fraudulent Txn
BNK019,PRD004,2024-08-01,Aug-2024,21,16,5,76.19,8.3,Reversal Pending
BNK019,PRD004,2024-09-01,Sep-2024,23,14,9,60.87,3.9,Wrong Amount
BNK019,PRD004,2024-10-01,Oct-2024,22,11,11,50.0,23.6,Fraudulent Txn
BNK019,PRD004,2024-11-01,Nov-2024,24,16,8,66.67,15.6,Reversal Pending
BNK019,PRD004,2024-12-01,Dec-2024,24,13,11,54.17,9.6,Non-receipt of Funds
BNK019,PRD004,2025-01-01,Jan-2025,21,11,10,52.38,12.2,Reversal Pending
BNK019,PRD004,2025-02-01,Feb-2025,18,9,9,50.0,10.9,Fraudulent Txn
BNK019,PRD004,2025-03-01,Mar-2025,20,12,8,60.0,23.6,Double Debit
BNK019,PRD005,2024-04-01,Apr-2024,18,12,6,66.67,29.5,Reversal Pending
BNK019,PRD005,2024-05-01,May-2024,19,14,5,73.68,28.7,Reversal Pending
BNK019,PRD005,2024-06-01,Jun-2024,18,9,9,50.0,11.4,Reversal Pending
BNK019,PRD005,2024-07-01,Jul-2024,16,12,4,75.0,14.1,Non-receipt of Funds
BNK019,PRD005,2024-08-01,Aug-2024,23,13,10,56.52,6.1,Fraudulent Txn
BNK019,PRD005,2024-09-01,Sep-2024,24,21,3,87.5,11.9,Reversal Pending
BNK019,PRD005,2024-10-01,Oct-2024,22,17,5,77.27,11.3,Wrong Amount
BNK019,PRD005,2024-11-01,Nov-2024,22,18,4,81.82,15.1,Wrong Amount
BNK019,PRD005,2024-12-01,Dec-2024,17,10,7,58.82,17.8,Double Debit
BNK019,PRD005,2025-01-01,Jan-2025,22,15,7,68.18,16.9,Double Debit
BNK019,PRD005,2025-02-01,Feb-2025,19,12,7,63.16,28.6,Wrong Amount
BNK019,PRD005,2025-03-01,Mar-2025,16,13,3,81.25,22.7,Reversal Pending
BNK020,PRD001,2024-04-01,Apr-2024,23,13,10,56.52,16.0,Non-receipt of Funds
BNK020,PRD001,2024-05-01,May-2024,24,15,9,62.5,20.0,Double Debit
BNK020,PRD001,2024-06-01,Jun-2024,22,18,4,81.82,9.7,Reversal Pending
BNK020,PRD001,2024-07-01,Jul-2024,20,11,9,55.0,23.5,Non-receipt of Funds
BNK020,PRD001,2024-08-01,Aug-2024,25,16,9,64.0,22.6,Wrong Amount
BNK020,PRD001,2024-09-01,Sep-2024,23,14,9,60.87,19.4,Wrong Amount
BNK020,PRD001,2024-10-01,Oct-2024,17,11,6,64.71,15.5,Reversal Pending
BNK020,PRD001,2024-11-01,Nov-2024,18,15,3,83.33,14.4,Fraudulent Txn
BNK020,PRD001,2024-12-01,Dec-2024,19,10,9,52.63,18.5,Fraudulent Txn
BNK020,PRD001,2025-01-01,Jan-2025,19,16,3,84.21,16.8,Fraudulent Txn
BNK020,PRD001,2025-02-01,Feb-2025,20,14,6,70.0,10.3,Non-receipt of Funds
BNK020,PRD001,2025-03-01,Mar-2025,24,19,5,79.17,25.0,Reversal Pending
BNK020,PRD002,2024-04-01,Apr-2024,19,14,5,73.68,18.6,Fraudulent Txn
BNK020,PRD002,2024-05-01,May-2024,25,21,4,84.0,8.6,Double Debit
BNK020,PRD002,2024-06-01,Jun-2024,23,13,10,56.52,15.3,Double Debit
BNK020,PRD002,2024-07-01,Jul-2024,22,19,3,86.36,2.8,Non-receipt of Funds
BNK020,PRD002,2024-08-01,Aug-2024,24,14,10,58.33,21.0,Reversal Pending
BNK020,PRD002,2024-09-01,Sep-2024,16,12,4,75.0,24.3,Double Debit
BNK020,PRD002,2024-10-01,Oct-2024,19,11,8,57.89,24.4,Reversal Pending
BNK020,PRD002,2024-11-01,Nov-2024,22,14,8,63.64,20.8,Reversal Pending
BNK020,PRD002,2024-12-01,Dec-2024,18,12,6,66.67,14.5,Wrong Amount
BNK020,PRD002,2025-01-01,Jan-2025,23,12,11,52.17,24.1,Double Debit
BNK020,PRD002,2025-02-01,Feb-2025,20,12,8,60.0,18.6,Fraudulent Txn
BNK020,PRD002,2025-03-01,Mar-2025,25,21,4,84.0,17.3,Reversal Pending
BNK020,PRD003,2024-04-01,Apr-2024,22,18,4,81.82,23.0,Double Debit
BNK020,PRD003,2024-05-01,May-2024,21,13,8,61.9,3.8,Double Debit
BNK020,PRD003,2024-06-01,Jun-2024,22,15,7,68.18,10.5,Reversal Pending
BNK020,PRD003,2024-07-01,Jul-2024,25,20,5,80.0,19.6,Non-receipt of Funds
BNK020,PRD003,2024-08-01,Aug-2024,20,14,6,70.0,16.2,Reversal Pending
BNK020,PRD003,2024-09-01,Sep-2024,21,13,8,61.9,16.7,Non-receipt of Funds
BNK020,PRD003,2024-10-01,Oct-2024,25,19,6,76.0,13.2,Non-receipt of Funds
BNK020,PRD003,2024-11-01,Nov-2024,18,11,7,61.11,5.0,Fraudulent Txn
BNK020,PRD003,2024-12-01,Dec-2024,25,20,5,80.0,18.9,Wrong Amount
BNK020,PRD003,2025-01-01,Jan-2025,23,16,7,69.57,24.6,Fraudulent Txn
BNK020,PRD003,2025-02-01,Feb-2025,17,12,5,70.59,24.1,Reversal Pending
BNK020,PRD003,2025-03-01,Mar-2025,22,18,4,81.82,24.0,Fraudulent Txn
BNK020,PRD004,2024-04-01,Apr-2024,21,11,10,52.38,24.6,Double Debit
BNK020,PRD004,2024-05-01,May-2024,16,10,6,62.5,22.0,Reversal Pending
BNK020,PRD004,2024-06-01,Jun-2024,16,8,8,50.0,14.7,Non-receipt of Funds
BNK020,PRD004,2024-07-01,Jul-2024,18,14,4,77.78,18.5,Non-receipt of Funds
BNK020,PRD004,2024-08-01,Aug-2024,19,14,5,73.68,8.5,Wrong Amount
BNK020,PRD004,2024-09-01,Sep-2024,25,17,8,68.0,28.0,Double Debit
BNK020,PRD004,2024-10-01,Oct-2024,22,16,6,72.73,14.7,Fraudulent Txn
BNK020,PRD004,2024-11-01,Nov-2024,18,11,7,61.11,13.8,Wrong Amount
BNK020,PRD004,2024-12-01,Dec-2024,20,14,6,70.0,26.1,Non-receipt of Funds
BNK020,PRD004,2025-01-01,Jan-2025,25,14,11,56.0,11.9,Double Debit
BNK020,PRD004,2025-02-01,Feb-2025,16,11,5,68.75,8.6,Fraudulent Txn
BNK020,PRD004,2025-03-01,Mar-2025,23,19,4,82.61,20.4,Non-receipt of Funds
BNK020,PRD005,2024-04-01,Apr-2024,17,10,7,58.82,19.7,Wrong Amount
BNK020,PRD005,2024-05-01,May-2024,20,17,3,85.0,12.0,Fraudulent Txn
BNK020,PRD005,2024-06-01,Jun-2024,21,15,6,71.43,20.9,Non-receipt of Funds
BNK020,PRD005,2024-07-01,Jul-2024,21,16,5,76.19,9.8,Fraudulent Txn
BNK020,PRD005,2024-08-01,Aug-2024,19,16,3,84.21,17.0,Fraudulent Txn
BNK020,PRD005,2024-09-01,Sep-2024,25,15,10,60.0,10.6,Double Debit
BNK020,PRD005,2024-10-01,Oct-2024,25,19,6,76.0,21.6,Non-receipt of Funds
BNK020,PRD005,2024-11-01,Nov-2024,25,22,3,88.0,24.2,Fraudulent Txn
BNK020,PRD005,2024-12-01,Dec-2024,17,12,5,70.59,14.4,Wrong Amount
BNK020,PRD005,2025-01-01,Jan-2025,22,14,8,63.64,28.2,Reversal Pending
BNK020,PRD005,2025-02-01,Feb-2025,22,17,5,77.27,18.3,Double Debit
BNK020,PRD005,2025-03-01,Mar-2025,24,16,8,66.67,14.5,Fraudulent Txn
