bank_id,product_id,month,month_label,tcc_count,ret_count,rrc_count,top_tcc_reason,avg_resolution_hr
BNK001,PRD001,2024-04-01,Apr-2024,602,221,28,Connectivity,64.7
BNK001,PRD001,2024-05-01,May-2024,382,265,35,Format Error,34.0
BNK001,PRD001,2024-06-01,Jun-2024,495,326,75,Auth Failure,58.5
BNK001,PRD001,2024-07-01,Jul-2024,350,171,63,Connectivity,10.1
BNK001,PRD001,2024-08-01,Aug-2024,579,258,73,Timeout,34.9
BNK001,PRD001,2024-09-01,Sep-2024,612,392,62,System Error,37.5
BNK001,PRD001,2024-10-01,Oct-2024,631,225,66,Timeout,51.9
BNK001,PRD001,2024-11-01,Nov-2024,448,244,42,Connectivity,14.1
BNK001,PRD001,2024-12-01,Dec-2024,580,250,98,Auth Failure,37.9
BNK001,PRD001,2025-01-01,Jan-2025,552,360,118,System Error,24.3
BNK001,PRD001,2025-02-01,Feb-2025,481,172,55,Timeout,54.1
BNK001,PRD001,2025-03-01,Mar-2025,629,347,117,System Error,2.0
BNK001,PRD002,2024-04-01,Apr-2024,572,362,62,Format Error,23.9
BNK001,PRD002,2024-05-01,May-2024,550,271,55,Auth Failure,29.8
BNK001,PRD002,2024-06-01,Jun-2024,697,335,59,Format Error,9.4
BNK001,PRD002,2024-07-01,Jul-2024,447,271,102,Connectivity,71.8
BNK001,PRD002,2024-08-01,Aug-2024,415,181,65,Auth Failure,33.4
BNK001,PRD002,2024-09-01,Sep-2024,383,246,80,Connectivity,5.5
BNK001,PRD002,2024-10-01,Oct-2024,477,265,103,System Error,7.7
BNK001,PRD002,2024-11-01,Nov-2024,691,436,59,Connectivity,10.0
BNK001,PRD002,2024-12-01,Dec-2024,471,226,60,Timeout,69.6
BNK001,PRD002,2025-01-01,Jan-2025,690,257,88,Auth Failure,14.8
BNK001,PRD002,2025-02-01,Feb-2025,644,250,26,Connectivity,38.3
BNK001,PRD002,2025-03-01,Mar-2025,622,326,84,Timeout,57.8
BNK001,PRD003,2024-04-01,Apr-2024,476,186,71,Auth Failure,12.8
BNK001,PRD003,2024-05-01,May-2024,405,231,67,Auth Failure,17.1
BNK001,PRD003,2024-06-01,Jun-2024,675,395,103,Auth Failure,31.1
BNK001,PRD003,2024-07-01,Jul-2024,420,134,52,Format Error,22.1
BNK001,PRD003,2024-08-01,Aug-2024,665,458,168,Format Error,23.9
BNK001,PRD003,2024-09-01,Sep-2024,602,252,30,Auth Failure,48.4
BNK001,PRD003,2024-10-01,Oct-2024,423,251,69,Timeout,5.2
BNK001,PRD003,2024-11-01,Nov-2024,493,176,61,System Error,28.8
BNK001,PRD003,2024-12-01,Dec-2024,405,189,52,System Error,60.2
BNK001,PRD003,2025-01-01,Jan-2025,374,256,46,Format Error,9.8
BNK001,PRD003,2025-02-01,Feb-2025,608,412,59,Format Error,11.1
BNK001,PRD003,2025-03-01,Mar-2025,446,192,55,Auth Failure,23.1
BNK001,PRD004,2024-04-01,Apr-2024,385,212,51,Format Error,22.2
BNK001,PRD004,2024-05-01,May-2024,393,234,55,Timeout,63.5
BNK001,PRD004,2024-06-01,Jun-2024,613,360,130,Timeout,28.1
BNK001,PRD004,2024-07-01,Jul-2024,661,228,54,Auth Failure,13.0
BNK001,PRD004,2024-08-01,Aug-2024,598,386,95,Connectivity,16.9
BNK001,PRD004,2024-09-01,Sep-2024,386,269,75,Auth Failure,62.4
BNK001,PRD004,2024-10-01,Oct-2024,434,277,68,Format Error,30.9
BNK001,PRD004,2024-11-01,Nov-2024,573,370,68,Connectivity,65.2
BNK001,PRD004,2024-12-01,Dec-2024,574,247,74,Connectivity,70.8
BNK001,PRD004,2025-01-01,Jan-2025,379,129,44,System Error,42.6
BNK001,PRD004,2025-02-01,Feb-2025,427,202,36,Format Error,40.8
BNK001,PRD004,2025-03-01,Mar-2025,643,289,73,Format Error,4.0
BNK001,PRD005,2024-04-01,Apr-2024,387,245,71,Timeout,41.9
BNK001,PRD005,2024-05-01,May-2024,391,236,49,Auth Failure,30.9
BNK001,PRD005,2024-06-01,Jun-2024,487,291,59,Format Error,61.5
BNK001,PRD005,2024-07-01,Jul-2024,550,280,106,Format Error,48.5
BNK001,PRD005,2024-08-01,Aug-2024,358,188,20,Connectivity,8.0
BNK001,PRD005,2024-09-01,Sep-2024,672,417,132,Connectivity,26.5
BNK001,PRD005,2024-10-01,Oct-2024,589,259,100,Connectivity,32.7
BNK001,PRD005,2024-11-01,Nov-2024,366,176,69,Connectivity,55.6
BNK001,PRD005,2024-12-01,Dec-2024,406,212,76,Connectivity,53.6
BNK001,PRD005,2025-01-01,Jan-2025,613,375,56,Format Error,61.8
BNK001,PRD005,2025-02-01,Feb-2025,466,254,81,System Error,23.5
BNK001,PRD005,2025-03-01,Mar-2025,457,304,38,Format Error,23.2
BNK002,PRD001,2024-04-01,Apr-2024,524,196,42,Connectivity,61.8
BNK002,PRD001,2024-05-01,May-2024,519,225,52,Connectivity,54.6
BNK002,PRD001,2024-06-01,Jun-2024,685,293,39,Auth Failure,23.0
BNK002,PRD001,2024-07-01,Jul-2024,527,293,55,Auth Failure,39.2
BNK002,PRD001,2024-08-01,Aug-2024,489,282,45,Timeout,51.5
BNK002,PRD001,2024-09-01,Sep-2024,670,378,134,System Error,51.8
BNK002,PRD001,2024-10-01,Oct-2024,536,245,92,Timeout,61.0
BNK002,PRD001,2024-11-01,Nov-2024,607,394,133,Auth Failure,41.5
BNK002,PRD001,2024-12-01,Dec-2024,378,264,61,Timeout,18.5
BNK002,PRD001,2025-01-01,Jan-2025,404,281,30,System Error,60.2
BNK002,PRD001,2025-02-01,Feb-2025,694,276,46,System Error,11.3
BNK002,PRD001,2025-03-01,Mar-2025,453,310,110,Format Error,60.5
BNK002,PRD002,2024-04-01,Apr-2024,495,257,69,Format Error,14.2
BNK002,PRD002,2024-05-01,May-2024,531,244,66,Format Error,54.0
BNK002,PRD002,2024-06-01,Jun-2024,597,413,140,Connectivity,31.6
BNK002,PRD002,2024-07-01,Jul-2024,477,319,54,Auth Failure,26.4
BNK002,PRD002,2024-08-01,Aug-2024,685,242,86,System Error,57.5
BNK002,PRD002,2024-09-01,Sep-2024,552,186,69,Auth Failure,51.3
BNK002,PRD002,2024-10-01,Oct-2024,537,183,63,System Error,52.1
BNK002,PRD002,2024-11-01,Nov-2024,601,335,89,System Error,34.0
BNK002,PRD002,2024-12-01,Dec-2024,550,176,50,Format Error,43.0
BNK002,PRD002,2025-01-01,Jan-2025,372,259,27,Format Error,40.7
BNK002,PRD002,2025-02-01,Feb-2025,370,162,58,System Error,5.5
BNK002,PRD002,2025-03-01,Mar-2025,474,323,59,Connectivity,68.3
BNK002,PRD003,2024-04-01,Apr-2024,604,353,87,System Error,71.0
BNK002,PRD003,2024-05-01,May-2024,425,204,53,Connectivity,24.5
BNK002,PRD003,2024-06-01,Jun-2024,549,357,137,System Error,55.4
BNK002,PRD003,2024-07-01,Jul-2024,693,370,132,Auth Failure,4.8
BNK002,PRD003,2024-08-01,Aug-2024,614,328,109,Timeout,44.6
BNK002,PRD003,2024-09-01,Sep-2024,535,316,101,System Error,70.6
BNK002,PRD003,2024-10-01,Oct-2024,620,431,151,Timeout,47.1
BNK002,PRD003,2024-11-01,Nov-2024,523,181,22,Format Error,41.8
BNK002,PRD003,2024-12-01,Dec-2024,682,310,68,Format Error,10.8
BNK002,PRD003,2025-01-01,Jan-2025,470,159,32,Format Error,63.4
BNK002,PRD003,2025-02-01,Feb-2025,524,195,42,System Error,25.9
BNK002,PRD003,2025-03-01,Mar-2025,576,191,44,Timeout,38.2
BNK002,PRD004,2024-04-01,Apr-2024,357,193,76,Timeout,49.5
BNK002,PRD004,2024-05-01,May-2024,383,115,45,Timeout,1.3
BNK002,PRD004,2024-06-01,Jun-2024,484,150,55,Auth Failure,27.6
BNK002,PRD004,2024-07-01,Jul-2024,374,137,39,Format Error,13.9
BNK002,PRD004,2024-08-01,Aug-2024,426,186,67,System Error,43.6
BNK002,PRD004,2024-09-01,Sep-2024,550,361,112,System Error,37.0
BNK002,PRD004,2024-10-01,Oct-2024,635,303,86,Auth Failure,64.1
BNK002,PRD004,2024-11-01,Nov-2024,627,218,82,Connectivity,8.7
BNK002,PRD004,2024-12-01,Dec-2024,589,315,47,Timeout,36.3
BNK002,PRD004,2025-01-01,Jan-2025,561,392,147,Format Error,66.9
BNK002,PRD004,2025-02-01,Feb-2025,541,246,57,Timeout,48.5
BNK002,PRD004,2025-03-01,Mar-2025,372,148,21,Format Error,14.4
BNK002,PRD005,2024-04-01,Apr-2024,491,217,81,Format Error,58.6
BNK002,PRD005,2024-05-01,May-2024,668,389,136,Timeout,61.2
BNK002,PRD005,2024-06-01,Jun-2024,381,214,79,Auth Failure,41.8
BNK002,PRD005,2024-07-01,Jul-2024,536,245,64,System Error,21.1
BNK002,PRD005,2024-08-01,Aug-2024,397,240,45,Format Error,29.7
BNK002,PRD005,2024-09-01,Sep-2024,481,238,58,Connectivity,40.8
BNK002,PRD005,2024-10-01,Oct-2024,563,237,94,Connectivity,55.7
BNK002,PRD005,2024-11-01,Nov-2024,594,303,34,Timeout,22.8
BNK002,PRD005,2024-12-01,Dec-2024,555,366,96,Connectivity,53.5
BNK002,PRD005,2025-01-01,Jan-2025,537,171,32,System Error,26.0
BNK002,PRD005,2025-02-01,Feb-2025,538,338,103,Format Error,53.4
BNK002,PRD005,2025-03-01,Mar-2025,533,197,41,Timeout,65.7
BNK003,PRD001,2024-04-01,Apr-2024,384,261,95,Connectivity,6.2
BNK003,PRD001,2024-05-01,May-2024,421,161,47,Timeout,4.2
BNK003,PRD001,2024-06-01,Jun-2024,483,318,42,Connectivity,1.3
BNK003,PRD001,2024-07-01,Jul-2024,434,271,94,System Error,71.1
BNK003,PRD001,2024-08-01,Aug-2024,639,286,100,Timeout,12.1
BNK003,PRD001,2024-09-01,Sep-2024,559,306,54,Format Error,49.3
BNK003,PRD001,2024-10-01,Oct-2024,598,395,76,Connectivity,30.1
BNK003,PRD001,2024-11-01,Nov-2024,353,222,47,System Error,59.0
BNK003,PRD001,2024-12-01,Dec-2024,520,280,80,Format Error,4.0
BNK003,PRD001,2025-01-01,Jan-2025,618,217,66,Timeout,46.3
BNK003,PRD001,2025-02-01,Feb-2025,390,257,63,System Error,39.1
BNK003,PRD001,2025-03-01,Mar-2025,408,243,93,Format Error,21.2
BNK003,PRD002,2024-04-01,Apr-2024,450,288,51,Timeout,29.0
BNK003,PRD002,2024-05-01,May-2024,659,250,31,Format Error,15.3
BNK003,PRD002,2024-06-01,Jun-2024,531,166,40,Timeout,17.2
BNK003,PRD002,2024-07-01,Jul-2024,641,239,78,Timeout,18.2
BNK003,PRD002,2024-08-01,Aug-2024,565,268,38,Auth Failure,55.6
BNK003,PRD002,2024-09-01,Sep-2024,582,291,114,System Error,52.5
BNK003,PRD002,2024-10-01,Oct-2024,365,111,16,Connectivity,66.5
BNK003,PRD002,2024-11-01,Nov-2024,472,179,52,Format Error,28.0
BNK003,PRD002,2024-12-01,Dec-2024,681,342,57,System Error,24.8
BNK003,PRD002,2025-01-01,Jan-2025,602,186,43,System Error,43.7
BNK003,PRD002,2025-02-01,Feb-2025,450,163,43,Connectivity,5.0
BNK003,PRD002,2025-03-01,Mar-2025,589,273,71,Auth Failure,52.2
BNK003,PRD003,2024-04-01,Apr-2024,603,258,28,Timeout,49.6
BNK003,PRD003,2024-05-01,May-2024,352,106,12,Format Error,55.6
BNK003,PRD003,2024-06-01,Jun-2024,391,152,43,Auth Failure,39.7
BNK003,PRD003,2024-07-01,Jul-2024,356,224,54,Auth Failure,46.8
BNK003,PRD003,2024-08-01,Aug-2024,448,244,57,System Error,49.5
BNK003,PRD003,2024-09-01,Sep-2024,564,247,97,Format Error,35.0
BNK003,PRD003,2024-10-01,Oct-2024,664,319,116,System Error,11.3
BNK003,PRD003,2024-11-01,Nov-2024,572,211,82,Connectivity,63.6
BNK003,PRD003,2024-12-01,Dec-2024,478,147,50,System Error,4.0
BNK003,PRD003,2025-01-01,Jan-2025,493,321,114,Format Error,9.9
BNK003,PRD003,2025-02-01,Feb-2025,569,218,48,Format Error,33.7
BNK003,PRD003,2025-03-01,Mar-2025,508,345,82,Connectivity,24.1
BNK003,PRD004,2024-04-01,Apr-2024,489,288,46,System Error,51.6
BNK003,PRD004,2024-05-01,May-2024,548,372,118,Auth Failure,26.8
BNK003,PRD004,2024-06-01,Jun-2024,512,330,111,Connectivity,46.7
BNK003,PRD004,2024-07-01,Jul-2024,424,151,20,Format Error,22.3
BNK003,PRD004,2024-08-01,Aug-2024,641,390,111,Timeout,15.2
BNK003,PRD004,2024-09-01,Sep-2024,468,306,91,Auth Failure,31.7
BNK003,PRD004,2024-10-01,Oct-2024,680,210,34,Auth Failure,48.4
BNK003,PRD004,2024-11-01,Nov-2024,445,266,71,System Error,46.5
BNK003,PRD004,2024-12-01,Dec-2024,551,341,49,Connectivity,34.3
BNK003,PRD004,2025-01-01,Jan-2025,653,230,87,Connectivity,44.3
BNK003,PRD004,2025-02-01,Feb-2025,617,316,91,Timeout,49.0
BNK003,PRD004,2025-03-01,Mar-2025,625,208,21,Timeout,24.5
BNK003,PRD005,2024-04-01,Apr-2024,381,256,52,System Error,69.0
BNK003,PRD005,2024-05-01,May-2024,457,149,42,Connectivity,42.4
BNK003,PRD005,2024-06-01,Jun-2024,639,313,97,Connectivity,22.5
BNK003,PRD005,2024-07-01,Jul-2024,630,229,83,System Error,30.5
BNK003,PRD005,2024-08-01,Aug-2024,536,293,43,Auth Failure,45.6
BNK003,PRD005,2024-09-01,Sep-2024,594,245,86,System Error,70.3
BNK003,PRD005,2024-10-01,Oct-2024,582,208,48,Timeout,10.6
BNK003,PRD005,2024-11-01,Nov-2024,483,218,32,Timeout,42.6
BNK003,PRD005,2024-12-01,Dec-2024,695,309,71,Auth Failure,13.9
BNK003,PRD005,2025-01-01,Jan-2025,662,455,174,Auth Failure,25.4
BNK003,PRD005,2025-02-01,Feb-2025,468,156,32,System Error,10.6
BNK003,PRD005,2025-03-01,Mar-2025,455,208,30,System Error,69.3
BNK004,PRD001,2024-04-01,Apr-2024,462,270,103,Timeout,26.2
BNK004,PRD001,2024-05-01,May-2024,694,345,98,Auth Failure,30.7
BNK004,PRD001,2024-06-01,Jun-2024,409,261,41,Connectivity,70.7
BNK004,PRD001,2024-07-01,Jul-2024,666,206,40,System Error,4.7
BNK004,PRD001,2024-08-01,Aug-2024,433,183,42,Format Error,25.0
BNK004,PRD001,2024-09-01,Sep-2024,445,310,92,Timeout,24.6
BNK004,PRD001,2024-10-01,Oct-2024,360,233,88,Timeout,53.2
BNK004,PRD001,2024-11-01,Nov-2024,356,161,59,Format Error,28.6
BNK004,PRD001,2024-12-01,Dec-2024,593,242,51,Connectivity,58.0
BNK004,PRD001,2025-01-01,Jan-2025,648,397,88,Connectivity,10.4
BNK004,PRD001,2025-02-01,Feb-2025,471,190,29,Connectivity,19.9
BNK004,PRD001,2025-03-01,Mar-2025,669,446,55,Connectivity,62.2
BNK004,PRD002,2024-04-01,Apr-2024,663,205,28,Timeout,18.3
BNK004,PRD002,2024-05-01,May-2024,411,133,36,System Error,56.3
BNK004,PRD002,2024-06-01,Jun-2024,652,198,20,Connectivity,62.8
BNK004,PRD002,2024-07-01,Jul-2024,566,205,59,Format Error,45.8
BNK004,PRD002,2024-08-01,Aug-2024,465,263,74,Timeout,51.0
BNK004,PRD002,2024-09-01,Sep-2024,419,250,31,Timeout,52.0
BNK004,PRD002,2024-10-01,Oct-2024,382,180,55,System Error,4.5
BNK004,PRD002,2024-11-01,Nov-2024,377,161,41,Format Error,59.0
BNK004,PRD002,2024-12-01,Dec-2024,597,297,92,Format Error,21.5
BNK004,PRD002,2025-01-01,Jan-2025,586,378,44,System Error,37.0
BNK004,PRD002,2025-02-01,Feb-2025,377,260,46,Auth Failure,41.9
BNK004,PRD002,2025-03-01,Mar-2025,416,145,47,System Error,14.3
BNK004,PRD003,2024-04-01,Apr-2024,462,321,47,Auth Failure,22.1
BNK004,PRD003,2024-05-01,May-2024,494,274,45,Connectivity,59.5
BNK004,PRD003,2024-06-01,Jun-2024,607,310,91,Connectivity,21.0
BNK004,PRD003,2024-07-01,Jul-2024,406,131,32,Timeout,45.0
BNK004,PRD003,2024-08-01,Aug-2024,636,211,69,Format Error,1.9
BNK004,PRD003,2024-09-01,Sep-2024,610,204,56,Connectivity,50.6
BNK004,PRD003,2024-10-01,Oct-2024,561,383,103,Connectivity,33.0
BNK004,PRD003,2024-11-01,Nov-2024,609,299,74,Format Error,23.3
BNK004,PRD003,2024-12-01,Dec-2024,699,262,72,Timeout,50.1
BNK004,PRD003,2025-01-01,Jan-2025,493,321,63,Format Error,33.9
BNK004,PRD003,2025-02-01,Feb-2025,664,319,45,Format Error,30.8
BNK004,PRD003,2025-03-01,Mar-2025,358,127,24,System Error,29.4
BNK004,PRD004,2024-04-01,Apr-2024,354,218,65,System Error,11.7
BNK004,PRD004,2024-05-01,May-2024,681,263,27,Format Error,11.6
BNK004,PRD004,2024-06-01,Jun-2024,468,144,31,Connectivity,59.9
BNK004,PRD004,2024-07-01,Jul-2024,648,266,41,Auth Failure,52.4
BNK004,PRD004,2024-08-01,Aug-2024,501,340,50,Timeout,26.1
BNK004,PRD004,2024-09-01,Sep-2024,387,263,82,Auth Failure,21.5
BNK004,PRD004,2024-10-01,Oct-2024,432,292,99,Format Error,35.8
BNK004,PRD004,2024-11-01,Nov-2024,684,377,75,Connectivity,49.6
BNK004,PRD004,2024-12-01,Dec-2024,500,174,24,Connectivity,25.2
BNK004,PRD004,2025-01-01,Jan-2025,480,276,38,Auth Failure,69.9
BNK004,PRD004,2025-02-01,Feb-2025,372,178,40,System Error,68.1
BNK004,PRD004,2025-03-01,Mar-2025,590,391,144,Format Error,56.9
BNK004,PRD005,2024-04-01,Apr-2024,544,288,57,System Error,65.0
BNK004,PRD005,2024-05-01,May-2024,687,420,114,System Error,51.3
BNK004,PRD005,2024-06-01,Jun-2024,563,352,61,Auth Failure,34.4
BNK004,PRD005,2024-07-01,Jul-2024,356,179,23,System Error,45.3
BNK004,PRD005,2024-08-01,Aug-2024,378,187,52,Connectivity,5.8
BNK004,PRD005,2024-09-01,Sep-2024,486,183,60,System Error,26.8
BNK004,PRD005,2024-10-01,Oct-2024,622,304,50,Timeout,24.2
BNK004,PRD005,2024-11-01,Nov-2024,638,314,45,Connectivity,68.9
BNK004,PRD005,2024-12-01,Dec-2024,519,220,80,System Error,59.5
BNK004,PRD005,2025-01-01,Jan-2025,576,393,109,Timeout,22.0
BNK004,PRD005,2025-02-01,Feb-2025,371,242,62,Auth Failure,21.1
BNK004,PRD005,2025-03-01,Mar-2025,626,293,101,Timeout,22.2
BNK005,PRD001,2024-04-01,Apr-2024,421,176,19,Format Error,6.6
BNK005,PRD001,2024-05-01,May-2024,512,339,48,Format Error,40.4
BNK005,PRD001,2024-06-01,Jun-2024,557,336,44,Connectivity,33.4
BNK005,PRD001,2024-07-01,Jul-2024,419,227,42,Auth Failure,10.1
BNK005,PRD001,2024-08-01,Aug-2024,684,239,86,Auth Failure,34.9
BNK005,PRD001,2024-09-01,Sep-2024,399,252,53,Timeout,45.7
BNK005,PRD001,2024-10-01,Oct-2024,576,263,52,Timeout,46.7
BNK005,PRD001,2024-11-01,Nov-2024,463,279,31,Auth Failure,5.0
BNK005,PRD001,2024-12-01,Dec-2024,601,212,25,Timeout,10.9
BNK005,PRD001,2025-01-01,Jan-2025,385,140,43,Timeout,54.6
BNK005,PRD001,2025-02-01,Feb-2025,690,300,67,Timeout,36.0
BNK005,PRD001,2025-03-01,Mar-2025,540,275,80,Format Error,50.3
BNK005,PRD002,2024-04-01,Apr-2024,541,181,29,System Error,9.2
BNK005,PRD002,2024-05-01,May-2024,668,270,46,Auth Failure,2.7
BNK005,PRD002,2024-06-01,Jun-2024,575,332,80,Timeout,16.5
BNK005,PRD002,2024-07-01,Jul-2024,431,155,55,Auth Failure,23.7
BNK005,PRD002,2024-08-01,Aug-2024,485,268,58,Auth Failure,55.4
BNK005,PRD002,2024-09-01,Sep-2024,522,296,91,Auth Failure,5.8
BNK005,PRD002,2024-10-01,Oct-2024,420,132,22,Format Error,1.5
BNK005,PRD002,2024-11-01,Nov-2024,595,316,66,System Error,29.2
BNK005,PRD002,2024-12-01,Dec-2024,403,122,35,Auth Failure,21.0
BNK005,PRD002,2025-01-01,Jan-2025,544,274,40,System Error,54.5
BNK005,PRD002,2025-02-01,Feb-2025,439,166,61,Format Error,9.5
BNK005,PRD002,2025-03-01,Mar-2025,449,139,39,Auth Failure,55.7
BNK005,PRD003,2024-04-01,Apr-2024,421,145,31,Timeout,53.7
BNK005,PRD003,2024-05-01,May-2024,655,248,67,Connectivity,60.1
BNK005,PRD003,2024-06-01,Jun-2024,585,382,131,Connectivity,33.9
BNK005,PRD003,2024-07-01,Jul-2024,576,225,82,Connectivity,16.4
BNK005,PRD003,2024-08-01,Aug-2024,358,109,38,Connectivity,15.7
BNK005,PRD003,2024-09-01,Sep-2024,681,310,61,Format Error,43.7
BNK005,PRD003,2024-10-01,Oct-2024,407,202,54,Connectivity,57.4
BNK005,PRD003,2024-11-01,Nov-2024,583,393,48,Timeout,63.8
BNK005,PRD003,2024-12-01,Dec-2024,648,354,126,Connectivity,67.0
BNK005,PRD003,2025-01-01,Jan-2025,456,206,55,System Error,7.9
BNK005,PRD003,2025-02-01,Feb-2025,478,266,104,Connectivity,6.4
BNK005,PRD003,2025-03-01,Mar-2025,496,153,50,Timeout,22.4
BNK005,PRD004,2024-04-01,Apr-2024,441,296,108,System Error,9.5
BNK005,PRD004,2024-05-01,May-2024,572,389,131,Format Error,13.4
BNK005,PRD004,2024-06-01,Jun-2024,389,229,54,Auth Failure,50.3
BNK005,PRD004,2024-07-01,Jul-2024,445,137,36,Timeout,52.9
BNK005,PRD004,2024-08-01,Aug-2024,403,131,39,Timeout,3.6
BNK005,PRD004,2024-09-01,Sep-2024,501,243,37,Timeout,42.0
BNK005,PRD004,2024-10-01,Oct-2024,365,118,39,Connectivity,51.4
BNK005,PRD004,2024-11-01,Nov-2024,601,229,41,Connectivity,69.4
BNK005,PRD004,2024-12-01,Dec-2024,415,238,81,Timeout,63.0
BNK005,PRD004,2025-01-01,Jan-2025,642,304,117,Format Error,57.2
BNK005,PRD004,2025-02-01,Feb-2025,600,358,66,Timeout,43.5
BNK005,PRD004,2025-03-01,Mar-2025,509,248,36,Connectivity,52.6
BNK005,PRD005,2024-04-01,Apr-2024,539,230,67,Format Error,13.4
BNK005,PRD005,2024-05-01,May-2024,490,238,48,Connectivity,11.5
BNK005,PRD005,2024-06-01,Jun-2024,585,383,115,Format Error,26.6
BNK005,PRD005,2024-07-01,Jul-2024,501,270,98,Connectivity,66.7
BNK005,PRD005,2024-08-01,Aug-2024,575,276,72,System Error,64.2
BNK005,PRD005,2024-09-01,Sep-2024,470,313,123,System Error,43.5
BNK005,PRD005,2024-10-01,Oct-2024,539,341,50,Auth Failure,10.9
BNK005,PRD005,2024-11-01,Nov-2024,635,242,74,Timeout,59.5
BNK005,PRD005,2024-12-01,Dec-2024,658,458,120,Auth Failure,8.4
BNK005,PRD005,2025-01-01,Jan-2025,351,236,70,System Error,53.5
BNK005,PRD005,2025-02-01,Feb-2025,589,362,89,Connectivity,53.0
BNK005,PRD005,2025-03-01,Mar-2025,628,326,71,Format Error,16.6
BNK006,PRD001,2024-04-01,Apr-2024,141,65,21,Timeout,17.0
BNK006,PRD001,2024-05-01,May-2024,172,62,19,System Error,51.9
BNK006,PRD001,2024-06-01,Jun-2024,198,136,46,Format Error,11.2
BNK006,PRD001,2024-07-01,Jul-2024,112,76,13,Format Error,22.5
BNK006,PRD001,2024-08-01,Aug-2024,126,69,26,System Error,2.7
BNK006,PRD001,2024-09-01,Sep-2024,108,37,5,Timeout,5.8
BNK006,PRD001,2024-10-01,Oct-2024,152,52,19,Format Error,1.8
BNK006,PRD001,2024-11-01,Nov-2024,167,73,15,Connectivity,31.4
BNK006,PRD001,2024-12-01,Dec-2024,166,81,23,Timeout,49.2
BNK006,PRD001,2025-01-01,Jan-2025,207,103,21,Connectivity,50.7
BNK006,PRD001,2025-02-01,Feb-2025,195,88,23,Timeout,31.0
BNK006,PRD001,2025-03-01,Mar-2025,166,108,41,Format Error,71.6
BNK006,PRD002,2024-04-01,Apr-2024,144,98,32,Timeout,34.7
BNK006,PRD002,2024-05-01,May-2024,162,53,16,Timeout,33.3
BNK006,PRD002,2024-06-01,Jun-2024,183,72,28,Timeout,23.9
BNK006,PRD002,2024-07-01,Jul-2024,163,94,22,Auth Failure,30.2
BNK006,PRD002,2024-08-01,Aug-2024,106,37,13,Timeout,67.4
BNK006,PRD002,2024-09-01,Sep-2024,151,75,17,Auth Failure,28.6
BNK006,PRD002,2024-10-01,Oct-2024,202,113,12,Auth Failure,9.4
BNK006,PRD002,2024-11-01,Nov-2024,159,58,13,System Error,3.8
BNK006,PRD002,2024-12-01,Dec-2024,168,79,24,Timeout,15.1
BNK006,PRD002,2025-01-01,Jan-2025,156,47,15,System Error,55.8
BNK006,PRD002,2025-02-01,Feb-2025,109,40,8,Auth Failure,61.0
BNK006,PRD002,2025-03-01,Mar-2025,129,61,18,Timeout,8.2
BNK006,PRD003,2024-04-01,Apr-2024,119,70,26,Auth Failure,2.7
BNK006,PRD003,2024-05-01,May-2024,157,96,21,Auth Failure,64.7
BNK006,PRD003,2024-06-01,Jun-2024,143,73,16,Timeout,20.8
BNK006,PRD003,2024-07-01,Jul-2024,163,76,9,Connectivity,63.3
BNK006,PRD003,2024-08-01,Aug-2024,174,85,21,System Error,65.4
BNK006,PRD003,2024-09-01,Sep-2024,196,68,10,Auth Failure,14.3
BNK006,PRD003,2024-10-01,Oct-2024,125,70,18,Auth Failure,19.7
BNK006,PRD003,2024-11-01,Nov-2024,112,68,10,Format Error,9.2
BNK006,PRD003,2024-12-01,Dec-2024,109,41,7,Format Error,1.8
BNK006,PRD003,2025-01-01,Jan-2025,111,68,9,Connectivity,42.6
BNK006,PRD003,2025-02-01,Feb-2025,105,68,9,System Error,62.1
BNK006,PRD003,2025-03-01,Mar-2025,189,70,16,Format Error,16.2
BNK006,PRD004,2024-04-01,Apr-2024,123,64,18,Timeout,11.4
BNK006,PRD004,2024-05-01,May-2024,118,59,21,Timeout,34.9
BNK006,PRD004,2024-06-01,Jun-2024,208,68,10,Format Error,60.6
BNK006,PRD004,2024-07-01,Jul-2024,142,55,9,Timeout,54.4
BNK006,PRD004,2024-08-01,Aug-2024,109,46,10,System Error,48.7
BNK006,PRD004,2024-09-01,Sep-2024,202,92,25,System Error,54.2
BNK006,PRD004,2024-10-01,Oct-2024,118,64,21,Format Error,46.9
BNK006,PRD004,2024-11-01,Nov-2024,184,66,18,Connectivity,36.3
BNK006,PRD004,2024-12-01,Dec-2024,112,60,13,Auth Failure,7.0
BNK006,PRD004,2025-01-01,Jan-2025,198,70,20,Connectivity,20.7
BNK006,PRD004,2025-02-01,Feb-2025,134,75,29,Connectivity,22.5
BNK006,PRD004,2025-03-01,Mar-2025,161,69,13,Format Error,37.3
BNK006,PRD005,2024-04-01,Apr-2024,145,94,28,Auth Failure,66.6
BNK006,PRD005,2024-05-01,May-2024,168,94,25,Format Error,24.9
BNK006,PRD005,2024-06-01,Jun-2024,177,122,31,Auth Failure,45.8
BNK006,PRD005,2024-07-01,Jul-2024,131,53,9,Connectivity,43.2
BNK006,PRD005,2024-08-01,Aug-2024,128,85,16,System Error,41.2
BNK006,PRD005,2024-09-01,Sep-2024,141,59,20,Auth Failure,49.0
BNK006,PRD005,2024-10-01,Oct-2024,134,72,21,System Error,55.6
BNK006,PRD005,2024-11-01,Nov-2024,198,70,23,Connectivity,14.5
BNK006,PRD005,2024-12-01,Dec-2024,177,103,27,System Error,57.7
BNK006,PRD005,2025-01-01,Jan-2025,166,61,19,Connectivity,46.3
BNK006,PRD005,2025-02-01,Feb-2025,126,77,26,System Error,64.0
BNK006,PRD005,2025-03-01,Mar-2025,190,85,18,Connectivity,67.2
BNK007,PRD001,2024-04-01,Apr-2024,510,222,39,Timeout,18.9
BNK007,PRD001,2024-05-01,May-2024,688,430,169,Timeout,5.7
BNK007,PRD001,2024-06-01,Jun-2024,634,254,63,Auth Failure,42.4
BNK007,PRD001,2024-07-01,Jul-2024,446,235,37,Timeout,70.7
BNK007,PRD001,2024-08-01,Aug-2024,569,282,37,Format Error,28.5
BNK007,PRD001,2024-09-01,Sep-2024,391,145,30,Timeout,3.9
BNK007,PRD001,2024-10-01,Oct-2024,374,128,33,System Error,56.7
BNK007,PRD001,2024-11-01,Nov-2024,674,387,62,Auth Failure,5.3
BNK007,PRD001,2024-12-01,Dec-2024,389,268,84,Connectivity,31.5
BNK007,PRD001,2025-01-01,Jan-2025,430,235,63,Connectivity,66.9
BNK007,PRD001,2025-02-01,Feb-2025,473,186,19,Auth Failure,23.5
BNK007,PRD001,2025-03-01,Mar-2025,426,265,92,System Error,39.5
BNK007,PRD002,2024-04-01,Apr-2024,356,129,35,Auth Failure,70.5
BNK007,PRD002,2024-05-01,May-2024,444,219,28,Format Error,16.7
BNK007,PRD002,2024-06-01,Jun-2024,510,186,28,System Error,20.8
BNK007,PRD002,2024-07-01,Jul-2024,351,199,45,Auth Failure,61.3
BNK007,PRD002,2024-08-01,Aug-2024,506,198,70,Format Error,51.6
BNK007,PRD002,2024-09-01,Sep-2024,504,300,64,Auth Failure,54.3
BNK007,PRD002,2024-10-01,Oct-2024,358,216,34,Format Error,32.0
BNK007,PRD002,2024-11-01,Nov-2024,656,286,30,Auth Failure,44.7
BNK007,PRD002,2024-12-01,Dec-2024,643,348,73,Timeout,43.7
BNK007,PRD002,2025-01-01,Jan-2025,594,267,89,System Error,16.5
BNK007,PRD002,2025-02-01,Feb-2025,473,193,60,System Error,27.9
BNK007,PRD002,2025-03-01,Mar-2025,657,449,137,Auth Failure,18.3
BNK007,PRD003,2024-04-01,Apr-2024,594,285,96,Format Error,41.6
BNK007,PRD003,2024-05-01,May-2024,475,146,33,Format Error,65.6
BNK007,PRD003,2024-06-01,Jun-2024,381,153,25,Connectivity,65.7
BNK007,PRD003,2024-07-01,Jul-2024,440,159,26,Auth Failure,46.8
BNK007,PRD003,2024-08-01,Aug-2024,559,348,123,Format Error,26.9
BNK007,PRD003,2024-09-01,Sep-2024,616,206,77,Timeout,44.7
BNK007,PRD003,2024-10-01,Oct-2024,543,217,55,Connectivity,33.2
BNK007,PRD003,2024-11-01,Nov-2024,452,290,53,System Error,17.3
BNK007,PRD003,2024-12-01,Dec-2024,459,233,39,Timeout,45.1
BNK007,PRD003,2025-01-01,Jan-2025,550,337,121,System Error,21.5
BNK007,PRD003,2025-02-01,Feb-2025,514,241,36,Timeout,58.3
BNK007,PRD003,2025-03-01,Mar-2025,418,244,29,Timeout,20.1
BNK007,PRD004,2024-04-01,Apr-2024,624,320,106,Auth Failure,55.0
BNK007,PRD004,2024-05-01,May-2024,603,217,82,System Error,56.9
BNK007,PRD004,2024-06-01,Jun-2024,463,170,30,Timeout,36.6
BNK007,PRD004,2024-07-01,Jul-2024,663,303,45,Format Error,12.1
BNK007,PRD004,2024-08-01,Aug-2024,396,255,89,Auth Failure,56.6
BNK007,PRD004,2024-09-01,Sep-2024,511,246,77,System Error,12.5
BNK007,PRD004,2024-10-01,Oct-2024,562,178,70,System Error,1.0
BNK007,PRD004,2024-11-01,Nov-2024,511,316,95,Format Error,40.1
BNK007,PRD004,2024-12-01,Dec-2024,604,395,94,Auth Failure,26.1
BNK007,PRD004,2025-01-01,Jan-2025,561,329,106,Connectivity,38.2
BNK007,PRD004,2025-02-01,Feb-2025,492,246,61,Timeout,15.7
BNK007,PRD004,2025-03-01,Mar-2025,559,249,47,Auth Failure,65.2
BNK007,PRD005,2024-04-01,Apr-2024,483,202,21,Format Error,15.1
BNK007,PRD005,2024-05-01,May-2024,355,168,48,System Error,32.9
BNK007,PRD005,2024-06-01,Jun-2024,556,335,47,Connectivity,29.1
BNK007,PRD005,2024-07-01,Jul-2024,399,263,97,Connectivity,35.6
BNK007,PRD005,2024-08-01,Aug-2024,513,249,90,Format Error,10.3
BNK007,PRD005,2024-09-01,Sep-2024,685,272,39,Timeout,22.0
BNK007,PRD005,2024-10-01,Oct-2024,368,178,38,Format Error,6.5
BNK007,PRD005,2024-11-01,Nov-2024,452,284,75,Timeout,67.3
BNK007,PRD005,2024-12-01,Dec-2024,654,321,66,System Error,23.0
BNK007,PRD005,2025-01-01,Jan-2025,527,160,20,Auth Failure,20.1
BNK007,PRD005,2025-02-01,Feb-2025,358,138,35,Timeout,32.8
BNK007,PRD005,2025-03-01,Mar-2025,466,254,51,Connectivity,21.2
BNK008,PRD001,2024-04-01,Apr-2024,367,185,25,Format Error,54.9
BNK008,PRD001,2024-05-01,May-2024,501,253,75,Auth Failure,52.7
BNK008,PRD001,2024-06-01,Jun-2024,548,179,69,Format Error,24.4
BNK008,PRD001,2024-07-01,Jul-2024,599,354,102,System Error,11.1
BNK008,PRD001,2024-08-01,Aug-2024,670,225,48,Format Error,16.6
BNK008,PRD001,2024-09-01,Sep-2024,365,111,15,Format Error,41.4
BNK008,PRD001,2024-10-01,Oct-2024,496,312,45,Auth Failure,41.3
BNK008,PRD001,2024-11-01,Nov-2024,696,267,106,System Error,62.0
BNK008,PRD001,2024-12-01,Dec-2024,442,217,26,Format Error,66.0
BNK008,PRD001,2025-01-01,Jan-2025,407,231,31,Format Error,58.6
BNK008,PRD001,2025-02-01,Feb-2025,469,277,58,Format Error,68.9
BNK008,PRD001,2025-03-01,Mar-2025,440,230,84,Connectivity,45.8
BNK008,PRD002,2024-04-01,Apr-2024,464,168,51,Auth Failure,37.9
BNK008,PRD002,2024-05-01,May-2024,447,240,88,System Error,58.9
BNK008,PRD002,2024-06-01,Jun-2024,501,204,77,Connectivity,36.4
BNK008,PRD002,2024-07-01,Jul-2024,603,278,107,Connectivity,57.9
BNK008,PRD002,2024-08-01,Aug-2024,440,277,73,System Error,63.5
BNK008,PRD002,2024-09-01,Sep-2024,437,289,109,Auth Failure,36.9
BNK008,PRD002,2024-10-01,Oct-2024,494,227,61,Connectivity,6.8
BNK008,PRD002,2024-11-01,Nov-2024,406,199,75,Timeout,56.0
BNK008,PRD002,2024-12-01,Dec-2024,674,217,48,Format Error,11.9
BNK008,PRD002,2025-01-01,Jan-2025,515,160,61,Timeout,22.9
BNK008,PRD002,2025-02-01,Feb-2025,520,363,137,Format Error,42.8
BNK008,PRD002,2025-03-01,Mar-2025,491,314,58,Auth Failure,58.1
BNK008,PRD003,2024-04-01,Apr-2024,467,251,69,Timeout,8.1
BNK008,PRD003,2024-05-01,May-2024,378,224,32,Format Error,36.0
BNK008,PRD003,2024-06-01,Jun-2024,382,262,89,System Error,71.4
BNK008,PRD003,2024-07-01,Jul-2024,350,129,18,Connectivity,49.2
BNK008,PRD003,2024-08-01,Aug-2024,671,389,116,Timeout,3.9
BNK008,PRD003,2024-09-01,Sep-2024,662,286,31,Auth Failure,6.8
BNK008,PRD003,2024-10-01,Oct-2024,363,108,40,System Error,64.7
BNK008,PRD003,2024-11-01,Nov-2024,638,316,56,Connectivity,44.7
BNK008,PRD003,2024-12-01,Dec-2024,534,337,62,Timeout,33.8
BNK008,PRD003,2025-01-01,Jan-2025,648,235,78,Auth Failure,7.8
BNK008,PRD003,2025-02-01,Feb-2025,562,323,35,Connectivity,48.2
BNK008,PRD003,2025-03-01,Mar-2025,593,370,76,Auth Failure,22.8
BNK008,PRD004,2024-04-01,Apr-2024,578,361,81,System Error,57.4
BNK008,PRD004,2024-05-01,May-2024,646,365,59,Format Error,11.6
BNK008,PRD004,2024-06-01,Jun-2024,404,134,37,Timeout,11.5
BNK008,PRD004,2024-07-01,Jul-2024,699,244,77,Connectivity,55.7
BNK008,PRD004,2024-08-01,Aug-2024,590,313,98,Format Error,30.1
BNK008,PRD004,2024-09-01,Sep-2024,675,382,115,Auth Failure,22.5
BNK008,PRD004,2024-10-01,Oct-2024,598,393,116,Connectivity,12.1
BNK008,PRD004,2024-11-01,Nov-2024,417,136,14,Connectivity,28.7
BNK008,PRD004,2024-12-01,Dec-2024,634,307,119,Connectivity,32.9
BNK008,PRD004,2025-01-01,Jan-2025,635,379,118,Connectivity,69.0
BNK008,PRD004,2025-02-01,Feb-2025,613,396,61,System Error,68.8
BNK008,PRD004,2025-03-01,Mar-2025,495,244,96,System Error,4.0
BNK008,PRD005,2024-04-01,Apr-2024,399,201,49,Connectivity,65.4
BNK008,PRD005,2024-05-01,May-2024,602,281,93,Connectivity,51.5
BNK008,PRD005,2024-06-01,Jun-2024,630,283,28,Format Error,55.8
BNK008,PRD005,2024-07-01,Jul-2024,689,262,37,Auth Failure,20.4
BNK008,PRD005,2024-08-01,Aug-2024,486,248,68,Auth Failure,15.0
BNK008,PRD005,2024-09-01,Sep-2024,619,366,40,Auth Failure,39.8
BNK008,PRD005,2024-10-01,Oct-2024,538,324,36,Connectivity,2.3
BNK008,PRD005,2024-11-01,Nov-2024,556,381,45,Format Error,67.0
BNK008,PRD005,2024-12-01,Dec-2024,669,363,61,Connectivity,60.3
BNK008,PRD005,2025-01-01,Jan-2025,428,173,63,Timeout,59.0
BNK008,PRD005,2025-02-01,Feb-2025,583,310,67,Timeout,38.7
BNK008,PRD005,2025-03-01,Mar-2025,364,247,57,Format Error,1.2
BNK009,PRD001,2024-04-01,Apr-2024,110,36,12,Auth Failure,58.8
BNK009,PRD001,2024-05-01,May-2024,162,75,18,Connectivity,55.6
BNK009,PRD001,2024-06-01,Jun-2024,174,86,23,Auth Failure,48.0
BNK009,PRD001,2024-07-01,Jul-2024,135,46,7,Format Error,40.8
BNK009,PRD001,2024-08-01,Aug-2024,139,72,11,Format Error,6.7
BNK009,PRD001,2024-09-01,Sep-2024,172,116,12,System Error,67.1
BNK009,PRD001,2024-10-01,Oct-2024,181,66,12,Connectivity,30.5
BNK009,PRD001,2024-11-01,Nov-2024,200,76,11,Timeout,55.3
BNK009,PRD001,2024-12-01,Dec-2024,135,94,28,Timeout,6.4
BNK009,PRD001,2025-01-01,Jan-2025,121,42,16,System Error,5.7
BNK009,PRD001,2025-02-01,Feb-2025,185,111,20,System Error,9.0
BNK009,PRD001,2025-03-01,Mar-2025,152,52,17,Auth Failure,34.0
BNK009,PRD002,2024-04-01,Apr-2024,117,66,12,Timeout,26.3
BNK009,PRD002,2024-05-01,May-2024,114,42,14,Auth Failure,68.1
BNK009,PRD002,2024-06-01,Jun-2024,181,120,34,Timeout,71.4
BNK009,PRD002,2024-07-01,Jul-2024,122,53,13,Auth Failure,14.8
BNK009,PRD002,2024-08-01,Aug-2024,209,126,25,Connectivity,61.6
BNK009,PRD002,2024-09-01,Sep-2024,188,88,30,Format Error,16.1
BNK009,PRD002,2024-10-01,Oct-2024,124,68,22,Timeout,70.3
BNK009,PRD002,2024-11-01,Nov-2024,183,115,43,Format Error,40.6
BNK009,PRD002,2024-12-01,Dec-2024,153,65,13,Timeout,3.6
BNK009,PRD002,2025-01-01,Jan-2025,124,65,6,Connectivity,47.1
BNK009,PRD002,2025-02-01,Feb-2025,148,93,36,Format Error,7.1
BNK009,PRD002,2025-03-01,Mar-2025,193,103,27,Timeout,43.1
BNK009,PRD003,2024-04-01,Apr-2024,154,80,21,Connectivity,9.5
BNK009,PRD003,2024-05-01,May-2024,190,116,33,System Error,23.2
BNK009,PRD003,2024-06-01,Jun-2024,191,79,28,Timeout,67.7
BNK009,PRD003,2024-07-01,Jul-2024,174,121,37,Format Error,71.9
BNK009,PRD003,2024-08-01,Aug-2024,134,85,33,Auth Failure,26.8
BNK009,PRD003,2024-09-01,Sep-2024,157,93,20,Timeout,70.7
BNK009,PRD003,2024-10-01,Oct-2024,139,81,29,Auth Failure,43.8
BNK009,PRD003,2024-11-01,Nov-2024,194,86,11,Connectivity,55.5
BNK009,PRD003,2024-12-01,Dec-2024,138,48,13,Auth Failure,57.8
BNK009,PRD003,2025-01-01,Jan-2025,129,52,18,Auth Failure,54.6
BNK009,PRD003,2025-02-01,Feb-2025,200,66,20,Auth Failure,62.8
BNK009,PRD003,2025-03-01,Mar-2025,162,107,31,Timeout,64.6
BNK009,PRD004,2024-04-01,Apr-2024,183,57,21,Format Error,7.6
BNK009,PRD004,2024-05-01,May-2024,139,82,11,Timeout,68.4
BNK009,PRD004,2024-06-01,Jun-2024,166,56,13,Format Error,58.5
BNK009,PRD004,2024-07-01,Jul-2024,147,50,7,Auth Failure,64.5
BNK009,PRD004,2024-08-01,Aug-2024,130,56,8,Auth Failure,50.7
BNK009,PRD004,2024-09-01,Sep-2024,115,71,17,System Error,13.0
BNK009,PRD004,2024-10-01,Oct-2024,205,132,33,Format Error,1.4
BNK009,PRD004,2024-11-01,Nov-2024,159,65,21,System Error,36.0
BNK009,PRD004,2024-12-01,Dec-2024,129,60,17,Format Error,14.7
BNK009,PRD004,2025-01-01,Jan-2025,160,70,15,Auth Failure,30.2
BNK009,PRD004,2025-02-01,Feb-2025,165,67,19,Timeout,51.2
BNK009,PRD004,2025-03-01,Mar-2025,131,71,7,Timeout,29.8
BNK009,PRD005,2024-04-01,Apr-2024,125,50,6,System Error,58.8
BNK009,PRD005,2024-05-01,May-2024,165,113,19,Timeout,17.4
BNK009,PRD005,2024-06-01,Jun-2024,131,41,4,Format Error,10.4
BNK009,PRD005,2024-07-01,Jul-2024,127,86,23,System Error,51.9
BNK009,PRD005,2024-08-01,Aug-2024,192,58,7,System Error,32.7
BNK009,PRD005,2024-09-01,Sep-2024,120,67,9,Connectivity,24.1
BNK009,PRD005,2024-10-01,Oct-2024,148,83,25,Format Error,48.1
BNK009,PRD005,2024-11-01,Nov-2024,195,69,14,System Error,62.8
BNK009,PRD005,2024-12-01,Dec-2024,195,110,27,Connectivity,32.1
BNK009,PRD005,2025-01-01,Jan-2025,131,62,9,Timeout,54.1
BNK009,PRD005,2025-02-01,Feb-2025,160,61,8,Connectivity,11.0
BNK009,PRD005,2025-03-01,Mar-2025,134,63,6,Auth Failure,5.6
BNK010,PRD001,2024-04-01,Apr-2024,152,64,10,System Error,49.9
BNK010,PRD001,2024-05-01,May-2024,133,65,14,System Error,35.1
BNK010,PRD001,2024-06-01,Jun-2024,151,53,17,Format Error,28.3
BNK010,PRD001,2024-07-01,Jul-2024,208,108,31,System Error,8.8
BNK010,PRD001,2024-08-01,Aug-2024,180,91,27,Connectivity,62.2
BNK010,PRD001,2024-09-01,Sep-2024,159,67,14,Timeout,41.3
BNK010,PRD001,2024-10-01,Oct-2024,197,78,14,System Error,54.8
BNK010,PRD001,2024-11-01,Nov-2024,175,91,25,Auth Failure,66.4
BNK010,PRD001,2024-12-01,Dec-2024,170,117,11,Timeout,24.2
BNK010,PRD001,2025-01-01,Jan-2025,177,92,24,Timeout,35.2
BNK010,PRD001,2025-02-01,Feb-2025,124,73,23,Format Error,18.8
BNK010,PRD001,2025-03-01,Mar-2025,189,101,29,Auth Failure,41.1
BNK010,PRD002,2024-04-01,Apr-2024,142,64,18,System Error,24.1
BNK010,PRD002,2024-05-01,May-2024,195,86,28,Auth Failure,24.7
BNK010,PRD002,2024-06-01,Jun-2024,128,87,9,Timeout,8.3
BNK010,PRD002,2024-07-01,Jul-2024,199,78,28,System Error,34.2
BNK010,PRD002,2024-08-01,Aug-2024,161,95,12,Auth Failure,32.3
BNK010,PRD002,2024-09-01,Sep-2024,119,70,11,Timeout,3.6
BNK010,PRD002,2024-10-01,Oct-2024,106,56,7,Connectivity,46.7
BNK010,PRD002,2024-11-01,Nov-2024,198,130,16,System Error,44.4
BNK010,PRD002,2024-12-01,Dec-2024,114,45,12,System Error,4.1
BNK010,PRD002,2025-01-01,Jan-2025,177,91,27,Timeout,66.8
BNK010,PRD002,2025-02-01,Feb-2025,156,108,36,Connectivity,8.1
BNK010,PRD002,2025-03-01,Mar-2025,157,61,16,Timeout,31.3
BNK010,PRD003,2024-04-01,Apr-2024,141,62,14,System Error,2.9
BNK010,PRD003,2024-05-01,May-2024,115,63,6,Connectivity,14.7
BNK010,PRD003,2024-06-01,Jun-2024,191,75,8,System Error,14.9
BNK010,PRD003,2024-07-01,Jul-2024,126,44,10,Format Error,17.0
BNK010,PRD003,2024-08-01,Aug-2024,119,41,15,System Error,27.0
BNK010,PRD003,2024-09-01,Sep-2024,184,111,38,Format Error,11.9
BNK010,PRD003,2024-10-01,Oct-2024,111,73,17,Timeout,13.2
BNK010,PRD003,2024-11-01,Nov-2024,108,39,13,Format Error,8.7
BNK010,PRD003,2024-12-01,Dec-2024,185,71,10,Timeout,31.9
BNK010,PRD003,2025-01-01,Jan-2025,178,65,20,Auth Failure,63.8
BNK010,PRD003,2025-02-01,Feb-2025,160,105,29,Auth Failure,70.9
BNK010,PRD003,2025-03-01,Mar-2025,198,71,28,Auth Failure,47.9
BNK010,PRD004,2024-04-01,Apr-2024,127,60,9,Format Error,20.8
BNK010,PRD004,2024-05-01,May-2024,132,50,16,Timeout,14.9
BNK010,PRD004,2024-06-01,Jun-2024,136,82,19,Timeout,63.1
BNK010,PRD004,2024-07-01,Jul-2024,117,67,24,System Error,53.3
BNK010,PRD004,2024-08-01,Aug-2024,161,103,27,Format Error,65.6
BNK010,PRD004,2024-09-01,Sep-2024,165,98,13,Auth Failure,13.8
BNK010,PRD004,2024-10-01,Oct-2024,196,121,20,Timeout,37.1
BNK010,PRD004,2024-11-01,Nov-2024,168,109,18,Auth Failure,6.9
BNK010,PRD004,2024-12-01,Dec-2024,160,53,9,Auth Failure,10.7
BNK010,PRD004,2025-01-01,Jan-2025,123,57,20,System Error,10.9
BNK010,PRD004,2025-02-01,Feb-2025,187,108,13,System Error,45.4
BNK010,PRD004,2025-03-01,Mar-2025,112,65,17,Connectivity,33.7
BNK010,PRD005,2024-04-01,Apr-2024,176,122,24,Timeout,55.3
BNK010,PRD005,2024-05-01,May-2024,186,113,34,Timeout,6.9
BNK010,PRD005,2024-06-01,Jun-2024,122,72,20,Timeout,6.9
BNK010,PRD005,2024-07-01,Jul-2024,124,84,10,Auth Failure,47.0
BNK010,PRD005,2024-08-01,Aug-2024,111,61,23,Timeout,52.1
BNK010,PRD005,2024-09-01,Sep-2024,208,88,26,Auth Failure,46.8
BNK010,PRD005,2024-10-01,Oct-2024,184,74,9,System Error,43.6
BNK010,PRD005,2024-11-01,Nov-2024,165,80,19,Timeout,11.7
BNK010,PRD005,2024-12-01,Dec-2024,191,79,22,Timeout,23.3
BNK010,PRD005,2025-01-01,Jan-2025,154,77,18,Timeout,43.5
BNK010,PRD005,2025-02-01,Feb-2025,105,42,7,Connectivity,46.2
BNK010,PRD005,2025-03-01,Mar-2025,114,67,12,System Error,29.8
BNK011,PRD001,2024-04-01,Apr-2024,164,64,9,Connectivity,37.3
BNK011,PRD001,2024-05-01,May-2024,209,93,10,Connectivity,59.3
BNK011,PRD001,2024-06-01,Jun-2024,187,84,9,Timeout,45.4
BNK011,PRD001,2024-07-01,Jul-2024,110,42,9,Auth Failure,40.6
BNK011,PRD001,2024-08-01,Aug-2024,169,103,10,Auth Failure,56.3
BNK011,PRD001,2024-09-01,Sep-2024,205,131,33,System Error,5.6
BNK011,PRD001,2024-10-01,Oct-2024,133,42,5,Format Error,18.9
BNK011,PRD001,2024-11-01,Nov-2024,160,104,38,Timeout,19.6
BNK011,PRD001,2024-12-01,Dec-2024,181,123,36,Auth Failure,68.3
BNK011,PRD001,2025-01-01,Jan-2025,157,105,26,Format Error,52.0
BNK011,PRD001,2025-02-01,Feb-2025,124,69,15,System Error,12.0
BNK011,PRD001,2025-03-01,Mar-2025,111,64,18,Connectivity,52.5
BNK011,PRD002,2024-04-01,Apr-2024,159,88,26,Connectivity,29.9
BNK011,PRD002,2024-05-01,May-2024,121,48,10,System Error,27.1
BNK011,PRD002,2024-06-01,Jun-2024,181,92,15,Connectivity,69.2
BNK011,PRD002,2024-07-01,Jul-2024,131,63,7,Format Error,21.7
BNK011,PRD002,2024-08-01,Aug-2024,208,94,19,Connectivity,54.8
BNK011,PRD002,2024-09-01,Sep-2024,195,61,13,System Error,52.2
BNK011,PRD002,2024-10-01,Oct-2024,143,73,11,System Error,69.1
BNK011,PRD002,2024-11-01,Nov-2024,200,61,7,Format Error,22.8
BNK011,PRD002,2024-12-01,Dec-2024,188,121,30,Auth Failure,36.9
BNK011,PRD002,2025-01-01,Jan-2025,201,122,38,Connectivity,18.1
BNK011,PRD002,2025-02-01,Feb-2025,178,90,31,Connectivity,24.5
BNK011,PRD002,2025-03-01,Mar-2025,207,100,34,Timeout,48.8
BNK011,PRD003,2024-04-01,Apr-2024,140,58,16,Connectivity,18.0
BNK011,PRD003,2024-05-01,May-2024,201,77,25,Connectivity,14.8
BNK011,PRD003,2024-06-01,Jun-2024,160,85,31,Timeout,29.0
BNK011,PRD003,2024-07-01,Jul-2024,128,45,5,Timeout,51.5
BNK011,PRD003,2024-08-01,Aug-2024,152,73,26,Timeout,39.7
BNK011,PRD003,2024-09-01,Sep-2024,168,63,17,System Error,36.0
BNK011,PRD003,2024-10-01,Oct-2024,119,66,26,Timeout,63.6
BNK011,PRD003,2024-11-01,Nov-2024,194,114,44,Auth Failure,55.1
BNK011,PRD003,2024-12-01,Dec-2024,157,107,42,Timeout,33.8
BNK011,PRD003,2025-01-01,Jan-2025,157,72,19,Auth Failure,64.3
BNK011,PRD003,2025-02-01,Feb-2025,106,39,13,Timeout,42.6
BNK011,PRD003,2025-03-01,Mar-2025,140,65,17,Auth Failure,38.2
BNK011,PRD004,2024-04-01,Apr-2024,106,60,12,Format Error,19.7
BNK011,PRD004,2024-05-01,May-2024,134,92,12,Format Error,66.1
BNK011,PRD004,2024-06-01,Jun-2024,197,112,24,Auth Failure,57.2
BNK011,PRD004,2024-07-01,Jul-2024,119,38,7,Timeout,58.4
BNK011,PRD004,2024-08-01,Aug-2024,196,108,29,Timeout,39.3
BNK011,PRD004,2024-09-01,Sep-2024,128,58,14,Timeout,42.6
BNK011,PRD004,2024-10-01,Oct-2024,184,85,12,System Error,67.9
BNK011,PRD004,2024-11-01,Nov-2024,168,84,10,Format Error,20.5
BNK011,PRD004,2024-12-01,Dec-2024,140,46,8,Timeout,50.4
BNK011,PRD004,2025-01-01,Jan-2025,195,81,20,Format Error,67.8
BNK011,PRD004,2025-02-01,Feb-2025,109,48,5,Connectivity,17.9
BNK011,PRD004,2025-03-01,Mar-2025,203,95,37,Timeout,37.9
BNK011,PRD005,2024-04-01,Apr-2024,115,68,15,Timeout,67.7
BNK011,PRD005,2024-05-01,May-2024,204,132,15,System Error,26.7
BNK011,PRD005,2024-06-01,Jun-2024,146,79,27,Timeout,28.4
BNK011,PRD005,2024-07-01,Jul-2024,176,57,21,System Error,8.1
BNK011,PRD005,2024-08-01,Aug-2024,123,47,17,Connectivity,4.7
BNK011,PRD005,2024-09-01,Sep-2024,150,78,18,Timeout,35.5
BNK011,PRD005,2024-10-01,Oct-2024,193,90,24,System Error,45.1
BNK011,PRD005,2024-11-01,Nov-2024,208,131,24,Timeout,9.2
BNK011,PRD005,2024-12-01,Dec-2024,136,70,23,Format Error,56.4
BNK011,PRD005,2025-01-01,Jan-2025,140,55,19,Auth Failure,53.3
BNK011,PRD005,2025-02-01,Feb-2025,160,74,12,Connectivity,44.6
BNK011,PRD005,2025-03-01,Mar-2025,118,40,8,Timeout,44.0
BNK012,PRD001,2024-04-01,Apr-2024,109,48,12,Timeout,58.0
BNK012,PRD001,2024-05-01,May-2024,135,50,5,Format Error,71.4
BNK012,PRD001,2024-06-01,Jun-2024,166,60,19,Auth Failure,45.3
BNK012,PRD001,2024-07-01,Jul-2024,170,103,27,Format Error,62.7
BNK012,PRD001,2024-08-01,Aug-2024,173,109,31,Auth Failure,54.0
BNK012,PRD001,2024-09-01,Sep-2024,175,105,37,Timeout,64.1
BNK012,PRD001,2024-10-01,Oct-2024,136,69,14,Format Error,46.2
BNK012,PRD001,2024-11-01,Nov-2024,164,58,15,Connectivity,2.5
BNK012,PRD001,2024-12-01,Dec-2024,157,66,18,System Error,68.7
BNK012,PRD001,2025-01-01,Jan-2025,198,67,23,System Error,21.9
BNK012,PRD001,2025-02-01,Feb-2025,119,81,17,Auth Failure,69.2
BNK012,PRD001,2025-03-01,Mar-2025,110,60,6,Auth Failure,34.6
BNK012,PRD002,2024-04-01,Apr-2024,146,50,16,Timeout,46.6
BNK012,PRD002,2024-05-01,May-2024,123,47,12,System Error,37.9
BNK012,PRD002,2024-06-01,Jun-2024,128,72,20,Connectivity,47.2
BNK012,PRD002,2024-07-01,Jul-2024,199,101,30,Auth Failure,54.7
BNK012,PRD002,2024-08-01,Aug-2024,192,132,45,Connectivity,69.2
BNK012,PRD002,2024-09-01,Sep-2024,198,68,9,Auth Failure,44.3
BNK012,PRD002,2024-10-01,Oct-2024,140,72,25,System Error,29.8
BNK012,PRD002,2024-11-01,Nov-2024,185,95,13,Connectivity,7.6
BNK012,PRD002,2024-12-01,Dec-2024,162,85,17,Timeout,66.6
BNK012,PRD002,2025-01-01,Jan-2025,127,66,22,Timeout,48.7
BNK012,PRD002,2025-02-01,Feb-2025,176,63,9,Auth Failure,23.3
BNK012,PRD002,2025-03-01,Mar-2025,140,93,12,System Error,56.2
BNK012,PRD003,2024-04-01,Apr-2024,146,52,14,Connectivity,61.3
BNK012,PRD003,2024-05-01,May-2024,133,87,31,System Error,35.0
BNK012,PRD003,2024-06-01,Jun-2024,128,38,13,Format Error,43.6
BNK012,PRD003,2024-07-01,Jul-2024,200,91,36,Timeout,60.2
BNK012,PRD003,2024-08-01,Aug-2024,185,92,11,System Error,58.8
BNK012,PRD003,2024-09-01,Sep-2024,140,96,34,Timeout,68.1
BNK012,PRD003,2024-10-01,Oct-2024,144,46,13,Timeout,21.8
BNK012,PRD003,2024-11-01,Nov-2024,168,108,21,Format Error,30.0
BNK012,PRD003,2024-12-01,Dec-2024,123,67,10,Auth Failure,68.4
BNK012,PRD003,2025-01-01,Jan-2025,172,94,10,Connectivity,16.7
BNK012,PRD003,2025-02-01,Feb-2025,134,41,10,Format Error,43.5
BNK012,PRD003,2025-03-01,Mar-2025,146,47,17,System Error,52.5
BNK012,PRD004,2024-04-01,Apr-2024,185,85,11,System Error,25.5
BNK012,PRD004,2024-05-01,May-2024,163,54,19,Format Error,66.5
BNK012,PRD004,2024-06-01,Jun-2024,201,139,37,Auth Failure,5.7
BNK012,PRD004,2024-07-01,Jul-2024,186,57,21,Auth Failure,19.7
BNK012,PRD004,2024-08-01,Aug-2024,206,78,18,Timeout,67.5
BNK012,PRD004,2024-09-01,Sep-2024,205,87,27,System Error,15.4
BNK012,PRD004,2024-10-01,Oct-2024,201,92,22,Timeout,34.0
BNK012,PRD004,2024-11-01,Nov-2024,126,88,32,Timeout,6.6
BNK012,PRD004,2024-12-01,Dec-2024,122,55,9,Format Error,17.9
BNK012,PRD004,2025-01-01,Jan-2025,158,89,12,Format Error,39.8
BNK012,PRD004,2025-02-01,Feb-2025,207,93,14,Format Error,6.3
BNK012,PRD004,2025-03-01,Mar-2025,175,73,13,Timeout,52.5
BNK012,PRD005,2024-04-01,Apr-2024,122,64,7,Format Error,21.9
BNK012,PRD005,2024-05-01,May-2024,109,68,15,Connectivity,71.6
BNK012,PRD005,2024-06-01,Jun-2024,129,49,8,Timeout,29.3
BNK012,PRD005,2024-07-01,Jul-2024,161,108,40,Format Error,48.4
BNK012,PRD005,2024-08-01,Aug-2024,122,45,4,System Error,46.4
BNK012,PRD005,2024-09-01,Sep-2024,197,129,35,System Error,8.3
BNK012,PRD005,2024-10-01,Oct-2024,125,63,24,System Error,41.6
BNK012,PRD005,2024-11-01,Nov-2024,140,88,29,Auth Failure,32.1
BNK012,PRD005,2024-12-01,Dec-2024,184,118,19,Auth Failure,18.3
BNK012,PRD005,2025-01-01,Jan-2025,117,59,15,Connectivity,30.0
BNK012,PRD005,2025-02-01,Feb-2025,140,74,17,Timeout,36.0
BNK012,PRD005,2025-03-01,Mar-2025,178,92,26,Format Error,49.3
BNK013,PRD001,2024-04-01,Apr-2024,209,100,31,Format Error,62.1
BNK013,PRD001,2024-05-01,May-2024,157,103,26,System Error,62.1
BNK013,PRD001,2024-06-01,Jun-2024,106,64,13,System Error,7.0
BNK013,PRD001,2024-07-01,Jul-2024,193,71,20,Connectivity,48.8
BNK013,PRD001,2024-08-01,Aug-2024,114,52,18,Connectivity,2.1
BNK013,PRD001,2024-09-01,Sep-2024,140,97,36,Connectivity,29.8
BNK013,PRD001,2024-10-01,Oct-2024,120,39,11,System Error,6.2
BNK013,PRD001,2024-11-01,Nov-2024,164,70,15,Format Error,54.6
BNK013,PRD001,2024-12-01,Dec-2024,205,107,27,Connectivity,17.7
BNK013,PRD001,2025-01-01,Jan-2025,170,87,29,Timeout,68.7
BNK013,PRD001,2025-02-01,Feb-2025,118,78,27,Timeout,68.5
BNK013,PRD001,2025-03-01,Mar-2025,177,69,24,Format Error,70.2
BNK013,PRD002,2024-04-01,Apr-2024,167,96,24,Connectivity,47.0
BNK013,PRD002,2024-05-01,May-2024,136,73,25,Auth Failure,37.4
BNK013,PRD002,2024-06-01,Jun-2024,171,95,17,Format Error,45.5
BNK013,PRD002,2024-07-01,Jul-2024,158,108,35,Timeout,50.4
BNK013,PRD002,2024-08-01,Aug-2024,151,66,10,Auth Failure,29.5
BNK013,PRD002,2024-09-01,Sep-2024,146,55,18,System Error,2.9
BNK013,PRD002,2024-10-01,Oct-2024,169,69,23,Auth Failure,5.5
BNK013,PRD002,2024-11-01,Nov-2024,170,117,29,Auth Failure,36.0
BNK013,PRD002,2024-12-01,Dec-2024,161,103,28,Format Error,36.9
BNK013,PRD002,2025-01-01,Jan-2025,180,65,22,Connectivity,37.6
BNK013,PRD002,2025-02-01,Feb-2025,125,87,9,Auth Failure,23.6
BNK013,PRD002,2025-03-01,Mar-2025,160,73,11,System Error,27.2
BNK013,PRD003,2024-04-01,Apr-2024,178,116,34,Connectivity,54.6
BNK013,PRD003,2024-05-01,May-2024,145,85,16,Format Error,41.4
BNK013,PRD003,2024-06-01,Jun-2024,108,37,6,Auth Failure,13.5
BNK013,PRD003,2024-07-01,Jul-2024,183,117,21,System Error,67.3
BNK013,PRD003,2024-08-01,Aug-2024,146,78,12,Connectivity,59.7
BNK013,PRD003,2024-09-01,Sep-2024,169,63,10,System Error,49.5
BNK013,PRD003,2024-10-01,Oct-2024,182,116,39,System Error,62.5
BNK013,PRD003,2024-11-01,Nov-2024,125,85,32,Timeout,25.2
BNK013,PRD003,2024-12-01,Dec-2024,122,40,12,Connectivity,14.2
BNK013,PRD003,2025-01-01,Jan-2025,184,108,41,System Error,65.9
BNK013,PRD003,2025-02-01,Feb-2025,141,51,13,Format Error,68.2
BNK013,PRD003,2025-03-01,Mar-2025,128,73,14,Auth Failure,56.5
BNK013,PRD004,2024-04-01,Apr-2024,143,55,21,Auth Failure,8.5
BNK013,PRD004,2024-05-01,May-2024,179,80,8,Format Error,37.8
BNK013,PRD004,2024-06-01,Jun-2024,205,139,37,Timeout,44.3
BNK013,PRD004,2024-07-01,Jul-2024,184,112,20,Connectivity,16.9
BNK013,PRD004,2024-08-01,Aug-2024,125,68,9,Auth Failure,59.5
BNK013,PRD004,2024-09-01,Sep-2024,112,70,26,Auth Failure,35.4
BNK013,PRD004,2024-10-01,Oct-2024,109,55,17,Auth Failure,17.8
BNK013,PRD004,2024-11-01,Nov-2024,188,62,12,Format Error,22.8
BNK013,PRD004,2024-12-01,Dec-2024,139,66,13,Connectivity,15.4
BNK013,PRD004,2025-01-01,Jan-2025,127,46,13,System Error,59.0
BNK013,PRD004,2025-02-01,Feb-2025,154,98,25,System Error,57.7
BNK013,PRD004,2025-03-01,Mar-2025,151,64,6,Auth Failure,19.9
BNK013,PRD005,2024-04-01,Apr-2024,193,111,32,Timeout,21.1
BNK013,PRD005,2024-05-01,May-2024,185,61,20,System Error,33.4
BNK013,PRD005,2024-06-01,Jun-2024,169,114,15,Auth Failure,38.2
BNK013,PRD005,2024-07-01,Jul-2024,163,88,30,Format Error,1.5
BNK013,PRD005,2024-08-01,Aug-2024,142,55,13,Auth Failure,61.8
BNK013,PRD005,2024-09-01,Sep-2024,141,51,7,Connectivity,40.6
BNK013,PRD005,2024-10-01,Oct-2024,200,122,27,Connectivity,62.3
BNK013,PRD005,2024-11-01,Nov-2024,166,77,25,Auth Failure,32.4
BNK013,PRD005,2024-12-01,Dec-2024,136,49,12,Connectivity,37.2
BNK013,PRD005,2025-01-01,Jan-2025,208,136,25,Connectivity,53.0
BNK013,PRD005,2025-02-01,Feb-2025,149,66,23,Auth Failure,21.5
BNK013,PRD005,2025-03-01,Mar-2025,157,66,18,Timeout,69.7
BNK014,PRD001,2024-04-01,Apr-2024,38,17,3,System Error,67.2
BNK014,PRD001,2024-05-01,May-2024,21,6,0,Connectivity,27.4
BNK014,PRD001,2024-06-01,Jun-2024,25,13,2,System Error,10.3
BNK014,PRD001,2024-07-01,Jul-2024,39,25,8,Connectivity,62.7
BNK014,PRD001,2024-08-01,Aug-2024,22,6,1,Timeout,38.0
BNK014,PRD001,2024-09-01,Sep-2024,34,15,4,Timeout,21.2
BNK014,PRD001,2024-10-01,Oct-2024,26,13,3,Format Error,42.6
BNK014,PRD001,2024-11-01,Nov-2024,41,20,4,System Error,31.0
BNK014,PRD001,2024-12-01,Dec-2024,39,24,7,Connectivity,46.7
BNK014,PRD001,2025-01-01,Jan-2025,24,7,1,Auth Failure,70.9
BNK014,PRD001,2025-02-01,Feb-2025,35,23,4,Timeout,38.3
BNK014,PRD001,2025-03-01,Mar-2025,37,13,3,Timeout,53.3
BNK014,PRD002,2024-04-01,Apr-2024,24,7,1,System Error,63.4
BNK014,PRD002,2024-05-01,May-2024,34,18,5,Timeout,27.8
BNK014,PRD002,2024-06-01,Jun-2024,21,7,1,Connectivity,35.8
BNK014,PRD002,2024-07-01,Jul-2024,25,13,2,Auth Failure,12.7
BNK014,PRD002,2024-08-01,Aug-2024,30,15,1,Format Error,13.6
BNK014,PRD002,2024-09-01,Sep-2024,24,10,2,Connectivity,54.0
BNK014,PRD002,2024-10-01,Oct-2024,28,15,3,Format Error,12.0
BNK014,PRD002,2024-11-01,Nov-2024,32,10,1,Timeout,37.3
BNK014,PRD002,2024-12-01,Dec-2024,37,21,4,Auth Failure,18.1
BNK014,PRD002,2025-01-01,Jan-2025,23,7,2,Format Error,69.2
BNK014,PRD002,2025-02-01,Feb-2025,34,12,2,System Error,15.1
BNK014,PRD002,2025-03-01,Mar-2025,37,21,7,Auth Failure,69.6
BNK014,PRD003,2024-04-01,Apr-2024,41,27,5,System Error,12.0
BNK014,PRD003,2024-05-01,May-2024,41,27,4,Format Error,63.6
BNK014,PRD003,2024-06-01,Jun-2024,41,24,8,Auth Failure,6.4
BNK014,PRD003,2024-07-01,Jul-2024,27,14,2,System Error,24.1
BNK014,PRD003,2024-08-01,Aug-2024,28,19,6,Auth Failure,15.4
BNK014,PRD003,2024-09-01,Sep-2024,32,13,2,Format Error,52.5
BNK014,PRD003,2024-10-01,Oct-2024,30,17,4,System Error,58.4
BNK014,PRD003,2024-11-01,Nov-2024,27,18,4,Connectivity,62.4
BNK014,PRD003,2024-12-01,Dec-2024,33,22,5,Timeout,13.8
BNK014,PRD003,2025-01-01,Jan-2025,30,18,6,Format Error,1.2
BNK014,PRD003,2025-02-01,Feb-2025,32,15,2,Connectivity,18.5
BNK014,PRD003,2025-03-01,Mar-2025,39,19,4,Format Error,52.0
BNK014,PRD004,2024-04-01,Apr-2024,25,14,4,System Error,42.2
BNK014,PRD004,2024-05-01,May-2024,32,21,3,System Error,3.0
BNK014,PRD004,2024-06-01,Jun-2024,35,24,3,Connectivity,29.2
BNK014,PRD004,2024-07-01,Jul-2024,37,23,6,System Error,3.7
BNK014,PRD004,2024-08-01,Aug-2024,21,12,2,Format Error,37.8
BNK014,PRD004,2024-09-01,Sep-2024,31,16,3,System Error,50.2
BNK014,PRD004,2024-10-01,Oct-2024,36,23,6,Connectivity,14.1
BNK014,PRD004,2024-11-01,Nov-2024,34,15,1,Timeout,15.3
BNK014,PRD004,2024-12-01,Dec-2024,26,10,3,Timeout,58.8
BNK014,PRD004,2025-01-01,Jan-2025,38,20,2,Timeout,25.6
BNK014,PRD004,2025-02-01,Feb-2025,39,26,9,Auth Failure,64.8
BNK014,PRD004,2025-03-01,Mar-2025,39,12,1,Auth Failure,12.9
BNK014,PRD005,2024-04-01,Apr-2024,40,27,8,Timeout,7.6
BNK014,PRD005,2024-05-01,May-2024,25,10,3,Auth Failure,14.7
BNK014,PRD005,2024-06-01,Jun-2024,33,12,1,Format Error,71.4
BNK014,PRD005,2024-07-01,Jul-2024,22,12,2,Auth Failure,69.7
BNK014,PRD005,2024-08-01,Aug-2024,24,7,1,System Error,9.2
BNK014,PRD005,2024-09-01,Sep-2024,24,15,5,Format Error,30.1
BNK014,PRD005,2024-10-01,Oct-2024,36,12,1,Timeout,9.2
BNK014,PRD005,2024-11-01,Nov-2024,29,9,3,Timeout,9.6
BNK014,PRD005,2024-12-01,Dec-2024,36,17,5,Auth Failure,55.0
BNK014,PRD005,2025-01-01,Jan-2025,40,15,4,System Error,3.6
BNK014,PRD005,2025-02-01,Feb-2025,33,15,3,Auth Failure,2.0
BNK014,PRD005,2025-03-01,Mar-2025,24,13,3,Connectivity,56.1
BNK015,PRD001,2024-04-01,Apr-2024,115,69,12,Timeout,7.4
BNK015,PRD001,2024-05-01,May-2024,107,55,12,Auth Failure,11.0
BNK015,PRD001,2024-06-01,Jun-2024,140,42,12,System Error,11.7
BNK015,PRD001,2024-07-01,Jul-2024,135,47,16,Auth Failure,14.7
BNK015,PRD001,2024-08-01,Aug-2024,193,134,27,Format Error,60.6
BNK015,PRD001,2024-09-01,Sep-2024,111,66,19,System Error,51.8
BNK015,PRD001,2024-10-01,Oct-2024,164,71,23,Auth Failure,36.3
BNK015,PRD001,2024-11-01,Nov-2024,106,35,13,Timeout,11.1
BNK015,PRD001,2024-12-01,Dec-2024,125,84,22,Auth Failure,27.0
BNK015,PRD001,2025-01-01,Jan-2025,137,91,14,Timeout,19.4
BNK015,PRD001,2025-02-01,Feb-2025,112,66,9,System Error,71.3
BNK015,PRD001,2025-03-01,Mar-2025,202,94,19,System Error,35.0
BNK015,PRD002,2024-04-01,Apr-2024,163,67,10,Auth Failure,5.4
BNK015,PRD002,2024-05-01,May-2024,180,123,28,Auth Failure,2.6
BNK015,PRD002,2024-06-01,Jun-2024,128,44,8,Timeout,25.3
BNK015,PRD002,2024-07-01,Jul-2024,132,85,29,Timeout,16.8
BNK015,PRD002,2024-08-01,Aug-2024,179,74,12,Timeout,2.2
BNK015,PRD002,2024-09-01,Sep-2024,143,94,36,Auth Failure,65.9
BNK015,PRD002,2024-10-01,Oct-2024,172,76,27,Connectivity,45.2
BNK015,PRD002,2024-11-01,Nov-2024,143,76,25,Connectivity,27.4
BNK015,PRD002,2024-12-01,Dec-2024,149,54,9,Format Error,60.8
BNK015,PRD002,2025-01-01,Jan-2025,119,74,17,Timeout,8.8
BNK015,PRD002,2025-02-01,Feb-2025,163,99,33,Auth Failure,9.7
BNK015,PRD002,2025-03-01,Mar-2025,126,78,25,Format Error,40.3
BNK015,PRD003,2024-04-01,Apr-2024,115,52,17,Timeout,35.7
BNK015,PRD003,2024-05-01,May-2024,149,47,4,Timeout,58.7
BNK015,PRD003,2024-06-01,Jun-2024,175,83,11,Timeout,62.7
BNK015,PRD003,2024-07-01,Jul-2024,116,50,5,Timeout,14.9
BNK015,PRD003,2024-08-01,Aug-2024,109,52,9,Format Error,51.6
BNK015,PRD003,2024-09-01,Sep-2024,139,95,32,Connectivity,26.6
BNK015,PRD003,2024-10-01,Oct-2024,160,65,12,Format Error,13.4
BNK015,PRD003,2024-11-01,Nov-2024,178,55,14,System Error,25.8
BNK015,PRD003,2024-12-01,Dec-2024,195,111,25,Format Error,43.3
BNK015,PRD003,2025-01-01,Jan-2025,157,59,15,Connectivity,15.1
BNK015,PRD003,2025-02-01,Feb-2025,175,113,18,Format Error,12.1
BNK015,PRD003,2025-03-01,Mar-2025,190,128,48,Format Error,64.2
BNK015,PRD004,2024-04-01,Apr-2024,150,53,10,Timeout,38.2
BNK015,PRD004,2024-05-01,May-2024,192,111,26,Timeout,5.1
BNK015,PRD004,2024-06-01,Jun-2024,132,61,7,Connectivity,45.5
BNK015,PRD004,2024-07-01,Jul-2024,107,35,4,Format Error,42.8
BNK015,PRD004,2024-08-01,Aug-2024,174,60,10,Timeout,54.2
BNK015,PRD004,2024-09-01,Sep-2024,132,52,17,Auth Failure,5.8
BNK015,PRD004,2024-10-01,Oct-2024,180,108,38,Connectivity,41.8
BNK015,PRD004,2024-11-01,Nov-2024,138,78,24,Connectivity,56.7
BNK015,PRD004,2024-12-01,Dec-2024,109,59,14,Auth Failure,22.1
BNK015,PRD004,2025-01-01,Jan-2025,192,120,45,Format Error,56.6
BNK015,PRD004,2025-02-01,Feb-2025,160,79,13,Timeout,15.1
BNK015,PRD004,2025-03-01,Mar-2025,166,95,32,Format Error,43.8
BNK015,PRD005,2024-04-01,Apr-2024,183,62,23,Timeout,11.5
BNK015,PRD005,2024-05-01,May-2024,155,105,25,Auth Failure,19.9
BNK015,PRD005,2024-06-01,Jun-2024,129,47,9,System Error,16.0
BNK015,PRD005,2024-07-01,Jul-2024,177,89,24,Connectivity,42.4
BNK015,PRD005,2024-08-01,Aug-2024,200,139,32,Timeout,5.8
BNK015,PRD005,2024-09-01,Sep-2024,191,77,28,System Error,2.9
BNK015,PRD005,2024-10-01,Oct-2024,154,77,26,Auth Failure,60.9
BNK015,PRD005,2024-11-01,Nov-2024,116,53,18,Timeout,45.8
BNK015,PRD005,2024-12-01,Dec-2024,174,70,24,Auth Failure,68.0
BNK015,PRD005,2025-01-01,Jan-2025,188,74,22,Auth Failure,41.6
BNK015,PRD005,2025-02-01,Feb-2025,167,109,36,Format Error,65.0
BNK015,PRD005,2025-03-01,Mar-2025,199,66,15,Timeout,52.9
BNK016,PRD001,2024-04-01,Apr-2024,32,17,6,Auth Failure,3.2
BNK016,PRD001,2024-05-01,May-2024,38,12,3,Format Error,64.5
BNK016,PRD001,2024-06-01,Jun-2024,27,9,2,Format Error,68.2
BNK016,PRD001,2024-07-01,Jul-2024,39,19,6,System Error,41.5
BNK016,PRD001,2024-08-01,Aug-2024,30,15,3,Timeout,39.3
BNK016,PRD001,2024-09-01,Sep-2024,22,6,1,Format Error,34.7
BNK016,PRD001,2024-10-01,Oct-2024,30,10,3,System Error,28.0
BNK016,PRD001,2024-11-01,Nov-2024,22,11,1,Timeout,67.3
BNK016,PRD001,2024-12-01,Dec-2024,31,15,5,Connectivity,57.2
BNK016,PRD001,2025-01-01,Jan-2025,33,15,5,System Error,33.9
BNK016,PRD001,2025-02-01,Feb-2025,36,19,7,Format Error,48.2
BNK016,PRD001,2025-03-01,Mar-2025,22,6,1,Timeout,19.4
BNK016,PRD002,2024-04-01,Apr-2024,37,22,4,Connectivity,31.3
BNK016,PRD002,2024-05-01,May-2024,31,16,2,Format Error,21.2
BNK016,PRD002,2024-06-01,Jun-2024,39,22,5,Connectivity,52.3
BNK016,PRD002,2024-07-01,Jul-2024,28,17,4,Format Error,13.9
BNK016,PRD002,2024-08-01,Aug-2024,34,22,8,Connectivity,60.3
BNK016,PRD002,2024-09-01,Sep-2024,28,14,4,Auth Failure,31.5
BNK016,PRD002,2024-10-01,Oct-2024,26,13,1,Format Error,1.8
BNK016,PRD002,2024-11-01,Nov-2024,32,10,1,Connectivity,42.2
BNK016,PRD002,2024-12-01,Dec-2024,26,14,2,Auth Failure,9.9
BNK016,PRD002,2025-01-01,Jan-2025,31,16,5,System Error,19.9
BNK016,PRD002,2025-02-01,Feb-2025,29,16,2,Timeout,63.5
BNK016,PRD002,2025-03-01,Mar-2025,23,9,2,Auth Failure,32.6
BNK016,PRD003,2024-04-01,Apr-2024,33,15,4,Timeout,7.3
BNK016,PRD003,2024-05-01,May-2024,22,15,2,System Error,26.4
BNK016,PRD003,2024-06-01,Jun-2024,36,19,6,System Error,51.7
BNK016,PRD003,2024-07-01,Jul-2024,23,8,2,Timeout,25.3
BNK016,PRD003,2024-08-01,Aug-2024,41,13,2,Auth Failure,37.3
BNK016,PRD003,2024-09-01,Sep-2024,29,17,5,System Error,26.6
BNK016,PRD003,2024-10-01,Oct-2024,41,24,5,Connectivity,9.8
BNK016,PRD003,2024-11-01,Nov-2024,23,9,0,System Error,50.5
BNK016,PRD003,2024-12-01,Dec-2024,26,15,3,Timeout,34.4
BNK016,PRD003,2025-01-01,Jan-2025,36,23,8,Timeout,55.8
BNK016,PRD003,2025-02-01,Feb-2025,23,9,2,Auth Failure,45.8
BNK016,PRD003,2025-03-01,Mar-2025,32,21,6,Format Error,33.8
BNK016,PRD004,2024-04-01,Apr-2024,32,10,1,Connectivity,30.4
BNK016,PRD004,2024-05-01,May-2024,38,12,2,Connectivity,45.2
BNK016,PRD004,2024-06-01,Jun-2024,40,22,8,Auth Failure,31.0
BNK016,PRD004,2024-07-01,Jul-2024,34,18,6,Auth Failure,29.1
BNK016,PRD004,2024-08-01,Aug-2024,33,15,5,Format Error,41.3
BNK016,PRD004,2024-09-01,Sep-2024,35,22,4,Auth Failure,19.5
BNK016,PRD004,2024-10-01,Oct-2024,27,15,1,Auth Failure,10.6
BNK016,PRD004,2024-11-01,Nov-2024,33,12,4,Format Error,71.6
BNK016,PRD004,2024-12-01,Dec-2024,26,17,6,Timeout,25.9
BNK016,PRD004,2025-01-01,Jan-2025,22,7,2,Timeout,17.1
BNK016,PRD004,2025-02-01,Feb-2025,33,19,5,Format Error,15.7
BNK016,PRD004,2025-03-01,Mar-2025,27,12,3,System Error,8.1
BNK016,PRD005,2024-04-01,Apr-2024,33,14,3,Format Error,35.5
BNK016,PRD005,2024-05-01,May-2024,22,11,3,Connectivity,58.3
BNK016,PRD005,2024-06-01,Jun-2024,27,18,3,Timeout,21.8
BNK016,PRD005,2024-07-01,Jul-2024,28,12,4,Auth Failure,44.6
BNK016,PRD005,2024-08-01,Aug-2024,30,13,2,Format Error,19.6
BNK016,PRD005,2024-09-01,Sep-2024,21,12,2,Format Error,62.4
BNK016,PRD005,2024-10-01,Oct-2024,31,14,3,Timeout,41.6
BNK016,PRD005,2024-11-01,Nov-2024,37,15,2,System Error,14.7
BNK016,PRD005,2024-12-01,Dec-2024,31,16,3,System Error,61.8
BNK016,PRD005,2025-01-01,Jan-2025,28,17,6,System Error,61.7
BNK016,PRD005,2025-02-01,Feb-2025,24,11,3,Timeout,8.7
BNK016,PRD005,2025-03-01,Mar-2025,34,18,3,Timeout,1.7
BNK017,PRD001,2024-04-01,Apr-2024,40,18,6,Timeout,13.4
BNK017,PRD001,2024-05-01,May-2024,27,18,6,Format Error,69.5
BNK017,PRD001,2024-06-01,Jun-2024,31,17,3,System Error,55.2
BNK017,PRD001,2024-07-01,Jul-2024,33,15,1,System Error,20.9
BNK017,PRD001,2024-08-01,Aug-2024,41,13,4,Auth Failure,58.9
BNK017,PRD001,2024-09-01,Sep-2024,26,16,4,Timeout,1.4
BNK017,PRD001,2024-10-01,Oct-2024,39,20,2,Auth Failure,37.7
BNK017,PRD001,2024-11-01,Nov-2024,29,16,6,System Error,14.9
BNK017,PRD001,2024-12-01,Dec-2024,22,11,4,Connectivity,32.5
BNK017,PRD001,2025-01-01,Jan-2025,37,11,3,Format Error,10.6
BNK017,PRD001,2025-02-01,Feb-2025,36,22,7,Format Error,6.4
BNK017,PRD001,2025-03-01,Mar-2025,36,24,2,Auth Failure,18.8
BNK017,PRD002,2024-04-01,Apr-2024,36,23,4,Format Error,25.5
BNK017,PRD002,2024-05-01,May-2024,33,14,4,Timeout,33.7
BNK017,PRD002,2024-06-01,Jun-2024,28,17,2,Connectivity,68.3
BNK017,PRD002,2024-07-01,Jul-2024,24,8,2,System Error,36.7
BNK017,PRD002,2024-08-01,Aug-2024,39,17,5,Connectivity,4.3
BNK017,PRD002,2024-09-01,Sep-2024,35,16,3,Connectivity,21.2
BNK017,PRD002,2024-10-01,Oct-2024,30,17,6,Timeout,8.9
BNK017,PRD002,2024-11-01,Nov-2024,40,14,4,Format Error,21.3
BNK017,PRD002,2024-12-01,Dec-2024,32,19,6,Format Error,49.4
BNK017,PRD002,2025-01-01,Jan-2025,34,21,2,Format Error,65.0
BNK017,PRD002,2025-02-01,Feb-2025,29,11,3,System Error,35.7
BNK017,PRD002,2025-03-01,Mar-2025,21,13,3,Format Error,49.6
BNK017,PRD003,2024-04-01,Apr-2024,38,25,5,Timeout,47.5
BNK017,PRD003,2024-05-01,May-2024,22,14,3,Format Error,69.3
BNK017,PRD003,2024-06-01,Jun-2024,38,15,4,System Error,3.4
BNK017,PRD003,2024-07-01,Jul-2024,33,20,3,Auth Failure,36.7
BNK017,PRD003,2024-08-01,Aug-2024,24,13,2,System Error,63.6
BNK017,PRD003,2024-09-01,Sep-2024,21,13,4,Timeout,37.5
BNK017,PRD003,2024-10-01,Oct-2024,36,16,3,Connectivity,37.5
BNK017,PRD003,2024-11-01,Nov-2024,22,10,3,Connectivity,19.0
BNK017,PRD003,2024-12-01,Dec-2024,40,27,4,Format Error,4.8
BNK017,PRD003,2025-01-01,Jan-2025,32,20,7,Timeout,34.7
BNK017,PRD003,2025-02-01,Feb-2025,34,16,5,Timeout,2.1
BNK017,PRD003,2025-03-01,Mar-2025,35,21,7,Connectivity,18.1
BNK017,PRD004,2024-04-01,Apr-2024,33,11,2,Auth Failure,37.4
BNK017,PRD004,2024-05-01,May-2024,26,13,2,Auth Failure,41.3
BNK017,PRD004,2024-06-01,Jun-2024,29,15,3,System Error,63.8
BNK017,PRD004,2024-07-01,Jul-2024,37,19,3,Connectivity,35.2
BNK017,PRD004,2024-08-01,Aug-2024,35,22,2,Format Error,49.4
BNK017,PRD004,2024-09-01,Sep-2024,26,10,3,Auth Failure,39.4
BNK017,PRD004,2024-10-01,Oct-2024,41,23,3,System Error,65.2
BNK017,PRD004,2024-11-01,Nov-2024,38,21,5,System Error,38.0
BNK017,PRD004,2024-12-01,Dec-2024,26,16,2,Timeout,71.0
BNK017,PRD004,2025-01-01,Jan-2025,34,16,3,System Error,68.0
BNK017,PRD004,2025-02-01,Feb-2025,32,22,5,Auth Failure,66.6
BNK017,PRD004,2025-03-01,Mar-2025,35,18,2,System Error,9.6
BNK017,PRD005,2024-04-01,Apr-2024,38,11,1,Timeout,2.2
BNK017,PRD005,2024-05-01,May-2024,35,15,3,Timeout,4.2
BNK017,PRD005,2024-06-01,Jun-2024,21,13,3,Auth Failure,66.3
BNK017,PRD005,2024-07-01,Jul-2024,35,20,2,Auth Failure,6.9
BNK017,PRD005,2024-08-01,Aug-2024,27,12,4,Connectivity,5.4
BNK017,PRD005,2024-09-01,Sep-2024,36,23,4,Connectivity,47.1
BNK017,PRD005,2024-10-01,Oct-2024,34,11,2,Timeout,56.8
BNK017,PRD005,2024-11-01,Nov-2024,26,15,4,Auth Failure,46.5
BNK017,PRD005,2024-12-01,Dec-2024,25,10,3,Auth Failure,23.5
BNK017,PRD005,2025-01-01,Jan-2025,35,11,1,Timeout,33.5
BNK017,PRD005,2025-02-01,Feb-2025,36,23,2,Connectivity,68.0
BNK017,PRD005,2025-03-01,Mar-2025,41,21,4,Timeout,24.5
BNK018,PRD001,2024-04-01,Apr-2024,39,12,2,Format Error,31.0
BNK018,PRD001,2024-05-01,May-2024,22,6,1,Connectivity,22.2
BNK018,PRD001,2024-06-01,Jun-2024,22,7,2,System Error,71.1
BNK018,PRD001,2024-07-01,Jul-2024,21,10,1,Format Error,44.6
BNK018,PRD001,2024-08-01,Aug-2024,40,21,6,Format Error,4.0
BNK018,PRD001,2024-09-01,Sep-2024,33,14,3,System Error,31.5
BNK018,PRD001,2024-10-01,Oct-2024,32,13,1,Auth Failure,52.5
BNK018,PRD001,2024-11-01,Nov-2024,32,14,3,Format Error,56.7
BNK018,PRD001,2024-12-01,Dec-2024,32,16,4,Auth Failure,64.7
BNK018,PRD001,2025-01-01,Jan-2025,32,15,5,Format Error,56.5
BNK018,PRD001,2025-02-01,Feb-2025,22,6,2,Format Error,13.8
BNK018,PRD001,2025-03-01,Mar-2025,30,9,2,Format Error,2.7
BNK018,PRD002,2024-04-01,Apr-2024,33,11,4,System Error,31.6
BNK018,PRD002,2024-05-01,May-2024,35,24,5,Auth Failure,42.0
BNK018,PRD002,2024-06-01,Jun-2024,38,14,1,Timeout,40.3
BNK018,PRD002,2024-07-01,Jul-2024,21,14,5,Connectivity,67.4
BNK018,PRD002,2024-08-01,Aug-2024,40,24,5,Auth Failure,23.3
BNK018,PRD002,2024-09-01,Sep-2024,41,19,4,Timeout,48.6
BNK018,PRD002,2024-10-01,Oct-2024,23,9,2,Timeout,7.9
BNK018,PRD002,2024-11-01,Nov-2024,35,22,5,Connectivity,7.5
BNK018,PRD002,2024-12-01,Dec-2024,35,16,2,Connectivity,13.6
BNK018,PRD002,2025-01-01,Jan-2025,23,15,3,Auth Failure,6.3
BNK018,PRD002,2025-02-01,Feb-2025,22,12,4,Connectivity,52.2
BNK018,PRD002,2025-03-01,Mar-2025,28,18,2,Auth Failure,25.6
BNK018,PRD003,2024-04-01,Apr-2024,27,13,4,Connectivity,31.9
BNK018,PRD003,2024-05-01,May-2024,31,9,2,System Error,61.0
BNK018,PRD003,2024-06-01,Jun-2024,28,17,5,Timeout,67.6
BNK018,PRD003,2024-07-01,Jul-2024,22,12,1,Connectivity,30.1
BNK018,PRD003,2024-08-01,Aug-2024,40,19,3,System Error,20.8
BNK018,PRD003,2024-09-01,Sep-2024,39,27,6,Auth Failure,44.4
BNK018,PRD003,2024-10-01,Oct-2024,39,25,4,Timeout,7.3
BNK018,PRD003,2024-11-01,Nov-2024,31,21,7,System Error,12.4
BNK018,PRD003,2024-12-01,Dec-2024,26,12,1,Format Error,6.1
BNK018,PRD003,2025-01-01,Jan-2025,40,20,7,Connectivity,1.4
BNK018,PRD003,2025-02-01,Feb-2025,22,13,4,Timeout,7.5
BNK018,PRD003,2025-03-01,Mar-2025,33,22,6,Format Error,63.9
BNK018,PRD004,2024-04-01,Apr-2024,23,14,1,System Error,31.3
BNK018,PRD004,2024-05-01,May-2024,36,11,2,Format Error,4.8
BNK018,PRD004,2024-06-01,Jun-2024,32,12,1,Timeout,58.5
BNK018,PRD004,2024-07-01,Jul-2024,33,18,1,Format Error,19.2
BNK018,PRD004,2024-08-01,Aug-2024,35,24,3,Auth Failure,41.8
BNK018,PRD004,2024-09-01,Sep-2024,27,15,4,System Error,58.6
BNK018,PRD004,2024-10-01,Oct-2024,23,12,2,Auth Failure,40.4
BNK018,PRD004,2024-11-01,Nov-2024,25,16,3,Auth Failure,19.3
BNK018,PRD004,2024-12-01,Dec-2024,41,24,5,Timeout,69.1
BNK018,PRD004,2025-01-01,Jan-2025,37,18,2,Format Error,15.4
BNK018,PRD004,2025-02-01,Feb-2025,27,13,2,Timeout,3.5
BNK018,PRD004,2025-03-01,Mar-2025,27,9,2,Auth Failure,29.6
BNK018,PRD005,2024-04-01,Apr-2024,35,11,4,System Error,69.9
BNK018,PRD005,2024-05-01,May-2024,37,21,4,Auth Failure,55.2
BNK018,PRD005,2024-06-01,Jun-2024,38,16,6,Format Error,38.6
BNK018,PRD005,2024-07-01,Jul-2024,29,11,2,Timeout,53.9
BNK018,PRD005,2024-08-01,Aug-2024,30,16,2,Connectivity,64.3
BNK018,PRD005,2024-09-01,Sep-2024,40,20,5,System Error,23.6
BNK018,PRD005,2024-10-01,Oct-2024,25,16,5,Connectivity,29.8
BNK018,PRD005,2024-11-01,Nov-2024,23,7,1,Format Error,59.0
BNK018,PRD005,2024-12-01,Dec-2024,40,23,5,Format Error,45.0
BNK018,PRD005,2025-01-01,Jan-2025,28,12,2,System Error,41.1
BNK018,PRD005,2025-02-01,Feb-2025,36,10,1,Connectivity,65.1
BNK018,PRD005,2025-03-01,Mar-2025,27,8,2,Connectivity,52.9
BNK019,PRD001,2024-04-01,Apr-2024,34,18,6,Timeout,68.5
BNK019,PRD001,2024-05-01,May-2024,41,19,4,Format Error,7.7
BNK019,PRD001,2024-06-01,Jun-2024,41,12,2,Connectivity,51.0
BNK019,PRD001,2024-07-01,Jul-2024,30,13,3,System Error,12.9
BNK019,PRD001,2024-08-01,Aug-2024,21,12,2,System Error,23.4
BNK019,PRD001,2024-09-01,Sep-2024,40,16,6,System Error,71.9
BNK019,PRD001,2024-10-01,Oct-2024,39,22,3,Connectivity,56.7
BNK019,PRD001,2024-11-01,Nov-2024,39,17,6,Timeout,12.2
BNK019,PRD001,2024-12-01,Dec-2024,29,18,6,Timeout,23.7
BNK019,PRD001,2025-01-01,Jan-2025,28,18,6,Connectivity,69.6
BNK019,PRD001,2025-02-01,Feb-2025,34,19,3,Auth Failure,25.1
BNK019,PRD001,2025-03-01,Mar-2025,30,9,3,Timeout,55.3
BNK019,PRD002,2024-04-01,Apr-2024,35,22,5,Auth Failure,4.5
BNK019,PRD002,2024-05-01,May-2024,28,16,4,Timeout,65.9
BNK019,PRD002,2024-06-01,Jun-2024,34,21,2,Format Error,21.4
BNK019,PRD002,2024-07-01,Jul-2024,35,13,2,Timeout,15.4
BNK019,PRD002,2024-08-01,Aug-2024,39,13,2,System Error,67.6
BNK019,PRD002,2024-09-01,Sep-2024,39,18,4,Connectivity,5.6
BNK019,PRD002,2024-10-01,Oct-2024,32,17,6,System Error,71.3
BNK019,PRD002,2024-11-01,Nov-2024,28,15,5,Auth Failure,26.5
BNK019,PRD002,2024-12-01,Dec-2024,36,14,2,Auth Failure,25.2
BNK019,PRD002,2025-01-01,Jan-2025,21,9,0,Format Error,69.4
BNK019,PRD002,2025-02-01,Feb-2025,32,16,4,Format Error,41.6
BNK019,PRD002,2025-03-01,Mar-2025,40,26,6,Timeout,39.8
BNK019,PRD003,2024-04-01,Apr-2024,36,17,1,System Error,71.7
BNK019,PRD003,2024-05-01,May-2024,31,17,2,System Error,48.0
BNK019,PRD003,2024-06-01,Jun-2024,32,13,3,Connectivity,62.2
BNK019,PRD003,2024-07-01,Jul-2024,21,9,2,System Error,24.7
BNK019,PRD003,2024-08-01,Aug-2024,21,7,1,Timeout,6.2
BNK019,PRD003,2024-09-01,Sep-2024,25,11,1,Format Error,14.0
BNK019,PRD003,2024-10-01,Oct-2024,23,11,1,Timeout,45.6
BNK019,PRD003,2024-11-01,Nov-2024,34,17,5,System Error,57.0
BNK019,PRD003,2024-12-01,Dec-2024,27,17,2,Timeout,41.6
BNK019,PRD003,2025-01-01,Jan-2025,34,22,7,Timeout,26.3
BNK019,PRD003,2025-02-01,Feb-2025,21,12,3,Format Error,37.2
BNK019,PRD003,2025-03-01,Mar-2025,26,9,3,Timeout,28.3
BNK019,PRD004,2024-04-01,Apr-2024,30,18,5,Timeout,21.0
BNK019,PRD004,2024-05-01,May-2024,35,23,8,Format Error,24.7
BNK019,PRD004,2024-06-01,Jun-2024,39,20,6,Auth Failure,33.0
BNK019,PRD004,2024-07-01,Jul-2024,39,25,3,Auth Failure,53.3
BNK019,PRD004,2024-08-01,Aug-2024,37,15,3,System Error,68.7
BNK019,PRD004,2024-09-01,Sep-2024,26,14,5,Timeout,63.8
BNK019,PRD004,2024-10-01,Oct-2024,23,10,2,Timeout,19.2
BNK019,PRD004,2024-11-01,Nov-2024,41,26,8,System Error,1.1
BNK019,PRD004,2024-12-01,Dec-2024,30,10,2,System Error,17.0
BNK019,PRD004,2025-01-01,Jan-2025,36,10,1,System Error,8.0
BNK019,PRD004,2025-02-01,Feb-2025,37,21,3,Connectivity,65.4
BNK019,PRD004,2025-03-01,Mar-2025,32,11,2,Format Error,52.3
BNK019,PRD005,2024-04-01,Apr-2024,35,18,4,Timeout,36.7
BNK019,PRD005,2024-05-01,May-2024,25,11,2,Timeout,52.9
BNK019,PRD005,2024-06-01,Jun-2024,39,20,4,Format Error,12.9
BNK019,PRD005,2024-07-01,Jul-2024,35,15,3,Timeout,54.3
BNK019,PRD005,2024-08-01,Aug-2024,37,24,5,Auth Failure,61.9
BNK019,PRD005,2024-09-01,Sep-2024,22,15,4,System Error,37.1
BNK019,PRD005,2024-10-01,Oct-2024,33,21,7,Connectivity,24.6
BNK019,PRD005,2024-11-01,Nov-2024,39,25,7,Auth Failure,10.8
BNK019,PRD005,2024-12-01,Dec-2024,36,17,1,System Error,40.1
BNK019,PRD005,2025-01-01,Jan-2025,33,16,4,System Error,10.6
BNK019,PRD005,2025-02-01,Feb-2025,40,12,1,Connectivity,35.6
BNK019,PRD005,2025-03-01,Mar-2025,26,9,1,Auth Failure,54.1
BNK020,PRD001,2024-04-01,Apr-2024,22,15,5,Auth Failure,43.8
BNK020,PRD001,2024-05-01,May-2024,25,7,0,Timeout,10.1
BNK020,PRD001,2024-06-01,Jun-2024,34,23,4,System Error,16.6
BNK020,PRD001,2024-07-01,Jul-2024,23,13,3,System Error,50.4
BNK020,PRD001,2024-08-01,Aug-2024,23,10,1,System Error,36.7
BNK020,PRD001,2024-09-01,Sep-2024,29,18,3,Format Error,15.0
BNK020,PRD001,2024-10-01,Oct-2024,35,22,4,Auth Failure,17.4
BNK020,PRD001,2024-11-01,Nov-2024,38,18,3,Auth Failure,7.8
BNK020,PRD001,2024-12-01,Dec-2024,32,11,1,Timeout,47.3
BNK020,PRD001,2025-01-01,Jan-2025,41,13,3,Timeout,34.3
BNK020,PRD001,2025-02-01,Feb-2025,28,15,5,System Error,42.3
BNK020,PRD001,2025-03-01,Mar-2025,41,15,5,Timeout,19.7
BNK020,PRD002,2024-04-01,Apr-2024,38,22,7,Timeout,45.0
BNK020,PRD002,2024-05-01,May-2024,29,10,1,System Error,67.7
BNK020,PRD002,2024-06-01,Jun-2024,29,8,0,Format Error,40.6
BNK020,PRD002,2024-07-01,Jul-2024,28,17,5,Format Error,33.7
BNK020,PRD002,2024-08-01,Aug-2024,36,23,4,Format Error,67.0
BNK020,PRD002,2024-09-01,Sep-2024,22,11,2,Connectivity,5.3
BNK020,PRD002,2024-10-01,Oct-2024,33,20,6,Connectivity,47.6
BNK020,PRD002,2024-11-01,Nov-2024,30,14,5,Connectivity,43.9
BNK020,PRD002,2024-12-01,Dec-2024,24,9,2,Timeout,22.5
BNK020,PRD002,2025-01-01,Jan-2025,33,12,1,System Error,28.4
BNK020,PRD002,2025-02-01,Feb-2025,30,19,2,System Error,19.2
BNK020,PRD002,2025-03-01,Mar-2025,37,20,7,Connectivity,67.8
BNK020,PRD003,2024-04-01,Apr-2024,32,13,3,Timeout,49.2
BNK020,PRD003,2024-05-01,May-2024,38,21,8,Auth Failure,53.2
BNK020,PRD003,2024-06-01,Jun-2024,40,21,6,Timeout,53.5
BNK020,PRD003,2024-07-01,Jul-2024,40,14,2,Connectivity,65.4
BNK020,PRD003,2024-08-01,Aug-2024,35,19,5,Format Error,19.7
BNK020,PRD003,2024-09-01,Sep-2024,25,10,1,System Error,52.1
BNK020,PRD003,2024-10-01,Oct-2024,41,16,3,System Error,64.1
BNK020,PRD003,2024-11-01,Nov-2024,35,15,2,System Error,19.5
BNK020,PRD003,2024-12-01,Dec-2024,25,15,5,System Error,6.5
BNK020,PRD003,2025-01-01,Jan-2025,35,15,4,Format Error,29.8
BNK020,PRD003,2025-02-01,Feb-2025,28,16,3,Format Error,56.3
BNK020,PRD003,2025-03-01,Mar-2025,29,16,4,Format Error,24.5
BNK020,PRD004,2024-04-01,Apr-2024,30,16,5,Connectivity,52.2
BNK020,PRD004,2024-05-01,May-2024,40,26,5,System Error,26.6
BNK020,PRD004,2024-06-01,Jun-2024,26,11,2,Connectivity,28.9
BNK020,PRD004,2024-07-01,Jul-2024,40,21,5,Timeout,31.6
BNK020,PRD004,2024-08-01,Aug-2024,40,14,2,Connectivity,27.3
BNK020,PRD004,2024-09-01,Sep-2024,32,21,5,Auth Failure,66.1
BNK020,PRD004,2024-10-01,Oct-2024,27,9,1,Format Error,43.3
BNK020,PRD004,2024-11-01,Nov-2024,27,18,4,Format Error,22.4
BNK020,PRD004,2024-12-01,Dec-2024,30,10,3,Timeout,33.2
BNK020,PRD004,2025-01-01,Jan-2025,41,14,2,Auth Failure,71.1
BNK020,PRD004,2025-02-01,Feb-2025,26,11,4,Connectivity,4.7
BNK020,PRD004,2025-03-01,Mar-2025,35,14,3,System Error,18.6
BNK020,PRD005,2024-04-01,Apr-2024,39,26,8,Connectivity,56.1
BNK020,PRD005,2024-05-01,May-2024,39,15,5,Format Error,41.2
BNK020,PRD005,2024-06-01,Jun-2024,25,15,2,Timeout,3.1
BNK020,PRD005,2024-07-01,Jul-2024,34,20,4,Auth Failure,59.4
BNK020,PRD005,2024-08-01,Aug-2024,40,14,1,Connectivity,52.8
BNK020,PRD005,2024-09-01,Sep-2024,30,19,5,Connectivity,12.1
BNK020,PRD005,2024-10-01,Oct-2024,28,19,3,System Error,31.7
BNK020,PRD005,2024-11-01,Nov-2024,40,24,4,Format Error,4.5
BNK020,PRD005,2024-12-01,Dec-2024,31,17,2,Timeout,50.1
BNK020,PRD005,2025-01-01,Jan-2025,29,12,3,System Error,16.8
BNK020,PRD005,2025-02-01,Feb-2025,30,14,3,Format Error,49.4
BNK020,PRD005,2025-03-01,Mar-2025,29,10,1,Connectivity,65.7
