bank_id,product_id,month,month_label,total_debit_td,total_credit_td,bounce_debit_bd,approved_txn,approval_pct,txn_amount_cr
BNK001,PRD001,2024-04-01,Apr-2024,11177409,10950181,18098,11159311,99.84,69858.81
BNK001,PRD001,2024-05-01,May-2024,11150426,11426929,35333,11115093,99.68,69690.17
BNK001,PRD001,2024-06-01,Jun-2024,11073684,11464274,33347,11040337,99.7,69210.53
BNK001,PRD001,2024-07-01,Jul-2024,11852322,11479951,15650,11836672,99.87,74077.02
BNK001,PRD001,2024-08-01,Aug-2024,11721214,11275674,22748,11698466,99.81,73257.59
BNK001,PRD001,2024-09-01,Sep-2024,11312347,11447395,38213,11274134,99.66,70702.17
BNK001,PRD001,2024-10-01,Oct-2024,11685865,12193856,36122,11649743,99.69,73036.66
BNK001,PRD001,2024-11-01,Nov-2024,11804296,11681278,23074,11781222,99.8,73776.86
BNK001,PRD001,2024-12-01,Dec-2024,11715224,12010288,26531,11688693,99.77,73220.15
BNK001,PRD001,2025-01-01,Jan-2025,11315735,11877104,56508,11259227,99.5,70723.35
BNK001,PRD001,2025-02-01,Feb-2025,10932782,11406455,22530,10910252,99.79,68329.89
BNK001,PRD001,2025-03-01,Mar-2025,13750379,13279767,34074,13716305,99.75,85939.87
BNK001,PRD002,2024-04-01,Apr-2024,10458749,10779937,51618,10407131,99.51,65367.19
BNK001,PRD002,2024-05-01,May-2024,11233507,11718520,36154,11197353,99.68,70209.42
BNK001,PRD002,2024-06-01,Jun-2024,11603529,12055733,23878,11579651,99.79,72522.06
BNK001,PRD002,2024-07-01,Jul-2024,10698606,10389020,22756,10675850,99.79,66866.29
BNK001,PRD002,2024-08-01,Aug-2024,11575326,11581587,51066,11524260,99.56,72345.79
BNK001,PRD002,2024-09-01,Sep-2024,12009623,12170893,14449,11995174,99.88,75060.14
BNK001,PRD002,2024-10-01,Oct-2024,11059869,10651560,25816,11034053,99.77,69124.19
BNK001,PRD002,2024-11-01,Nov-2024,11623674,11862735,32166,11591508,99.72,72647.97
BNK001,PRD002,2024-12-01,Dec-2024,11216283,11430536,53616,11162667,99.52,70101.77
BNK001,PRD002,2025-01-01,Jan-2025,10649366,10705301,26377,10622989,99.75,66558.54
BNK001,PRD002,2025-02-01,Feb-2025,11153908,11636970,27423,11126485,99.75,69711.93
BNK001,PRD002,2025-03-01,Mar-2025,12160125,12381520,29564,12130561,99.76,76000.79
BNK001,PRD003,2024-04-01,Apr-2024,10030258,9936352,45502,9984756,99.55,62689.12
BNK001,PRD003,2024-05-01,May-2024,9199176,9534583,43415,9155761,99.53,57494.85
BNK001,PRD003,2024-06-01,Jun-2024,10473245,9975542,47398,10425847,99.55,65457.79
BNK001,PRD003,2024-07-01,Jul-2024,9792022,10087971,46250,9745772,99.53,61200.14
BNK001,PRD003,2024-08-01,Aug-2024,10801303,11111704,22328,10778975,99.79,67508.15
BNK001,PRD003,2024-09-01,Sep-2024,10508402,10216724,46598,10461804,99.56,65677.52
BNK001,PRD003,2024-10-01,Oct-2024,10526246,10837133,23376,10502870,99.78,65789.04
BNK001,PRD003,2024-11-01,Nov-2024,9390672,9229398,16645,9374027,99.82,58691.7
BNK001,PRD003,2024-12-01,Dec-2024,11799945,11966892,24974,11774971,99.79,73749.66
BNK001,PRD003,2025-01-01,Jan-2025,11362162,11861230,35732,11326430,99.69,71013.52
BNK001,PRD003,2025-02-01,Feb-2025,11017255,11526840,18886,10998369,99.83,68857.84
BNK001,PRD003,2025-03-01,Mar-2025,9887576,10113551,27074,9860502,99.73,61797.35
BNK001,PRD004,2024-04-01,Apr-2024,7757839,8067768,11346,7746493,99.85,48486.5
BNK001,PRD004,2024-05-01,May-2024,6727540,6740941,18461,6709079,99.73,42047.13
BNK001,PRD004,2024-06-01,Jun-2024,7668826,7850606,36511,7632315,99.52,47930.17
BNK001,PRD004,2024-07-01,Jul-2024,7290805,7597580,34963,7255842,99.52,45567.53
BNK001,PRD004,2024-08-01,Aug-2024,7812227,8124752,11706,7800521,99.85,48826.42
BNK001,PRD004,2024-09-01,Sep-2024,7858225,8013195,18111,7840114,99.77,49113.91
BNK001,PRD004,2024-10-01,Oct-2024,7391895,7302560,27052,7364843,99.63,46199.35
BNK001,PRD004,2024-11-01,Nov-2024,7599427,7528049,24898,7574529,99.67,47496.42
BNK001,PRD004,2024-12-01,Dec-2024,7950760,8177959,14635,7936125,99.82,49692.26
BNK001,PRD004,2025-01-01,Jan-2025,7882921,8021366,21813,7861108,99.72,49268.26
BNK001,PRD004,2025-02-01,Feb-2025,8493316,8693725,41101,8452215,99.52,53083.23
BNK001,PRD004,2025-03-01,Mar-2025,8088859,8185327,29568,8059291,99.63,50555.37
BNK001,PRD005,2024-04-01,Apr-2024,4992874,4855390,18429,4974445,99.63,31205.46
BNK001,PRD005,2024-05-01,May-2024,4470178,4459063,8848,4461330,99.8,27938.62
BNK001,PRD005,2024-06-01,Jun-2024,4630650,4690739,12307,4618343,99.73,28941.57
BNK001,PRD005,2024-07-01,Jul-2024,5068379,4938620,15091,5053288,99.7,31677.37
BNK001,PRD005,2024-08-01,Aug-2024,4682660,4809113,18748,4663912,99.6,29266.63
BNK001,PRD005,2024-09-01,Sep-2024,4898986,5123342,8345,4890641,99.83,30618.67
BNK001,PRD005,2024-10-01,Oct-2024,4795859,4962916,9576,4786283,99.8,29974.12
BNK001,PRD005,2024-11-01,Nov-2024,5448741,5714580,19998,5428743,99.63,34054.64
BNK001,PRD005,2024-12-01,Dec-2024,5719132,5783559,26111,5693021,99.54,35744.58
BNK001,PRD005,2025-01-01,Jan-2025,5486280,5512543,23713,5462567,99.57,34289.25
BNK001,PRD005,2025-02-01,Feb-2025,5907657,5765395,17124,5890533,99.71,36922.86
BNK001,PRD005,2025-03-01,Mar-2025,5375665,5387115,21842,5353823,99.59,33597.91
BNK002,PRD001,2024-04-01,Apr-2024,9507644,9255209,36644,9471000,99.61,59422.78
BNK002,PRD001,2024-05-01,May-2024,10306110,9946252,13627,10292483,99.87,64413.19
BNK002,PRD001,2024-06-01,Jun-2024,9261562,9182716,17187,9244375,99.81,57884.76
BNK002,PRD001,2024-07-01,Jul-2024,9833036,10160369,12282,9820754,99.88,61456.48
BNK002,PRD001,2024-08-01,Aug-2024,10448717,9946689,49989,10398728,99.52,65304.48
BNK002,PRD001,2024-09-01,Sep-2024,10600918,11070264,30826,10570092,99.71,66255.74
BNK002,PRD001,2024-10-01,Oct-2024,9967410,10302044,45516,9921894,99.54,62296.31
BNK002,PRD001,2024-11-01,Nov-2024,10871905,11304401,45656,10826249,99.58,67949.41
BNK002,PRD001,2024-12-01,Dec-2024,10163284,10050326,29906,10133378,99.71,63520.53
BNK002,PRD001,2025-01-01,Jan-2025,11418766,11807581,44495,11374271,99.61,71367.29
BNK002,PRD001,2025-02-01,Feb-2025,12281295,12781056,38520,12242775,99.69,76758.1
BNK002,PRD001,2025-03-01,Mar-2025,11354147,11273092,15166,11338981,99.87,70963.42
BNK002,PRD002,2024-04-01,Apr-2024,10022891,9733891,25221,9997670,99.75,62643.07
BNK002,PRD002,2024-05-01,May-2024,11362824,11649178,28594,11334230,99.75,71017.65
BNK002,PRD002,2024-06-01,Jun-2024,10734504,10218585,14251,10720253,99.87,67090.65
BNK002,PRD002,2024-07-01,Jul-2024,12121924,12303927,29090,12092834,99.76,75762.03
BNK002,PRD002,2024-08-01,Aug-2024,11802007,12332639,47407,11754600,99.6,73762.55
BNK002,PRD002,2024-09-01,Sep-2024,10369587,9981993,16690,10352897,99.84,64809.92
BNK002,PRD002,2024-10-01,Oct-2024,11895229,12132497,22266,11872963,99.81,74345.19
BNK002,PRD002,2024-11-01,Nov-2024,11407284,11690099,39115,11368169,99.66,71295.53
BNK002,PRD002,2024-12-01,Dec-2024,11961840,11493053,58121,11903719,99.51,74761.5
BNK002,PRD002,2025-01-01,Jan-2025,10982752,11485951,40739,10942013,99.63,68642.2
BNK002,PRD002,2025-02-01,Feb-2025,12394809,12631071,16162,12378647,99.87,77467.56
BNK002,PRD002,2025-03-01,Mar-2025,11714800,12125161,47912,11666888,99.59,73217.5
BNK002,PRD003,2024-04-01,Apr-2024,9217087,8794086,30082,9187005,99.67,57606.8
BNK002,PRD003,2024-05-01,May-2024,9144698,9279621,11667,9133031,99.87,57154.37
BNK002,PRD003,2024-06-01,Jun-2024,8777614,8719263,25988,8751626,99.7,54860.09
BNK002,PRD003,2024-07-01,Jul-2024,9644020,9309363,27378,9616642,99.72,60275.13
BNK002,PRD003,2024-08-01,Aug-2024,9100555,9206041,32778,9067777,99.64,56878.47
BNK002,PRD003,2024-09-01,Sep-2024,10049981,10377343,28737,10021244,99.71,62812.38
BNK002,PRD003,2024-10-01,Oct-2024,9262197,9664752,18357,9243840,99.8,57888.74
BNK002,PRD003,2024-11-01,Nov-2024,9292005,9356909,37185,9254820,99.6,58075.04
BNK002,PRD003,2024-12-01,Dec-2024,9599568,9431589,28580,9570988,99.7,59997.31
BNK002,PRD003,2025-01-01,Jan-2025,9548150,9337764,19415,9528735,99.8,59675.94
BNK002,PRD003,2025-02-01,Feb-2025,10636733,10654418,34283,10602450,99.68,66479.59
BNK002,PRD003,2025-03-01,Mar-2025,9165733,9216306,24066,9141667,99.74,57285.84
BNK002,PRD004,2024-04-01,Apr-2024,6140066,6319928,18194,6121872,99.7,38375.42
BNK002,PRD004,2024-05-01,May-2024,5769397,5657589,21734,5747663,99.62,36058.74
BNK002,PRD004,2024-06-01,Jun-2024,6138305,6092576,19174,6119131,99.69,38364.41
BNK002,PRD004,2024-07-01,Jul-2024,6121072,5980848,23329,6097743,99.62,38256.71
BNK002,PRD004,2024-08-01,Aug-2024,5833558,5611623,10327,5823231,99.82,36459.74
BNK002,PRD004,2024-09-01,Sep-2024,6659249,6470382,11591,6647658,99.83,41620.31
BNK002,PRD004,2024-10-01,Oct-2024,6672932,6689372,32740,6640192,99.51,41705.83
BNK002,PRD004,2024-11-01,Nov-2024,5979976,5817011,10623,5969353,99.82,37374.85
BNK002,PRD004,2024-12-01,Dec-2024,5874080,5741508,18424,5855656,99.69,36713.0
BNK002,PRD004,2025-01-01,Jan-2025,7119446,6853377,26980,7092466,99.62,44496.54
BNK002,PRD004,2025-02-01,Feb-2025,7071280,7123652,31756,7039524,99.55,44195.5
BNK002,PRD004,2025-03-01,Mar-2025,6729983,6428060,11693,6718290,99.83,42062.4
BNK002,PRD005,2024-04-01,Apr-2024,11356615,10872916,29559,11327056,99.74,70978.85
BNK002,PRD005,2024-05-01,May-2024,10173466,10237395,16244,10157222,99.84,63584.17
BNK002,PRD005,2024-06-01,Jun-2024,11876247,12190306,17503,11858744,99.85,74226.55
BNK002,PRD005,2024-07-01,Jul-2024,11780314,11806905,22414,11757900,99.81,73626.96
BNK002,PRD005,2024-08-01,Aug-2024,11204300,11753345,49754,11154546,99.56,70026.88
BNK002,PRD005,2024-09-01,Sep-2024,11536511,11813490,39668,11496843,99.66,72103.2
BNK002,PRD005,2024-10-01,Oct-2024,11481903,11666105,21173,11460730,99.82,71761.9
BNK002,PRD005,2024-11-01,Nov-2024,10763429,10228137,13995,10749434,99.87,67271.44
BNK002,PRD005,2024-12-01,Dec-2024,11993206,11671159,25965,11967241,99.78,74957.54
BNK002,PRD005,2025-01-01,Jan-2025,12716764,12955056,35812,12680952,99.72,79479.78
BNK002,PRD005,2025-02-01,Feb-2025,13427899,13644333,47000,13380899,99.65,83924.37
BNK002,PRD005,2025-03-01,Mar-2025,12901393,13091862,41003,12860390,99.68,80633.71
BNK003,PRD001,2024-04-01,Apr-2024,6706264,6577243,11157,6695107,99.83,41914.15
BNK003,PRD001,2024-05-01,May-2024,7397908,7120008,15938,7381970,99.78,46236.93
BNK003,PRD001,2024-06-01,Jun-2024,7657902,7658263,36533,7621369,99.52,47861.89
BNK003,PRD001,2024-07-01,Jul-2024,6966668,6919314,8077,6958591,99.88,43541.68
BNK003,PRD001,2024-08-01,Aug-2024,7184353,7516206,9808,7174545,99.86,44902.21
BNK003,PRD001,2024-09-01,Sep-2024,7925644,8321587,38068,7887576,99.52,49535.28
BNK003,PRD001,2024-10-01,Oct-2024,7562083,7755875,8779,7553304,99.88,47263.02
BNK003,PRD001,2024-11-01,Nov-2024,7996969,7742256,37300,7959669,99.53,49981.06
BNK003,PRD001,2024-12-01,Dec-2024,8166113,7832316,24228,8141885,99.7,51038.21
BNK003,PRD001,2025-01-01,Jan-2025,7652527,7926283,28165,7624362,99.63,47828.3
BNK003,PRD001,2025-02-01,Feb-2025,8161493,8524837,17570,8143923,99.78,51009.33
BNK003,PRD001,2025-03-01,Mar-2025,8631148,8471055,24333,8606815,99.72,53944.68
BNK003,PRD002,2024-04-01,Apr-2024,7513975,7758124,33509,7480466,99.55,46962.35
BNK003,PRD002,2024-05-01,May-2024,7663770,7322122,21825,7641945,99.72,47898.57
BNK003,PRD002,2024-06-01,Jun-2024,7528867,7485230,22541,7506326,99.7,47055.42
BNK003,PRD002,2024-07-01,Jul-2024,7051722,6902246,10747,7040975,99.85,44073.27
BNK003,PRD002,2024-08-01,Aug-2024,7705630,7805820,8595,7697035,99.89,48160.19
BNK003,PRD002,2024-09-01,Sep-2024,8073828,7681177,18109,8055719,99.78,50461.43
BNK003,PRD002,2024-10-01,Oct-2024,7342073,7058273,32052,7310021,99.56,45887.96
BNK003,PRD002,2024-11-01,Nov-2024,8361016,8722757,13510,8347506,99.84,52256.35
BNK003,PRD002,2024-12-01,Dec-2024,7994555,7980564,21281,7973274,99.73,49965.97
BNK003,PRD002,2025-01-01,Jan-2025,7927801,7682523,12514,7915287,99.84,49548.76
BNK003,PRD002,2025-02-01,Feb-2025,8530752,8163767,13188,8517564,99.85,53317.2
BNK003,PRD002,2025-03-01,Mar-2025,8996729,9255580,21227,8975502,99.76,56229.56
BNK003,PRD003,2024-04-01,Apr-2024,6949830,7010250,15249,6934581,99.78,43436.44
BNK003,PRD003,2024-05-01,May-2024,7331708,7359994,11689,7320019,99.84,45823.18
BNK003,PRD003,2024-06-01,Jun-2024,7407572,7374493,23509,7384063,99.68,46297.33
BNK003,PRD003,2024-07-01,Jul-2024,7043009,7093576,26692,7016317,99.62,44018.81
BNK003,PRD003,2024-08-01,Aug-2024,7773123,7963335,9130,7763993,99.88,48582.02
BNK003,PRD003,2024-09-01,Sep-2024,8147509,8280874,20729,8126780,99.75,50921.93
BNK003,PRD003,2024-10-01,Oct-2024,8559279,8163001,25517,8533762,99.7,53495.5
BNK003,PRD003,2024-11-01,Nov-2024,7944735,8242019,35582,7909153,99.55,49654.59
BNK003,PRD003,2024-12-01,Dec-2024,7901095,8076849,22342,7878753,99.72,49381.85
BNK003,PRD003,2025-01-01,Jan-2025,8118700,8093930,13131,8105569,99.84,50741.88
BNK003,PRD003,2025-02-01,Feb-2025,8384426,8510055,31616,8352810,99.62,52402.66
BNK003,PRD003,2025-03-01,Mar-2025,9093164,8984054,40349,9052815,99.56,56832.28
BNK003,PRD004,2024-04-01,Apr-2024,7646329,7677691,22570,7623759,99.7,47789.56
BNK003,PRD004,2024-05-01,May-2024,6992783,6844101,26136,6966647,99.63,43704.9
BNK003,PRD004,2024-06-01,Jun-2024,6841314,7019441,33613,6807701,99.51,42758.22
BNK003,PRD004,2024-07-01,Jul-2024,7054364,6912900,11748,7042616,99.83,44089.78
BNK003,PRD004,2024-08-01,Aug-2024,7149787,7048591,8754,7141033,99.88,44686.17
BNK003,PRD004,2024-09-01,Sep-2024,7301000,7433732,19334,7281666,99.74,45631.25
BNK003,PRD004,2024-10-01,Oct-2024,7141061,7057185,24550,7116511,99.66,44631.63
BNK003,PRD004,2024-11-01,Nov-2024,7965475,7752150,26545,7938930,99.67,49784.22
BNK003,PRD004,2024-12-01,Dec-2024,7987146,8305760,29291,7957855,99.63,49919.67
BNK003,PRD004,2025-01-01,Jan-2025,7705202,7376853,24551,7680651,99.68,48157.52
BNK003,PRD004,2025-02-01,Feb-2025,9250369,9677762,20319,9230050,99.78,57814.81
BNK003,PRD004,2025-03-01,Mar-2025,8357968,8775342,18458,8339510,99.78,52237.3
BNK003,PRD005,2024-04-01,Apr-2024,10345891,10423290,34014,10311877,99.67,64661.82
BNK003,PRD005,2024-05-01,May-2024,10653936,10822513,52329,10601607,99.51,66587.11
BNK003,PRD005,2024-06-01,Jun-2024,11112934,11384832,41597,11071337,99.63,69455.84
BNK003,PRD005,2024-07-01,Jul-2024,11172869,11624426,33372,11139497,99.7,69830.44
BNK003,PRD005,2024-08-01,Aug-2024,11737080,11563747,40237,11696843,99.66,73356.75
BNK003,PRD005,2024-09-01,Sep-2024,11809757,12070668,43826,11765931,99.63,73810.98
BNK003,PRD005,2024-10-01,Oct-2024,12401595,12901879,43566,12358029,99.65,77509.97
BNK003,PRD005,2024-11-01,Nov-2024,11546823,11638705,31907,11514916,99.72,72167.65
BNK003,PRD005,2024-12-01,Dec-2024,11382315,11664005,24818,11357497,99.78,71139.47
BNK003,PRD005,2025-01-01,Jan-2025,10862780,11374948,34300,10828480,99.68,67892.38
BNK003,PRD005,2025-02-01,Feb-2025,13007106,12690994,56215,12950891,99.57,81294.41
BNK003,PRD005,2025-03-01,Mar-2025,12826236,13142478,54203,12772033,99.58,80163.98
BNK004,PRD001,2024-04-01,Apr-2024,7163517,7345578,9321,7154196,99.87,44771.99
BNK004,PRD001,2024-05-01,May-2024,7465194,7388609,27603,7437591,99.63,46657.46
BNK004,PRD001,2024-06-01,Jun-2024,7523040,7443728,10240,7512800,99.86,47019.0
BNK004,PRD001,2024-07-01,Jul-2024,6948393,7121416,17192,6931201,99.75,43427.46
BNK004,PRD001,2024-08-01,Aug-2024,7315298,7221277,26000,7289298,99.64,45720.61
BNK004,PRD001,2024-09-01,Sep-2024,7709068,8050710,26813,7682255,99.65,48181.68
BNK004,PRD001,2024-10-01,Oct-2024,7762910,7868022,27873,7735037,99.64,48518.19
BNK004,PRD001,2024-11-01,Nov-2024,8054026,7745295,28969,8025057,99.64,50337.67
BNK004,PRD001,2024-12-01,Dec-2024,6969821,6702263,34735,6935086,99.5,43561.39
BNK004,PRD001,2025-01-01,Jan-2025,7798796,7698200,19922,7778874,99.74,48742.48
BNK004,PRD001,2025-02-01,Feb-2025,8855232,8932573,27989,8827243,99.68,55345.2
BNK004,PRD001,2025-03-01,Mar-2025,8980846,9280530,32507,8948339,99.64,56130.29
BNK004,PRD002,2024-04-01,Apr-2024,9435742,9313577,10670,9425072,99.89,58973.39
BNK004,PRD002,2024-05-01,May-2024,9544299,9161911,42202,9502097,99.56,59651.87
BNK004,PRD002,2024-06-01,Jun-2024,9133541,9004460,44858,9088683,99.51,57084.63
BNK004,PRD002,2024-07-01,Jul-2024,8638537,8939186,12859,8625678,99.85,53990.86
BNK004,PRD002,2024-08-01,Aug-2024,9456105,9547967,33728,9422377,99.64,59100.66
BNK004,PRD002,2024-09-01,Sep-2024,9448644,9095192,18654,9429990,99.8,59054.03
BNK004,PRD002,2024-10-01,Oct-2024,8854663,8595360,35955,8818708,99.59,55341.65
BNK004,PRD002,2024-11-01,Nov-2024,9858091,9510646,22813,9835278,99.77,61613.07
BNK004,PRD002,2024-12-01,Dec-2024,9299307,8968891,41229,9258078,99.56,58120.67
BNK004,PRD002,2025-01-01,Jan-2025,8977392,9121979,15243,8962149,99.83,56108.7
BNK004,PRD002,2025-02-01,Feb-2025,8554157,8329979,35584,8518573,99.58,53463.49
BNK004,PRD002,2025-03-01,Mar-2025,9245725,9469210,11183,9234542,99.88,57785.79
BNK004,PRD003,2024-04-01,Apr-2024,8185489,8072561,22862,8162627,99.72,51159.31
BNK004,PRD003,2024-05-01,May-2024,8853847,8955760,16700,8837147,99.81,55336.55
BNK004,PRD003,2024-06-01,Jun-2024,9673826,9481926,35170,9638656,99.64,60461.41
BNK004,PRD003,2024-07-01,Jul-2024,8497609,8792729,42440,8455169,99.5,53110.06
BNK004,PRD003,2024-08-01,Aug-2024,8623925,8575253,33198,8590727,99.62,53899.53
BNK004,PRD003,2024-09-01,Sep-2024,9339895,8990761,14881,9325014,99.84,58374.34
BNK004,PRD003,2024-10-01,Oct-2024,9689012,9573620,37289,9651723,99.62,60556.33
BNK004,PRD003,2024-11-01,Nov-2024,9342984,9277769,28236,9314748,99.7,58393.65
BNK004,PRD003,2024-12-01,Dec-2024,9373219,9727251,33920,9339299,99.64,58582.62
BNK004,PRD003,2025-01-01,Jan-2025,10427059,10831723,28364,10398695,99.73,65169.12
BNK004,PRD003,2025-02-01,Feb-2025,10298906,10535381,26724,10272182,99.74,64368.16
BNK004,PRD003,2025-03-01,Mar-2025,9445722,9874172,19076,9426646,99.8,59035.76
BNK004,PRD004,2024-04-01,Apr-2024,8935116,8571662,38663,8896453,99.57,55844.48
BNK004,PRD004,2024-05-01,May-2024,10031061,10087606,42602,9988459,99.58,62694.13
BNK004,PRD004,2024-06-01,Jun-2024,9962108,9585770,23097,9939011,99.77,62263.18
BNK004,PRD004,2024-07-01,Jul-2024,10158567,10532495,40645,10117922,99.6,63491.05
BNK004,PRD004,2024-08-01,Aug-2024,10972306,10809527,37323,10934983,99.66,68576.92
BNK004,PRD004,2024-09-01,Sep-2024,9784712,9514893,35488,9749224,99.64,61154.45
BNK004,PRD004,2024-10-01,Oct-2024,10533075,10809679,26019,10507056,99.75,65831.72
BNK004,PRD004,2024-11-01,Nov-2024,11031546,11555044,48325,10983221,99.56,68947.17
BNK004,PRD004,2024-12-01,Dec-2024,11125387,10598326,39726,11085661,99.64,69533.67
BNK004,PRD004,2025-01-01,Jan-2025,11828389,11450372,24482,11803907,99.79,73927.43
BNK004,PRD004,2025-02-01,Feb-2025,10752891,10221811,25369,10727522,99.76,67205.57
BNK004,PRD004,2025-03-01,Mar-2025,11627955,11211528,30269,11597686,99.74,72674.72
BNK004,PRD005,2024-04-01,Apr-2024,8972939,8861848,28012,8944927,99.69,56080.87
BNK004,PRD005,2024-05-01,May-2024,9180893,9019660,20625,9160268,99.78,57380.59
BNK004,PRD005,2024-06-01,Jun-2024,10120577,9772003,45880,10074697,99.55,63253.61
BNK004,PRD005,2024-07-01,Jul-2024,9344499,9291340,12393,9332106,99.87,58403.12
BNK004,PRD005,2024-08-01,Aug-2024,10208174,9917821,27120,10181054,99.73,63801.09
BNK004,PRD005,2024-09-01,Sep-2024,9955991,10133424,14372,9941619,99.86,62224.95
BNK004,PRD005,2024-10-01,Oct-2024,10445288,10153361,23331,10421957,99.78,65283.05
BNK004,PRD005,2024-11-01,Nov-2024,10149843,10601839,18449,10131394,99.82,63436.52
BNK004,PRD005,2024-12-01,Dec-2024,11327330,10896873,24441,11302889,99.78,70795.81
BNK004,PRD005,2025-01-01,Jan-2025,10558152,10592552,16014,10542138,99.85,65988.45
BNK004,PRD005,2025-02-01,Feb-2025,10509182,10355923,38591,10470591,99.63,65682.39
BNK004,PRD005,2025-03-01,Mar-2025,11173541,11128572,30670,11142871,99.73,69834.63
BNK005,PRD001,2024-04-01,Apr-2024,4858183,4959961,16000,4842183,99.67,30363.64
BNK005,PRD001,2024-05-01,May-2024,4555197,4475375,4935,4550262,99.89,28469.99
BNK005,PRD001,2024-06-01,Jun-2024,5057198,5269483,21888,5035310,99.57,31607.49
BNK005,PRD001,2024-07-01,Jul-2024,5160617,5206480,10183,5150434,99.8,32253.86
BNK005,PRD001,2024-08-01,Aug-2024,4962732,4883086,11121,4951611,99.78,31017.08
BNK005,PRD001,2024-09-01,Sep-2024,4772291,4588093,14516,4757775,99.7,29826.82
BNK005,PRD001,2024-10-01,Oct-2024,5499708,5624759,13185,5486523,99.76,34373.18
BNK005,PRD001,2024-11-01,Nov-2024,5651971,5452142,10993,5640978,99.81,35324.82
BNK005,PRD001,2024-12-01,Dec-2024,5189278,5269975,20969,5168309,99.6,32432.99
BNK005,PRD001,2025-01-01,Jan-2025,5354778,5491028,15938,5338840,99.7,33467.37
BNK005,PRD001,2025-02-01,Feb-2025,5541436,5577173,26026,5515410,99.53,34633.98
BNK005,PRD001,2025-03-01,Mar-2025,5678073,5750307,25307,5652766,99.55,35487.96
BNK005,PRD002,2024-04-01,Apr-2024,5970164,6147077,21048,5949116,99.65,37313.53
BNK005,PRD002,2024-05-01,May-2024,5939120,5916398,7701,5931419,99.87,37119.5
BNK005,PRD002,2024-06-01,Jun-2024,5939355,6025277,12759,5926596,99.79,37120.97
BNK005,PRD002,2024-07-01,Jul-2024,5937375,5868787,20046,5917329,99.66,37108.6
BNK005,PRD002,2024-08-01,Aug-2024,6788885,6477290,26854,6762031,99.6,42430.54
BNK005,PRD002,2024-09-01,Sep-2024,6634272,6703935,11629,6622643,99.82,41464.2
BNK005,PRD002,2024-10-01,Oct-2024,6923161,7138448,19399,6903762,99.72,43269.76
BNK005,PRD002,2024-11-01,Nov-2024,7257562,7363614,9705,7247857,99.87,45359.77
BNK005,PRD002,2024-12-01,Dec-2024,6476408,6491995,32148,6444260,99.5,40477.55
BNK005,PRD002,2025-01-01,Jan-2025,6616648,6542155,30911,6585737,99.53,41354.05
BNK005,PRD002,2025-02-01,Feb-2025,7197298,7291500,8704,7188594,99.88,44983.12
BNK005,PRD002,2025-03-01,Mar-2025,6479785,6406281,20941,6458844,99.68,40498.66
BNK005,PRD003,2024-04-01,Apr-2024,7380361,7655854,34136,7346225,99.54,46127.26
BNK005,PRD003,2024-05-01,May-2024,7368272,7257615,11536,7356736,99.84,46051.7
BNK005,PRD003,2024-06-01,Jun-2024,7718595,7791953,19820,7698775,99.74,48241.22
BNK005,PRD003,2024-07-01,Jul-2024,7380001,7595247,18499,7361502,99.75,46125.01
BNK005,PRD003,2024-08-01,Aug-2024,7904751,8093496,34115,7870636,99.57,49404.69
BNK005,PRD003,2024-09-01,Sep-2024,7782852,7723240,27894,7754958,99.64,48642.83
BNK005,PRD003,2024-10-01,Oct-2024,7482273,7268424,12877,7469396,99.83,46764.21
BNK005,PRD003,2024-11-01,Nov-2024,8150493,7855090,15536,8134957,99.81,50940.59
BNK005,PRD003,2024-12-01,Dec-2024,7970997,8186911,11195,7959802,99.86,49818.73
BNK005,PRD003,2025-01-01,Jan-2025,8847460,8703037,10183,8837277,99.88,55296.63
BNK005,PRD003,2025-02-01,Feb-2025,7892473,7625902,19785,7872688,99.75,49327.96
BNK005,PRD003,2025-03-01,Mar-2025,8955958,8656416,37939,8918019,99.58,55974.74
BNK005,PRD004,2024-04-01,Apr-2024,7826303,8193817,30353,7795950,99.61,48914.4
BNK005,PRD004,2024-05-01,May-2024,8440906,8216380,34904,8406002,99.59,52755.66
BNK005,PRD004,2024-06-01,Jun-2024,8743599,9096817,36176,8707423,99.59,54647.5
BNK005,PRD004,2024-07-01,Jul-2024,8423494,8373456,27643,8395851,99.67,52646.84
BNK005,PRD004,2024-08-01,Aug-2024,8908884,8836419,26830,8882054,99.7,55680.53
BNK005,PRD004,2024-09-01,Sep-2024,7898566,8193184,27002,7871564,99.66,49366.04
BNK005,PRD004,2024-10-01,Oct-2024,8251863,8610236,20504,8231359,99.75,51574.15
BNK005,PRD004,2024-11-01,Nov-2024,8900174,8529815,13338,8886836,99.85,55626.09
BNK005,PRD004,2024-12-01,Dec-2024,8405185,8683435,25664,8379521,99.69,52532.41
BNK005,PRD004,2025-01-01,Jan-2025,9014647,9361377,38463,8976184,99.57,56341.55
BNK005,PRD004,2025-02-01,Feb-2025,9386984,9268671,24273,9362711,99.74,58668.65
BNK005,PRD004,2025-03-01,Mar-2025,8350615,8199205,15850,8334765,99.81,52191.35
BNK005,PRD005,2024-04-01,Apr-2024,4915169,4737043,20474,4894695,99.58,30719.81
BNK005,PRD005,2024-05-01,May-2024,5100268,4916042,19300,5080968,99.62,31876.68
BNK005,PRD005,2024-06-01,Jun-2024,4908892,4702338,5012,4903880,99.9,30680.58
BNK005,PRD005,2024-07-01,Jul-2024,5191352,5309317,16587,5174765,99.68,32445.95
BNK005,PRD005,2024-08-01,Aug-2024,4733961,4639826,10189,4723772,99.78,29587.26
BNK005,PRD005,2024-09-01,Sep-2024,4873855,4852952,20351,4853504,99.58,30461.6
BNK005,PRD005,2024-10-01,Oct-2024,5315482,5058444,18003,5297479,99.66,33221.77
BNK005,PRD005,2024-11-01,Nov-2024,5011896,4976431,7890,5004006,99.84,31324.35
BNK005,PRD005,2024-12-01,Dec-2024,5124213,5208440,13662,5110551,99.73,32026.34
BNK005,PRD005,2025-01-01,Jan-2025,5456629,5470848,6933,5449696,99.87,34103.94
BNK005,PRD005,2025-02-01,Feb-2025,5827606,5763766,18745,5808861,99.68,36422.54
BNK005,PRD005,2025-03-01,Mar-2025,5554355,5417523,27350,5527005,99.51,34714.72
BNK006,PRD001,2024-04-01,Apr-2024,1116971,1134519,2194,1114777,99.8,8377.29
BNK006,PRD001,2024-05-01,May-2024,1223694,1178834,4927,1218767,99.6,9177.71
BNK006,PRD001,2024-06-01,Jun-2024,1193046,1232462,4260,1188786,99.64,8947.85
BNK006,PRD001,2024-07-01,Jul-2024,1351519,1308578,3938,1347581,99.71,10136.39
BNK006,PRD001,2024-08-01,Aug-2024,1276355,1217257,6093,1270262,99.52,9572.66
BNK006,PRD001,2024-09-01,Sep-2024,1306278,1282189,5934,1300344,99.55,9797.09
BNK006,PRD001,2024-10-01,Oct-2024,1248815,1245493,5321,1243494,99.57,9366.12
BNK006,PRD001,2024-11-01,Nov-2024,1275914,1322119,2736,1273178,99.79,9569.36
BNK006,PRD001,2024-12-01,Dec-2024,1286151,1324650,2691,1283460,99.79,9646.14
BNK006,PRD001,2025-01-01,Jan-2025,1303594,1363100,3596,1299998,99.72,9776.96
BNK006,PRD001,2025-02-01,Feb-2025,1254830,1238184,4728,1250102,99.62,9411.23
BNK006,PRD001,2025-03-01,Mar-2025,1370718,1360369,1823,1368895,99.87,10280.39
BNK006,PRD002,2024-04-01,Apr-2024,2103149,2065547,6692,2096457,99.68,15773.62
BNK006,PRD002,2024-05-01,May-2024,2064215,2085398,4594,2059621,99.78,15481.62
BNK006,PRD002,2024-06-01,Jun-2024,2107675,2011218,5071,2102604,99.76,15807.56
BNK006,PRD002,2024-07-01,Jul-2024,2058567,2012157,10277,2048290,99.5,15439.26
BNK006,PRD002,2024-08-01,Aug-2024,2312227,2344023,3006,2309221,99.87,17341.7
BNK006,PRD002,2024-09-01,Sep-2024,2205881,2305760,8200,2197681,99.63,16544.11
BNK006,PRD002,2024-10-01,Oct-2024,2121598,2022901,8752,2112846,99.59,15911.99
BNK006,PRD002,2024-11-01,Nov-2024,2176992,2151489,5366,2171626,99.75,16327.44
BNK006,PRD002,2024-12-01,Dec-2024,2253403,2354541,8374,2245029,99.63,16900.53
BNK006,PRD002,2025-01-01,Jan-2025,2282647,2289371,7522,2275125,99.67,17119.85
BNK006,PRD002,2025-02-01,Feb-2025,2272520,2184675,4541,2267979,99.8,17043.9
BNK006,PRD002,2025-03-01,Mar-2025,2352412,2366919,5993,2346419,99.75,17643.1
BNK006,PRD003,2024-04-01,Apr-2024,1858762,1879557,3454,1855308,99.81,13940.72
BNK006,PRD003,2024-05-01,May-2024,1973555,1901663,3553,1970002,99.82,14801.67
BNK006,PRD003,2024-06-01,Jun-2024,1726571,1812426,6653,1719918,99.61,12949.29
BNK006,PRD003,2024-07-01,Jul-2024,2034240,2068382,10061,2024179,99.51,15256.8
BNK006,PRD003,2024-08-01,Aug-2024,1927930,1889363,4167,1923763,99.78,14459.48
BNK006,PRD003,2024-09-01,Sep-2024,1928839,1865976,7331,1921508,99.62,14466.3
BNK006,PRD003,2024-10-01,Oct-2024,1828176,1881570,9032,1819144,99.51,13711.33
BNK006,PRD003,2024-11-01,Nov-2024,1905918,1919693,4657,1901261,99.76,14294.39
BNK006,PRD003,2024-12-01,Dec-2024,2125433,2207102,3228,2122205,99.85,15940.75
BNK006,PRD003,2025-01-01,Jan-2025,1866066,1862084,7217,1858849,99.61,13995.5
BNK006,PRD003,2025-02-01,Feb-2025,1971920,1898037,6506,1965414,99.67,14789.4
BNK006,PRD003,2025-03-01,Mar-2025,1857356,1860580,5318,1852038,99.71,13930.17
BNK006,PRD004,2024-04-01,Apr-2024,1567263,1517418,5578,1561685,99.64,11754.47
BNK006,PRD004,2024-05-01,May-2024,1512754,1445498,7023,1505731,99.54,11345.66
BNK006,PRD004,2024-06-01,Jun-2024,1436168,1410699,2382,1433786,99.83,10771.26
BNK006,PRD004,2024-07-01,Jul-2024,1531691,1592181,7296,1524395,99.52,11487.69
BNK006,PRD004,2024-08-01,Aug-2024,1542044,1549883,5459,1536585,99.65,11565.33
BNK006,PRD004,2024-09-01,Sep-2024,1502632,1503018,4709,1497923,99.69,11269.74
BNK006,PRD004,2024-10-01,Oct-2024,1678539,1705182,2713,1675826,99.84,12589.05
BNK006,PRD004,2024-11-01,Nov-2024,1694025,1704802,7403,1686622,99.56,12705.19
BNK006,PRD004,2024-12-01,Dec-2024,1579615,1601959,1866,1577749,99.88,11847.12
BNK006,PRD004,2025-01-01,Jan-2025,1725023,1710634,7017,1718006,99.59,12937.68
BNK006,PRD004,2025-02-01,Feb-2025,1718233,1682093,6028,1712205,99.65,12886.75
BNK006,PRD004,2025-03-01,Mar-2025,1814306,1847868,7654,1806652,99.58,13607.3
BNK006,PRD005,2024-04-01,Apr-2024,1854320,1838673,3026,1851294,99.84,13907.41
BNK006,PRD005,2024-05-01,May-2024,1774964,1839126,2794,1772170,99.84,13312.23
BNK006,PRD005,2024-06-01,Jun-2024,1978545,1958505,4711,1973834,99.76,14839.09
BNK006,PRD005,2024-07-01,Jul-2024,1893140,1844247,2697,1890443,99.86,14198.55
BNK006,PRD005,2024-08-01,Aug-2024,1834318,1751884,2867,1831451,99.84,13757.39
BNK006,PRD005,2024-09-01,Sep-2024,2087564,2184152,5579,2081985,99.73,15656.73
BNK006,PRD005,2024-10-01,Oct-2024,2100496,2146943,9945,2090551,99.53,15753.72
BNK006,PRD005,2024-11-01,Nov-2024,1795379,1789421,8947,1786432,99.5,13465.35
BNK006,PRD005,2024-12-01,Dec-2024,2061012,2039009,2803,2058209,99.86,15457.6
BNK006,PRD005,2025-01-01,Jan-2025,1909467,1823284,6364,1903103,99.67,14321.01
BNK006,PRD005,2025-02-01,Feb-2025,1996641,2031087,8728,1987913,99.56,14974.81
BNK006,PRD005,2025-03-01,Mar-2025,1827753,1760845,2613,1825140,99.86,13708.15
BNK007,PRD001,2024-04-01,Apr-2024,7503962,7429358,18487,7485475,99.75,46899.77
BNK007,PRD001,2024-05-01,May-2024,6941065,6645050,22300,6918765,99.68,43381.66
BNK007,PRD001,2024-06-01,Jun-2024,7693166,8069431,16300,7676866,99.79,48082.29
BNK007,PRD001,2024-07-01,Jul-2024,7069287,6994284,34641,7034646,99.51,44183.05
BNK007,PRD001,2024-08-01,Aug-2024,7489473,7680428,35618,7453855,99.52,46809.21
BNK007,PRD001,2024-09-01,Sep-2024,7498420,7157469,22497,7475923,99.7,46865.13
BNK007,PRD001,2024-10-01,Oct-2024,7304320,7272903,21145,7283175,99.71,45652.0
BNK007,PRD001,2024-11-01,Nov-2024,7929957,8019619,18332,7911625,99.77,49562.24
BNK007,PRD001,2024-12-01,Dec-2024,8227220,8062045,32557,8194663,99.6,51420.13
BNK007,PRD001,2025-01-01,Jan-2025,8263336,8435824,25858,8237478,99.69,51645.85
BNK007,PRD001,2025-02-01,Feb-2025,8282060,8426007,20485,8261575,99.75,51762.88
BNK007,PRD001,2025-03-01,Mar-2025,8877437,9077467,37169,8840268,99.58,55483.98
BNK007,PRD002,2024-04-01,Apr-2024,9748853,9900536,20103,9728750,99.79,60930.33
BNK007,PRD002,2024-05-01,May-2024,9910872,9466225,18931,9891941,99.81,61942.96
BNK007,PRD002,2024-06-01,Jun-2024,9872498,10143602,38352,9834146,99.61,61703.12
BNK007,PRD002,2024-07-01,Jul-2024,10418177,10493781,20511,10397666,99.8,65113.61
BNK007,PRD002,2024-08-01,Aug-2024,9691082,9612371,26787,9664295,99.72,60569.27
BNK007,PRD002,2024-09-01,Sep-2024,9657051,9764705,29041,9628010,99.7,60356.57
BNK007,PRD002,2024-10-01,Oct-2024,10869339,11093003,42494,10826845,99.61,67933.37
BNK007,PRD002,2024-11-01,Nov-2024,10560721,10537879,52724,10507997,99.5,66004.51
BNK007,PRD002,2024-12-01,Dec-2024,11179349,11216382,31734,11147615,99.72,69870.93
BNK007,PRD002,2025-01-01,Jan-2025,11042181,11241763,49365,10992816,99.55,69013.64
BNK007,PRD002,2025-02-01,Feb-2025,10813591,11308136,31756,10781835,99.71,67584.95
BNK007,PRD002,2025-03-01,Mar-2025,10229169,10722481,48751,10180418,99.52,63932.31
BNK007,PRD003,2024-04-01,Apr-2024,10294176,10105834,39323,10254853,99.62,64338.6
BNK007,PRD003,2024-05-01,May-2024,11667608,11403287,48789,11618819,99.58,72922.55
BNK007,PRD003,2024-06-01,Jun-2024,11256858,11797367,28353,11228505,99.75,70355.36
BNK007,PRD003,2024-07-01,Jul-2024,12186008,11930653,51406,12134602,99.58,76162.56
BNK007,PRD003,2024-08-01,Aug-2024,11586207,11519442,27638,11558569,99.76,72413.8
BNK007,PRD003,2024-09-01,Sep-2024,11239969,11283330,20324,11219645,99.82,70249.81
BNK007,PRD003,2024-10-01,Oct-2024,12408518,12552056,19221,12389297,99.85,77553.24
BNK007,PRD003,2024-11-01,Nov-2024,11355435,11390683,41780,11313655,99.63,70971.47
BNK007,PRD003,2024-12-01,Dec-2024,11195350,11438689,29703,11165647,99.73,69970.94
BNK007,PRD003,2025-01-01,Jan-2025,11927883,11987942,12175,11915708,99.9,74549.27
BNK007,PRD003,2025-02-01,Feb-2025,12653815,13132634,59980,12593835,99.53,79086.35
BNK007,PRD003,2025-03-01,Mar-2025,11655996,11447549,56597,11599399,99.51,72849.98
BNK007,PRD004,2024-04-01,Apr-2024,10012761,9744639,36138,9976623,99.64,62579.76
BNK007,PRD004,2024-05-01,May-2024,10301135,10735297,11837,10289298,99.89,64382.1
BNK007,PRD004,2024-06-01,Jun-2024,10346598,9866867,48998,10297600,99.53,64666.24
BNK007,PRD004,2024-07-01,Jul-2024,10570825,10834041,18448,10552377,99.83,66067.66
BNK007,PRD004,2024-08-01,Aug-2024,9947668,9747115,11438,9936230,99.89,62172.93
BNK007,PRD004,2024-09-01,Sep-2024,10978315,10928197,25691,10952624,99.77,68614.47
BNK007,PRD004,2024-10-01,Oct-2024,10482723,10099264,47770,10434953,99.54,65517.02
BNK007,PRD004,2024-11-01,Nov-2024,10064639,9894228,42626,10022013,99.58,62903.99
BNK007,PRD004,2024-12-01,Dec-2024,11083109,10544563,42940,11040169,99.61,69269.43
BNK007,PRD004,2025-01-01,Jan-2025,10125558,9814866,37440,10088118,99.63,63284.74
BNK007,PRD004,2025-02-01,Feb-2025,11203039,11122044,29373,11173666,99.74,70018.99
BNK007,PRD004,2025-03-01,Mar-2025,10478496,10983229,14476,10464020,99.86,65490.6
BNK007,PRD005,2024-04-01,Apr-2024,7677500,7474446,15686,7661814,99.8,47984.38
BNK007,PRD005,2024-05-01,May-2024,8721092,8915469,19254,8701838,99.78,54506.83
BNK007,PRD005,2024-06-01,Jun-2024,8281493,7918866,31230,8250263,99.62,51759.34
BNK007,PRD005,2024-07-01,Jul-2024,7910248,7912241,20738,7889510,99.74,49439.05
BNK007,PRD005,2024-08-01,Aug-2024,8869414,8530084,19902,8849512,99.78,55433.84
BNK007,PRD005,2024-09-01,Sep-2024,8462741,8225046,29268,8433473,99.65,52892.13
BNK007,PRD005,2024-10-01,Oct-2024,7873592,7956846,31423,7842169,99.6,49209.96
BNK007,PRD005,2024-11-01,Nov-2024,8697287,8729917,25076,8672211,99.71,54358.05
BNK007,PRD005,2024-12-01,Dec-2024,8553956,8771859,17021,8536935,99.8,53462.23
BNK007,PRD005,2025-01-01,Jan-2025,8680609,8857490,24192,8656417,99.72,54253.81
BNK007,PRD005,2025-02-01,Feb-2025,8580928,8621815,10700,8570228,99.88,53630.8
BNK007,PRD005,2025-03-01,Mar-2025,9213180,9054821,14735,9198445,99.84,57582.38
BNK008,PRD001,2024-04-01,Apr-2024,9053855,9043740,35017,9018838,99.61,56586.6
BNK008,PRD001,2024-05-01,May-2024,8884474,8557475,10861,8873613,99.88,55527.96
BNK008,PRD001,2024-06-01,Jun-2024,9089680,9246720,29406,9060274,99.68,56810.5
BNK008,PRD001,2024-07-01,Jul-2024,8361250,7945708,16871,8344379,99.8,52257.81
BNK008,PRD001,2024-08-01,Aug-2024,8469994,8639719,22824,8447170,99.73,52937.46
BNK008,PRD001,2024-09-01,Sep-2024,8717398,9141183,39898,8677500,99.54,54483.74
BNK008,PRD001,2024-10-01,Oct-2024,9116374,8784017,15679,9100695,99.83,56977.34
BNK008,PRD001,2024-11-01,Nov-2024,10056654,9930403,48826,10007828,99.51,62854.09
BNK008,PRD001,2024-12-01,Dec-2024,10010139,9887511,46731,9963408,99.53,62563.37
BNK008,PRD001,2025-01-01,Jan-2025,9981340,9615014,44898,9936442,99.55,62383.38
BNK008,PRD001,2025-02-01,Feb-2025,9742474,9638286,48433,9694041,99.5,60890.46
BNK008,PRD001,2025-03-01,Mar-2025,10194187,10455341,44235,10149952,99.57,63713.67
BNK008,PRD002,2024-04-01,Apr-2024,7452396,7362428,20095,7432301,99.73,46577.48
BNK008,PRD002,2024-05-01,May-2024,7215060,6990296,11691,7203369,99.84,45094.13
BNK008,PRD002,2024-06-01,Jun-2024,7777978,7902579,8780,7769198,99.89,48612.36
BNK008,PRD002,2024-07-01,Jul-2024,8031225,7822948,36591,7994634,99.54,50195.16
BNK008,PRD002,2024-08-01,Aug-2024,7483894,7612634,20848,7463046,99.72,46774.34
BNK008,PRD002,2024-09-01,Sep-2024,7530340,7484376,8862,7521478,99.88,47064.63
BNK008,PRD002,2024-10-01,Oct-2024,8081844,7791007,33169,8048675,99.59,50511.53
BNK008,PRD002,2024-11-01,Nov-2024,7854162,7913940,36644,7817518,99.53,49088.52
BNK008,PRD002,2024-12-01,Dec-2024,8335217,8115920,35620,8299597,99.57,52095.11
BNK008,PRD002,2025-01-01,Jan-2025,9026611,8948585,27847,8998764,99.69,56416.32
BNK008,PRD002,2025-02-01,Feb-2025,7928469,8114956,26692,7901777,99.66,49552.93
BNK008,PRD002,2025-03-01,Mar-2025,8027254,7663526,25875,8001379,99.68,50170.34
BNK008,PRD003,2024-04-01,Apr-2024,7397386,7263296,30648,7366738,99.59,46233.67
BNK008,PRD003,2024-05-01,May-2024,6872317,7047159,17220,6855097,99.75,42951.99
BNK008,PRD003,2024-06-01,Jun-2024,7786462,7948090,17153,7769309,99.78,48665.39
BNK008,PRD003,2024-07-01,Jul-2024,8071344,8448910,26228,8045116,99.68,50445.9
BNK008,PRD003,2024-08-01,Aug-2024,7140697,6928858,14077,7126620,99.8,44629.36
BNK008,PRD003,2024-09-01,Sep-2024,8251377,7915103,36211,8215166,99.56,51571.11
BNK008,PRD003,2024-10-01,Oct-2024,7495016,7625183,15543,7479473,99.79,46843.85
BNK008,PRD003,2024-11-01,Nov-2024,8380532,8599847,14688,8365844,99.82,52378.33
BNK008,PRD003,2024-12-01,Dec-2024,8190199,8492805,23895,8166304,99.71,51188.75
BNK008,PRD003,2025-01-01,Jan-2025,8421485,8789638,8938,8412547,99.89,52634.29
BNK008,PRD003,2025-02-01,Feb-2025,8072529,8055512,40348,8032181,99.5,50453.31
BNK008,PRD003,2025-03-01,Mar-2025,8015900,8348661,14573,8001327,99.82,50099.38
BNK008,PRD004,2024-04-01,Apr-2024,8494547,8620879,24336,8470211,99.71,53090.92
BNK008,PRD004,2024-05-01,May-2024,8685189,8655662,39354,8645835,99.55,54282.43
BNK008,PRD004,2024-06-01,Jun-2024,9423775,9254366,38133,9385642,99.6,58898.6
BNK008,PRD004,2024-07-01,Jul-2024,8742673,9060980,10341,8732332,99.88,54641.71
BNK008,PRD004,2024-08-01,Aug-2024,8642300,8714922,27769,8614531,99.68,54014.38
BNK008,PRD004,2024-09-01,Sep-2024,9184057,8936104,16391,9167666,99.82,57400.36
BNK008,PRD004,2024-10-01,Oct-2024,9128161,9532962,29233,9098928,99.68,57051.01
BNK008,PRD004,2024-11-01,Nov-2024,9816842,10036305,29003,9787839,99.7,61355.27
BNK008,PRD004,2024-12-01,Dec-2024,9870757,9724843,38802,9831955,99.61,61692.23
BNK008,PRD004,2025-01-01,Jan-2025,9431995,9799243,16375,9415620,99.83,58949.97
BNK008,PRD004,2025-02-01,Feb-2025,11318840,11702626,35040,11283800,99.69,70742.75
BNK008,PRD004,2025-03-01,Mar-2025,9869782,9382593,11785,9857997,99.88,61686.14
BNK008,PRD005,2024-04-01,Apr-2024,5742176,5460316,21984,5720192,99.62,35888.6
BNK008,PRD005,2024-05-01,May-2024,5952256,6051512,20662,5931594,99.65,37201.6
BNK008,PRD005,2024-06-01,Jun-2024,6154390,5850740,18164,6136226,99.7,38464.94
BNK008,PRD005,2024-07-01,Jul-2024,5751658,5622096,17931,5733727,99.69,35947.86
BNK008,PRD005,2024-08-01,Aug-2024,5971892,6075822,25396,5946496,99.57,37324.33
BNK008,PRD005,2024-09-01,Sep-2024,6939777,6659627,9910,6929867,99.86,43373.61
BNK008,PRD005,2024-10-01,Oct-2024,5951823,6139433,18485,5933338,99.69,37198.9
BNK008,PRD005,2024-11-01,Nov-2024,6273192,6214241,15634,6257558,99.75,39207.45
BNK008,PRD005,2024-12-01,Dec-2024,7168158,7300081,13644,7154514,99.81,44800.99
BNK008,PRD005,2025-01-01,Jan-2025,7127893,7312923,31597,7096296,99.56,44549.33
BNK008,PRD005,2025-02-01,Feb-2025,6260822,5982913,20102,6240720,99.68,39130.14
BNK008,PRD005,2025-03-01,Mar-2025,6006041,5966346,18014,5988027,99.7,37537.76
BNK009,PRD001,2024-04-01,Apr-2024,2906206,3020940,14226,2891980,99.51,21796.55
BNK009,PRD001,2024-05-01,May-2024,2631791,2682397,12119,2619672,99.54,19738.44
BNK009,PRD001,2024-06-01,Jun-2024,2671352,2720619,12546,2658806,99.53,20035.14
BNK009,PRD001,2024-07-01,Jul-2024,2793667,2704089,10147,2783520,99.64,20952.51
BNK009,PRD001,2024-08-01,Aug-2024,2667672,2572753,4878,2662794,99.82,20007.54
BNK009,PRD001,2024-09-01,Sep-2024,3084318,3022408,14544,3069774,99.53,23132.39
BNK009,PRD001,2024-10-01,Oct-2024,2949181,3001391,12969,2936212,99.56,22118.86
BNK009,PRD001,2024-11-01,Nov-2024,2892966,2977006,11453,2881513,99.6,21697.25
BNK009,PRD001,2024-12-01,Dec-2024,2826868,2783294,11256,2815612,99.6,21201.51
BNK009,PRD001,2025-01-01,Jan-2025,2734659,2763419,3566,2731093,99.87,20509.95
BNK009,PRD001,2025-02-01,Feb-2025,3130786,3076428,15264,3115522,99.51,23480.9
BNK009,PRD001,2025-03-01,Mar-2025,3273048,3184066,9171,3263877,99.72,24547.86
BNK009,PRD002,2024-04-01,Apr-2024,2176010,2210972,8092,2167918,99.63,16320.08
BNK009,PRD002,2024-05-01,May-2024,2255843,2303916,9456,2246387,99.58,16918.82
BNK009,PRD002,2024-06-01,Jun-2024,2104183,2132358,8094,2096089,99.62,15781.38
BNK009,PRD002,2024-07-01,Jul-2024,2238580,2127813,3192,2235388,99.86,16789.36
BNK009,PRD002,2024-08-01,Aug-2024,2233484,2151405,4643,2228841,99.79,16751.13
BNK009,PRD002,2024-09-01,Sep-2024,2267209,2246360,7298,2259911,99.68,17004.07
BNK009,PRD002,2024-10-01,Oct-2024,2218113,2239860,3043,2215070,99.86,16635.85
BNK009,PRD002,2024-11-01,Nov-2024,2308757,2282852,5003,2303754,99.78,17315.68
BNK009,PRD002,2024-12-01,Dec-2024,2458643,2576208,11360,2447283,99.54,18439.83
BNK009,PRD002,2025-01-01,Jan-2025,2338351,2253899,5899,2332452,99.75,17537.63
BNK009,PRD002,2025-02-01,Feb-2025,2406722,2391000,3015,2403707,99.87,18050.42
BNK009,PRD002,2025-03-01,Mar-2025,2467618,2406346,3226,2464392,99.87,18507.14
BNK009,PRD003,2024-04-01,Apr-2024,1498992,1492675,5196,1493796,99.65,11242.44
BNK009,PRD003,2024-05-01,May-2024,1391340,1438870,3593,1387747,99.74,10435.05
BNK009,PRD003,2024-06-01,Jun-2024,1620882,1609635,4475,1616407,99.72,12156.62
BNK009,PRD003,2024-07-01,Jul-2024,1616224,1583969,5458,1610766,99.66,12121.68
BNK009,PRD003,2024-08-01,Aug-2024,1633792,1581124,4764,1629028,99.71,12253.45
BNK009,PRD003,2024-09-01,Sep-2024,1536513,1556933,6053,1530460,99.61,11523.85
BNK009,PRD003,2024-10-01,Oct-2024,1751246,1712771,4034,1747212,99.77,13134.35
BNK009,PRD003,2024-11-01,Nov-2024,1640070,1590835,7754,1632316,99.53,12300.53
BNK009,PRD003,2024-12-01,Dec-2024,1650424,1572345,6718,1643706,99.59,12378.18
BNK009,PRD003,2025-01-01,Jan-2025,1836296,1890959,3376,1832920,99.82,13772.22
BNK009,PRD003,2025-02-01,Feb-2025,1640572,1688976,7204,1633368,99.56,12304.3
BNK009,PRD003,2025-03-01,Mar-2025,1648086,1607325,3644,1644442,99.78,12360.65
BNK009,PRD004,2024-04-01,Apr-2024,1569378,1646387,2033,1567345,99.87,11770.34
BNK009,PRD004,2024-05-01,May-2024,1494185,1556999,4522,1489663,99.7,11206.39
BNK009,PRD004,2024-06-01,Jun-2024,1556923,1535052,6481,1550442,99.58,11676.93
BNK009,PRD004,2024-07-01,Jul-2024,1592293,1526209,5656,1586637,99.64,11942.2
BNK009,PRD004,2024-08-01,Aug-2024,1639531,1663632,3967,1635564,99.76,12296.49
BNK009,PRD004,2024-09-01,Sep-2024,1661836,1645154,6165,1655671,99.63,12463.77
BNK009,PRD004,2024-10-01,Oct-2024,1769308,1682708,4815,1764493,99.73,13269.82
BNK009,PRD004,2024-11-01,Nov-2024,1595972,1608822,4907,1591065,99.69,11969.8
BNK009,PRD004,2024-12-01,Dec-2024,1649110,1694022,4229,1644881,99.74,12368.33
BNK009,PRD004,2025-01-01,Jan-2025,1686815,1606617,4014,1682801,99.76,12651.11
BNK009,PRD004,2025-02-01,Feb-2025,1577033,1516485,7643,1569390,99.52,11827.75
BNK009,PRD004,2025-03-01,Mar-2025,1711241,1703597,3846,1707395,99.78,12834.31
BNK009,PRD005,2024-04-01,Apr-2024,1463592,1496082,2035,1461557,99.86,10976.94
BNK009,PRD005,2024-05-01,May-2024,1412577,1442351,1665,1410912,99.88,10594.33
BNK009,PRD005,2024-06-01,Jun-2024,1477952,1522297,2124,1475828,99.86,11084.65
BNK009,PRD005,2024-07-01,Jul-2024,1646268,1654813,5044,1641224,99.69,12347.01
BNK009,PRD005,2024-08-01,Aug-2024,1541413,1587309,4390,1537023,99.72,11560.6
BNK009,PRD005,2024-09-01,Sep-2024,1527644,1511692,5544,1522100,99.64,11457.33
BNK009,PRD005,2024-10-01,Oct-2024,1745350,1733054,4884,1740466,99.72,13090.13
BNK009,PRD005,2024-11-01,Nov-2024,1482324,1512527,3132,1479192,99.79,11117.43
BNK009,PRD005,2024-12-01,Dec-2024,1724360,1730720,7238,1717122,99.58,12932.71
BNK009,PRD005,2025-01-01,Jan-2025,1562009,1588672,2274,1559735,99.85,11715.07
BNK009,PRD005,2025-02-01,Feb-2025,1810754,1790589,4080,1806674,99.77,13580.66
BNK009,PRD005,2025-03-01,Mar-2025,1575981,1569339,3794,1572187,99.76,11819.86
BNK010,PRD001,2024-04-01,Apr-2024,1549437,1567175,3392,1546045,99.78,11620.78
BNK010,PRD001,2024-05-01,May-2024,1421003,1393347,2090,1418913,99.85,10657.53
BNK010,PRD001,2024-06-01,Jun-2024,1570380,1557540,4779,1565601,99.7,11777.86
BNK010,PRD001,2024-07-01,Jul-2024,1503304,1523674,2620,1500684,99.83,11274.78
BNK010,PRD001,2024-08-01,Aug-2024,1629419,1638366,8146,1621273,99.5,12220.64
BNK010,PRD001,2024-09-01,Sep-2024,1500927,1493572,3389,1497538,99.77,11256.96
BNK010,PRD001,2024-10-01,Oct-2024,1517228,1462082,1575,1515653,99.9,11379.22
BNK010,PRD001,2024-11-01,Nov-2024,1805640,1804731,5456,1800184,99.7,13542.3
BNK010,PRD001,2024-12-01,Dec-2024,1660523,1658646,7239,1653284,99.56,12453.92
BNK010,PRD001,2025-01-01,Jan-2025,1465324,1434858,5926,1459398,99.6,10989.93
BNK010,PRD001,2025-02-01,Feb-2025,1646691,1639663,2754,1643937,99.83,12350.19
BNK010,PRD001,2025-03-01,Mar-2025,1841423,1770198,5890,1835533,99.68,13810.67
BNK010,PRD002,2024-04-01,Apr-2024,1208276,1213356,5997,1202279,99.5,9062.07
BNK010,PRD002,2024-05-01,May-2024,1270359,1234603,3513,1266846,99.72,9527.69
BNK010,PRD002,2024-06-01,Jun-2024,1273646,1241490,4603,1269043,99.64,9552.35
BNK010,PRD002,2024-07-01,Jul-2024,1170545,1212942,2401,1168144,99.79,8779.09
BNK010,PRD002,2024-08-01,Aug-2024,1302167,1342780,1913,1300254,99.85,9766.25
BNK010,PRD002,2024-09-01,Sep-2024,1296369,1343174,4869,1291500,99.62,9722.77
BNK010,PRD002,2024-10-01,Oct-2024,1286945,1323603,4458,1282487,99.65,9652.09
BNK010,PRD002,2024-11-01,Nov-2024,1410211,1414763,4625,1405586,99.67,10576.59
BNK010,PRD002,2024-12-01,Dec-2024,1263168,1236974,6209,1256959,99.51,9473.77
BNK010,PRD002,2025-01-01,Jan-2025,1444268,1502061,4416,1439852,99.69,10832.01
BNK010,PRD002,2025-02-01,Feb-2025,1324711,1313000,5299,1319412,99.6,9935.34
BNK010,PRD002,2025-03-01,Mar-2025,1232215,1257035,4465,1227750,99.64,9241.61
BNK010,PRD003,2024-04-01,Apr-2024,1550734,1591281,6689,1544045,99.57,11630.51
BNK010,PRD003,2024-05-01,May-2024,1520147,1484988,5031,1515116,99.67,11401.1
BNK010,PRD003,2024-06-01,Jun-2024,1521859,1579708,5379,1516480,99.65,11413.95
BNK010,PRD003,2024-07-01,Jul-2024,1532603,1599476,3238,1529365,99.79,11494.52
BNK010,PRD003,2024-08-01,Aug-2024,1675831,1592453,3869,1671962,99.77,12568.74
BNK010,PRD003,2024-09-01,Sep-2024,1685083,1678081,6611,1678472,99.61,12638.12
BNK010,PRD003,2024-10-01,Oct-2024,1597578,1603077,2002,1595576,99.87,11981.84
BNK010,PRD003,2024-11-01,Nov-2024,1568945,1532629,2898,1566047,99.82,11767.09
BNK010,PRD003,2024-12-01,Dec-2024,1664734,1675744,5513,1659221,99.67,12485.51
BNK010,PRD003,2025-01-01,Jan-2025,1624133,1550788,6058,1618075,99.63,12181.0
BNK010,PRD003,2025-02-01,Feb-2025,1669962,1607211,4739,1665223,99.72,12524.72
BNK010,PRD003,2025-03-01,Mar-2025,1777908,1859341,1782,1776126,99.9,13334.31
BNK010,PRD004,2024-04-01,Apr-2024,1598257,1566590,7237,1591020,99.55,11986.93
BNK010,PRD004,2024-05-01,May-2024,1619194,1596595,2223,1616971,99.86,12143.96
BNK010,PRD004,2024-06-01,Jun-2024,1558683,1488820,5604,1553079,99.64,11690.13
BNK010,PRD004,2024-07-01,Jul-2024,1621305,1609831,6519,1614786,99.6,12159.79
BNK010,PRD004,2024-08-01,Aug-2024,1438577,1377860,2666,1435911,99.81,10789.33
BNK010,PRD004,2024-09-01,Sep-2024,1609280,1530113,4474,1604806,99.72,12069.6
BNK010,PRD004,2024-10-01,Oct-2024,1494777,1523780,6638,1488139,99.56,11210.83
BNK010,PRD004,2024-11-01,Nov-2024,1557145,1604786,2113,1555032,99.86,11678.59
BNK010,PRD004,2024-12-01,Dec-2024,1545126,1527004,3394,1541732,99.78,11588.45
BNK010,PRD004,2025-01-01,Jan-2025,1836000,1868522,6547,1829453,99.64,13770.0
BNK010,PRD004,2025-02-01,Feb-2025,1606497,1552537,5528,1600969,99.66,12048.73
BNK010,PRD004,2025-03-01,Mar-2025,1592774,1659653,6360,1586414,99.6,11945.81
BNK010,PRD005,2024-04-01,Apr-2024,2326706,2233745,3133,2323573,99.87,17450.3
BNK010,PRD005,2024-05-01,May-2024,2267874,2372932,5751,2262123,99.75,17009.06
BNK010,PRD005,2024-06-01,Jun-2024,2113513,2025643,4455,2109058,99.79,15851.35
BNK010,PRD005,2024-07-01,Jul-2024,2324393,2389236,7973,2316420,99.66,17432.95
BNK010,PRD005,2024-08-01,Aug-2024,2465123,2416227,8957,2456166,99.64,18488.42
BNK010,PRD005,2024-09-01,Sep-2024,2343994,2296069,9355,2334639,99.6,17579.96
BNK010,PRD005,2024-10-01,Oct-2024,2421759,2420520,11669,2410090,99.52,18163.2
BNK010,PRD005,2024-11-01,Nov-2024,2302889,2309403,7773,2295116,99.66,17271.67
BNK010,PRD005,2024-12-01,Dec-2024,2744457,2643456,12996,2731461,99.53,20583.43
BNK010,PRD005,2025-01-01,Jan-2025,2582611,2629857,6357,2576254,99.75,19369.59
BNK010,PRD005,2025-02-01,Feb-2025,2747967,2615154,11215,2736752,99.59,20609.75
BNK010,PRD005,2025-03-01,Mar-2025,2256266,2157096,2615,2253651,99.88,16922.0
BNK011,PRD001,2024-04-01,Apr-2024,2607762,2677417,10041,2597721,99.61,19558.22
BNK011,PRD001,2024-05-01,May-2024,2687959,2698080,9574,2678385,99.64,20159.69
BNK011,PRD001,2024-06-01,Jun-2024,2556858,2664482,3365,2553493,99.87,19176.44
BNK011,PRD001,2024-07-01,Jul-2024,2701241,2724589,6231,2695010,99.77,20259.31
BNK011,PRD001,2024-08-01,Aug-2024,2946631,2890694,10527,2936104,99.64,22099.74
BNK011,PRD001,2024-09-01,Sep-2024,3063295,2985021,5987,3057308,99.8,22974.72
BNK011,PRD001,2024-10-01,Oct-2024,2821008,2695481,9730,2811278,99.66,21157.57
BNK011,PRD001,2024-11-01,Nov-2024,3058777,2909712,5207,3053570,99.83,22940.83
BNK011,PRD001,2024-12-01,Dec-2024,2629440,2589132,7850,2621590,99.7,19720.8
BNK011,PRD001,2025-01-01,Jan-2025,3165348,3124790,6447,3158901,99.8,23740.11
BNK011,PRD001,2025-02-01,Feb-2025,3326205,3199162,13077,3313128,99.61,24946.54
BNK011,PRD001,2025-03-01,Mar-2025,3163625,3171171,8596,3155029,99.73,23727.19
BNK011,PRD002,2024-04-01,Apr-2024,1822075,1813911,2383,1819692,99.87,13665.57
BNK011,PRD002,2024-05-01,May-2024,1818609,1794546,5942,1812667,99.67,13639.57
BNK011,PRD002,2024-06-01,Jun-2024,1715393,1753608,5653,1709740,99.67,12865.45
BNK011,PRD002,2024-07-01,Jul-2024,1848106,1915179,2173,1845933,99.88,13860.8
BNK011,PRD002,2024-08-01,Aug-2024,1853997,1789122,4694,1849303,99.75,13904.98
BNK011,PRD002,2024-09-01,Sep-2024,2083426,2169668,6690,2076736,99.68,15625.7
BNK011,PRD002,2024-10-01,Oct-2024,1948521,1932203,4456,1944065,99.77,14613.91
BNK011,PRD002,2024-11-01,Nov-2024,1925968,1901471,2526,1923442,99.87,14444.76
BNK011,PRD002,2024-12-01,Dec-2024,2107804,2171952,3619,2104185,99.83,15808.53
BNK011,PRD002,2025-01-01,Jan-2025,2273469,2265533,2900,2270569,99.87,17051.02
BNK011,PRD002,2025-02-01,Feb-2025,2074710,2085724,4790,2069920,99.77,15560.33
BNK011,PRD002,2025-03-01,Mar-2025,1810305,1774806,5892,1804413,99.67,13577.29
BNK011,PRD003,2024-04-01,Apr-2024,2153632,2260837,10525,2143107,99.51,16152.24
BNK011,PRD003,2024-05-01,May-2024,2319792,2388451,7391,2312401,99.68,17398.45
BNK011,PRD003,2024-06-01,Jun-2024,2386350,2396264,2614,2383736,99.89,17897.63
BNK011,PRD003,2024-07-01,Jul-2024,2367026,2327974,2457,2364569,99.9,17752.7
BNK011,PRD003,2024-08-01,Aug-2024,2297773,2253543,9081,2288692,99.6,17233.3
BNK011,PRD003,2024-09-01,Sep-2024,2465782,2579500,6606,2459176,99.73,18493.37
BNK011,PRD003,2024-10-01,Oct-2024,2317886,2212167,4912,2312974,99.79,17384.15
BNK011,PRD003,2024-11-01,Nov-2024,2459300,2556584,6522,2452778,99.73,18444.75
BNK011,PRD003,2024-12-01,Dec-2024,2504584,2505943,8322,2496262,99.67,18784.38
BNK011,PRD003,2025-01-01,Jan-2025,2446192,2339117,8237,2437955,99.66,18346.44
BNK011,PRD003,2025-02-01,Feb-2025,2379199,2462688,5155,2374044,99.78,17844.0
BNK011,PRD003,2025-03-01,Mar-2025,2611642,2566265,11302,2600340,99.57,19587.32
BNK011,PRD004,2024-04-01,Apr-2024,1863899,1916076,3375,1860524,99.82,13979.25
BNK011,PRD004,2024-05-01,May-2024,1915754,1909250,3175,1912579,99.83,14368.16
BNK011,PRD004,2024-06-01,Jun-2024,2056141,1996026,9989,2046152,99.51,15421.06
BNK011,PRD004,2024-07-01,Jul-2024,1980378,1912572,2930,1977448,99.85,14852.84
BNK011,PRD004,2024-08-01,Aug-2024,2233158,2130506,8458,2224700,99.62,16748.69
BNK011,PRD004,2024-09-01,Sep-2024,2115450,2062186,2887,2112563,99.86,15865.88
BNK011,PRD004,2024-10-01,Oct-2024,2128607,2077555,7894,2120713,99.63,15964.56
BNK011,PRD004,2024-11-01,Nov-2024,2107127,2097055,5515,2101612,99.74,15803.46
BNK011,PRD004,2024-12-01,Dec-2024,2169103,2235021,6177,2162926,99.72,16268.28
BNK011,PRD004,2025-01-01,Jan-2025,1961595,2056255,8477,1953118,99.57,14711.96
BNK011,PRD004,2025-02-01,Feb-2025,2249999,2279315,5600,2244399,99.75,16875.0
BNK011,PRD004,2025-03-01,Mar-2025,2353340,2426940,4789,2348551,99.8,17650.06
BNK011,PRD005,2024-04-01,Apr-2024,1141968,1177288,4092,1137876,99.64,8564.76
BNK011,PRD005,2024-05-01,May-2024,1274757,1226638,5399,1269358,99.58,9560.68
BNK011,PRD005,2024-06-01,Jun-2024,1156342,1148612,5430,1150912,99.53,8672.57
BNK011,PRD005,2024-07-01,Jul-2024,1256340,1247126,3179,1253161,99.75,9422.55
BNK011,PRD005,2024-08-01,Aug-2024,1331111,1323924,2795,1328316,99.79,9983.33
BNK011,PRD005,2024-09-01,Sep-2024,1266077,1284723,4390,1261687,99.65,9495.58
BNK011,PRD005,2024-10-01,Oct-2024,1368878,1312442,3991,1364887,99.71,10266.59
BNK011,PRD005,2024-11-01,Nov-2024,1273586,1311436,4547,1269039,99.64,9551.9
BNK011,PRD005,2024-12-01,Dec-2024,1385372,1318809,4398,1380974,99.68,10390.3
BNK011,PRD005,2025-01-01,Jan-2025,1360890,1399190,3972,1356918,99.71,10206.68
BNK011,PRD005,2025-02-01,Feb-2025,1335811,1305145,3054,1332757,99.77,10018.59
BNK011,PRD005,2025-03-01,Mar-2025,1290912,1331019,1442,1289470,99.89,9681.84
BNK012,PRD001,2024-04-01,Apr-2024,1941561,1993370,6053,1935508,99.69,14561.71
BNK012,PRD001,2024-05-01,May-2024,1975224,2006208,2766,1972458,99.86,14814.19
BNK012,PRD001,2024-06-01,Jun-2024,1925121,1839628,8988,1916133,99.53,14438.41
BNK012,PRD001,2024-07-01,Jul-2024,1822062,1876248,7991,1814071,99.56,13665.47
BNK012,PRD001,2024-08-01,Aug-2024,1976048,1912043,8656,1967392,99.56,14820.36
BNK012,PRD001,2024-09-01,Sep-2024,2019302,2102897,7654,2011648,99.62,15144.77
BNK012,PRD001,2024-10-01,Oct-2024,1918210,1930411,9188,1909022,99.52,14386.58
BNK012,PRD001,2024-11-01,Nov-2024,1871187,1942596,9266,1861921,99.5,14033.91
BNK012,PRD001,2024-12-01,Dec-2024,1917880,1839296,5680,1912200,99.7,14384.1
BNK012,PRD001,2025-01-01,Jan-2025,1850357,1757965,5746,1844611,99.69,13877.68
BNK012,PRD001,2025-02-01,Feb-2025,2035716,2079878,3098,2032618,99.85,15267.88
BNK012,PRD001,2025-03-01,Mar-2025,2291516,2181961,5257,2286259,99.77,17186.38
BNK012,PRD002,2024-04-01,Apr-2024,2073861,2079314,2993,2070868,99.86,15553.96
BNK012,PRD002,2024-05-01,May-2024,2070996,2104575,7907,2063089,99.62,15532.47
BNK012,PRD002,2024-06-01,Jun-2024,2201559,2306322,5042,2196517,99.77,16511.7
BNK012,PRD002,2024-07-01,Jul-2024,2282214,2279292,8117,2274097,99.64,17116.61
BNK012,PRD002,2024-08-01,Aug-2024,2361656,2453666,7670,2353986,99.68,17712.43
BNK012,PRD002,2024-09-01,Sep-2024,2302284,2374680,8431,2293853,99.63,17267.14
BNK012,PRD002,2024-10-01,Oct-2024,2428562,2350291,5289,2423273,99.78,18214.22
BNK012,PRD002,2024-11-01,Nov-2024,2351024,2433487,7738,2343286,99.67,17632.68
BNK012,PRD002,2024-12-01,Dec-2024,2518400,2472619,4352,2514048,99.83,18888.0
BNK012,PRD002,2025-01-01,Jan-2025,2584466,2482149,9197,2575269,99.64,19383.5
BNK012,PRD002,2025-02-01,Feb-2025,2406917,2370045,3156,2403761,99.87,18051.88
BNK012,PRD002,2025-03-01,Mar-2025,2490086,2570182,12082,2478004,99.51,18675.65
BNK012,PRD003,2024-04-01,Apr-2024,2548474,2488639,7101,2541373,99.72,19113.56
BNK012,PRD003,2024-05-01,May-2024,2253565,2165233,4567,2248998,99.8,16901.74
BNK012,PRD003,2024-06-01,Jun-2024,2379852,2491491,9353,2370499,99.61,17848.89
BNK012,PRD003,2024-07-01,Jul-2024,2528729,2540367,6359,2522370,99.75,18965.47
BNK012,PRD003,2024-08-01,Aug-2024,2454524,2491579,10937,2443587,99.55,18408.93
BNK012,PRD003,2024-09-01,Sep-2024,2444234,2528746,3164,2441070,99.87,18331.76
BNK012,PRD003,2024-10-01,Oct-2024,2462151,2357312,11834,2450317,99.52,18466.14
BNK012,PRD003,2024-11-01,Nov-2024,2476514,2488165,9727,2466787,99.61,18573.86
BNK012,PRD003,2024-12-01,Dec-2024,2575322,2604589,8694,2566628,99.66,19314.92
BNK012,PRD003,2025-01-01,Jan-2025,2464466,2381905,11754,2452712,99.52,18483.5
BNK012,PRD003,2025-02-01,Feb-2025,2684482,2605437,3771,2680711,99.86,20133.62
BNK012,PRD003,2025-03-01,Mar-2025,2689495,2751346,10457,2679038,99.61,20171.22
BNK012,PRD004,2024-04-01,Apr-2024,1741651,1722998,2409,1739242,99.86,13062.39
BNK012,PRD004,2024-05-01,May-2024,1821199,1730833,2218,1818981,99.88,13659.0
BNK012,PRD004,2024-06-01,Jun-2024,1917192,1913420,6710,1910482,99.65,14378.94
BNK012,PRD004,2024-07-01,Jul-2024,1748824,1832252,6213,1742611,99.64,13116.18
BNK012,PRD004,2024-08-01,Aug-2024,1771051,1765905,7331,1763720,99.59,13282.88
BNK012,PRD004,2024-09-01,Sep-2024,1891895,1870616,6749,1885146,99.64,14189.22
BNK012,PRD004,2024-10-01,Oct-2024,1877797,1792285,3279,1874518,99.83,14083.48
BNK012,PRD004,2024-11-01,Nov-2024,1872439,1884468,8141,1864298,99.57,14043.29
BNK012,PRD004,2024-12-01,Dec-2024,1964517,1997548,2724,1961793,99.86,14733.88
BNK012,PRD004,2025-01-01,Jan-2025,2048798,1992970,8248,2040550,99.6,15365.99
BNK012,PRD004,2025-02-01,Feb-2025,1872029,1959195,5785,1866244,99.69,14040.22
BNK012,PRD004,2025-03-01,Mar-2025,2249890,2190412,7404,2242486,99.67,16874.18
BNK012,PRD005,2024-04-01,Apr-2024,1915999,1916401,7390,1908609,99.61,14370.0
BNK012,PRD005,2024-05-01,May-2024,1921443,1944552,7128,1914315,99.63,14410.83
BNK012,PRD005,2024-06-01,Jun-2024,1899573,1991582,3213,1896360,99.83,14246.8
BNK012,PRD005,2024-07-01,Jul-2024,1999800,1984476,3009,1996791,99.85,14998.51
BNK012,PRD005,2024-08-01,Aug-2024,1922652,1947113,9592,1913060,99.5,14419.89
BNK012,PRD005,2024-09-01,Sep-2024,1881770,1959708,8737,1873033,99.54,14113.28
BNK012,PRD005,2024-10-01,Oct-2024,1831467,1799622,4742,1826725,99.74,13736.0
BNK012,PRD005,2024-11-01,Nov-2024,1902379,1956891,8549,1893830,99.55,14267.85
BNK012,PRD005,2024-12-01,Dec-2024,2013824,1996594,5393,2008431,99.73,15103.68
BNK012,PRD005,2025-01-01,Jan-2025,1943983,2029450,7841,1936142,99.6,14579.88
BNK012,PRD005,2025-02-01,Feb-2025,2161190,2114960,3034,2158156,99.86,16208.93
BNK012,PRD005,2025-03-01,Mar-2025,2006670,1983200,5304,2001366,99.74,15050.03
BNK013,PRD001,2024-04-01,Apr-2024,1991374,1972052,3363,1988011,99.83,14935.31
BNK013,PRD001,2024-05-01,May-2024,2087233,2065482,5441,2081792,99.74,15654.25
BNK013,PRD001,2024-06-01,Jun-2024,2135919,2130625,2557,2133362,99.88,16019.39
BNK013,PRD001,2024-07-01,Jul-2024,2012247,2071337,4731,2007516,99.76,15091.86
BNK013,PRD001,2024-08-01,Aug-2024,2191265,2231770,9713,2181552,99.56,16434.49
BNK013,PRD001,2024-09-01,Sep-2024,2100295,2151484,4624,2095671,99.78,15752.21
BNK013,PRD001,2024-10-01,Oct-2024,2136290,2158716,8363,2127927,99.61,16022.18
BNK013,PRD001,2024-11-01,Nov-2024,2069271,2050062,9629,2059642,99.53,15519.54
BNK013,PRD001,2024-12-01,Dec-2024,2202069,2104342,5495,2196574,99.75,16515.52
BNK013,PRD001,2025-01-01,Jan-2025,2143592,2122881,8227,2135365,99.62,16076.94
BNK013,PRD001,2025-02-01,Feb-2025,2343224,2266773,7673,2335551,99.67,17574.19
BNK013,PRD001,2025-03-01,Mar-2025,2283945,2177300,2810,2281135,99.88,17129.59
BNK013,PRD002,2024-04-01,Apr-2024,1239289,1279380,2597,1236692,99.79,9294.67
BNK013,PRD002,2024-05-01,May-2024,1241417,1183140,1856,1239561,99.85,9310.63
BNK013,PRD002,2024-06-01,Jun-2024,1243847,1289929,2127,1241720,99.83,9328.86
BNK013,PRD002,2024-07-01,Jul-2024,1219650,1267764,2017,1217633,99.83,9147.38
BNK013,PRD002,2024-08-01,Aug-2024,1316539,1301604,2817,1313722,99.79,9874.04
BNK013,PRD002,2024-09-01,Sep-2024,1259051,1304013,6118,1252933,99.51,9442.89
BNK013,PRD002,2024-10-01,Oct-2024,1343045,1330891,2788,1340257,99.79,10072.84
BNK013,PRD002,2024-11-01,Nov-2024,1300341,1236480,5292,1295049,99.59,9752.56
BNK013,PRD002,2024-12-01,Dec-2024,1411780,1342385,4806,1406974,99.66,10588.35
BNK013,PRD002,2025-01-01,Jan-2025,1358095,1421521,3017,1355078,99.78,10185.72
BNK013,PRD002,2025-02-01,Feb-2025,1358922,1338362,3405,1355517,99.75,10191.92
BNK013,PRD002,2025-03-01,Mar-2025,1308884,1351332,4854,1304030,99.63,9816.63
BNK013,PRD003,2024-04-01,Apr-2024,1842351,1928293,9207,1833144,99.5,13817.63
BNK013,PRD003,2024-05-01,May-2024,2055193,2010528,6936,2048257,99.66,15413.95
BNK013,PRD003,2024-06-01,Jun-2024,2055042,2009108,4819,2050223,99.77,15412.82
BNK013,PRD003,2024-07-01,Jul-2024,1985749,2075542,7197,1978552,99.64,14893.12
BNK013,PRD003,2024-08-01,Aug-2024,2012558,1960292,6176,2006382,99.69,15094.19
BNK013,PRD003,2024-09-01,Sep-2024,2176202,2155331,9227,2166975,99.58,16321.52
BNK013,PRD003,2024-10-01,Oct-2024,1995532,1995007,2198,1993334,99.89,14966.49
BNK013,PRD003,2024-11-01,Nov-2024,2270887,2324646,5946,2264941,99.74,17031.66
BNK013,PRD003,2024-12-01,Dec-2024,2395656,2358084,10215,2385441,99.57,17967.42
BNK013,PRD003,2025-01-01,Jan-2025,2350656,2344952,8352,2342304,99.64,17629.92
BNK013,PRD003,2025-02-01,Feb-2025,2328266,2251430,5123,2323143,99.78,17462.0
BNK013,PRD003,2025-03-01,Mar-2025,2348699,2341836,5108,2343591,99.78,17615.25
BNK013,PRD004,2024-04-01,Apr-2024,2518404,2438587,10203,2508201,99.59,18888.03
BNK013,PRD004,2024-05-01,May-2024,2372393,2338060,3219,2369174,99.86,17792.95
BNK013,PRD004,2024-06-01,Jun-2024,2401109,2360606,9970,2391139,99.58,18008.32
BNK013,PRD004,2024-07-01,Jul-2024,2382942,2375921,10496,2372446,99.56,17872.07
BNK013,PRD004,2024-08-01,Aug-2024,2607163,2495371,12454,2594709,99.52,19553.73
BNK013,PRD004,2024-09-01,Sep-2024,2620296,2589289,11712,2608584,99.55,19652.23
BNK013,PRD004,2024-10-01,Oct-2024,2355469,2270051,10404,2345065,99.56,17666.02
BNK013,PRD004,2024-11-01,Nov-2024,2497650,2599209,8186,2489464,99.67,18732.38
BNK013,PRD004,2024-12-01,Dec-2024,2550579,2621725,9852,2540727,99.61,19129.35
BNK013,PRD004,2025-01-01,Jan-2025,2721869,2758477,4647,2717222,99.83,20414.02
BNK013,PRD004,2025-02-01,Feb-2025,2430321,2349781,9830,2420491,99.6,18227.41
BNK013,PRD004,2025-03-01,Mar-2025,2830008,2713423,11473,2818535,99.59,21225.06
BNK013,PRD005,2024-04-01,Apr-2024,2175152,2170236,5907,2169245,99.73,16313.64
BNK013,PRD005,2024-05-01,May-2024,2223105,2323159,8720,2214385,99.61,16673.29
BNK013,PRD005,2024-06-01,Jun-2024,2374606,2260130,7418,2367188,99.69,17809.55
BNK013,PRD005,2024-07-01,Jul-2024,2316885,2404228,4413,2312472,99.81,17376.64
BNK013,PRD005,2024-08-01,Aug-2024,2139933,2098442,6448,2133485,99.7,16049.5
BNK013,PRD005,2024-09-01,Sep-2024,2101084,2091823,10072,2091012,99.52,15758.13
BNK013,PRD005,2024-10-01,Oct-2024,2378158,2422577,6503,2371655,99.73,17836.19
BNK013,PRD005,2024-11-01,Nov-2024,2491112,2553418,7375,2483737,99.7,18683.34
BNK013,PRD005,2024-12-01,Dec-2024,2483318,2363901,10549,2472769,99.58,18624.89
BNK013,PRD005,2025-01-01,Jan-2025,2549150,2427278,4702,2544448,99.82,19118.63
BNK013,PRD005,2025-02-01,Feb-2025,2327209,2395193,8946,2318263,99.62,17454.07
BNK013,PRD005,2025-03-01,Mar-2025,2512362,2543297,10262,2502100,99.59,18842.72
BNK014,PRD001,2024-04-01,Apr-2024,451402,429723,1631,449771,99.64,3385.52
BNK014,PRD001,2024-05-01,May-2024,440803,442887,1111,439692,99.75,3306.03
BNK014,PRD001,2024-06-01,Jun-2024,425650,431196,1609,424041,99.62,3192.38
BNK014,PRD001,2024-07-01,Jul-2024,464268,453588,1694,462574,99.64,3482.01
BNK014,PRD001,2024-08-01,Aug-2024,437805,420507,1892,435913,99.57,3283.54
BNK014,PRD001,2024-09-01,Sep-2024,445684,428135,648,445036,99.85,3342.63
BNK014,PRD001,2024-10-01,Oct-2024,438916,439931,900,438016,99.79,3291.88
BNK014,PRD001,2024-11-01,Nov-2024,479843,457741,1046,478797,99.78,3598.83
BNK014,PRD001,2024-12-01,Dec-2024,461180,453367,2182,458998,99.53,3458.85
BNK014,PRD001,2025-01-01,Jan-2025,472593,488435,2186,470407,99.54,3544.45
BNK014,PRD001,2025-02-01,Feb-2025,477741,478300,649,477092,99.86,3583.06
BNK014,PRD001,2025-03-01,Mar-2025,483766,470760,978,482788,99.8,3628.25
BNK014,PRD002,2024-04-01,Apr-2024,334084,346583,1420,332664,99.57,2505.63
BNK014,PRD002,2024-05-01,May-2024,358207,355556,1327,356880,99.63,2686.55
BNK014,PRD002,2024-06-01,Jun-2024,385356,366460,1757,383599,99.54,2890.17
BNK014,PRD002,2024-07-01,Jul-2024,376300,391146,871,375429,99.77,2822.25
BNK014,PRD002,2024-08-01,Aug-2024,373452,368695,1468,371984,99.61,2800.9
BNK014,PRD002,2024-09-01,Sep-2024,354882,353339,923,353959,99.74,2661.62
BNK014,PRD002,2024-10-01,Oct-2024,409966,406757,1194,408772,99.71,3074.75
BNK014,PRD002,2024-11-01,Nov-2024,384444,393148,588,383856,99.85,2883.33
BNK014,PRD002,2024-12-01,Dec-2024,439767,457851,622,439145,99.86,3298.26
BNK014,PRD002,2025-01-01,Jan-2025,404066,408564,1112,402954,99.72,3030.5
BNK014,PRD002,2025-02-01,Feb-2025,427559,443804,1902,425657,99.56,3206.7
BNK014,PRD002,2025-03-01,Mar-2025,449514,448980,1318,448196,99.71,3371.36
BNK014,PRD003,2024-04-01,Apr-2024,372053,353910,1346,370707,99.64,2790.4
BNK014,PRD003,2024-05-01,May-2024,408826,417974,1624,407202,99.6,3066.2
BNK014,PRD003,2024-06-01,Jun-2024,436344,437177,1960,434384,99.55,3272.58
BNK014,PRD003,2024-07-01,Jul-2024,426303,435965,1164,425139,99.73,3197.28
BNK014,PRD003,2024-08-01,Aug-2024,430556,415428,1535,429021,99.64,3229.17
BNK014,PRD003,2024-09-01,Sep-2024,462067,439501,1594,460473,99.66,3465.51
BNK014,PRD003,2024-10-01,Oct-2024,446034,445848,1283,444751,99.71,3345.26
BNK014,PRD003,2024-11-01,Nov-2024,437881,430476,999,436882,99.77,3284.11
BNK014,PRD003,2024-12-01,Dec-2024,429827,424610,1376,428451,99.68,3223.71
BNK014,PRD003,2025-01-01,Jan-2025,430982,434129,1196,429786,99.72,3232.37
BNK014,PRD003,2025-02-01,Feb-2025,425176,445612,962,424214,99.77,3188.82
BNK014,PRD003,2025-03-01,Mar-2025,434830,414646,1136,433694,99.74,3261.23
BNK014,PRD004,2024-04-01,Apr-2024,411199,416094,1404,409795,99.66,3083.99
BNK014,PRD004,2024-05-01,May-2024,444802,452429,812,443990,99.82,3336.02
BNK014,PRD004,2024-06-01,Jun-2024,446953,434568,543,446410,99.88,3352.15
BNK014,PRD004,2024-07-01,Jul-2024,459983,458747,1600,458383,99.65,3449.87
BNK014,PRD004,2024-08-01,Aug-2024,482252,494757,702,481550,99.85,3616.9
BNK014,PRD004,2024-09-01,Sep-2024,446684,467429,1929,444755,99.57,3350.13
BNK014,PRD004,2024-10-01,Oct-2024,466397,445212,1776,464621,99.62,3497.98
BNK014,PRD004,2024-11-01,Nov-2024,436349,446016,1687,434662,99.61,3272.62
BNK014,PRD004,2024-12-01,Dec-2024,471463,491746,825,470638,99.83,3535.98
BNK014,PRD004,2025-01-01,Jan-2025,479817,490218,1979,477838,99.59,3598.63
BNK014,PRD004,2025-02-01,Feb-2025,462692,478306,2177,460515,99.53,3470.2
BNK014,PRD004,2025-03-01,Mar-2025,529021,537403,1482,527539,99.72,3967.66
BNK014,PRD005,2024-04-01,Apr-2024,439917,420057,1373,438544,99.69,3299.38
BNK014,PRD005,2024-05-01,May-2024,472679,473072,1385,471294,99.71,3545.1
BNK014,PRD005,2024-06-01,Jun-2024,432979,442958,1434,431545,99.67,3247.34
BNK014,PRD005,2024-07-01,Jul-2024,441050,457928,1500,439550,99.66,3307.88
BNK014,PRD005,2024-08-01,Aug-2024,453580,472444,2230,451350,99.51,3401.86
BNK014,PRD005,2024-09-01,Sep-2024,458909,480500,2227,456682,99.51,3441.82
BNK014,PRD005,2024-10-01,Oct-2024,443495,452365,1175,442320,99.74,3326.22
BNK014,PRD005,2024-11-01,Nov-2024,474212,491317,1804,472408,99.62,3556.6
BNK014,PRD005,2024-12-01,Dec-2024,529692,513848,1869,527823,99.65,3972.69
BNK014,PRD005,2025-01-01,Jan-2025,480226,488503,1143,479083,99.76,3601.7
BNK014,PRD005,2025-02-01,Feb-2025,539417,539627,2607,536810,99.52,4045.63
BNK014,PRD005,2025-03-01,Mar-2025,499982,492594,730,499252,99.85,3749.87
BNK015,PRD001,2024-04-01,Apr-2024,2141655,2178971,8225,2133430,99.62,16062.42
BNK015,PRD001,2024-05-01,May-2024,2047864,2031969,9235,2038629,99.55,15358.98
BNK015,PRD001,2024-06-01,Jun-2024,1893529,1808900,4778,1888751,99.75,14201.47
BNK015,PRD001,2024-07-01,Jul-2024,1959219,2053953,8115,1951104,99.59,14694.14
BNK015,PRD001,2024-08-01,Aug-2024,2001961,2058888,2498,1999463,99.88,15014.71
BNK015,PRD001,2024-09-01,Sep-2024,2094306,2084377,5099,2089207,99.76,15707.3
BNK015,PRD001,2024-10-01,Oct-2024,2231867,2170336,7248,2224619,99.68,16739.01
BNK015,PRD001,2024-11-01,Nov-2024,2166678,2230992,6594,2160084,99.7,16250.09
BNK015,PRD001,2024-12-01,Dec-2024,2316437,2289006,2751,2313686,99.88,17373.28
BNK015,PRD001,2025-01-01,Jan-2025,2304002,2411330,8618,2295384,99.63,17280.02
BNK015,PRD001,2025-02-01,Feb-2025,2198643,2279739,3984,2194659,99.82,16489.82
BNK015,PRD001,2025-03-01,Mar-2025,2372138,2403874,4512,2367626,99.81,17791.04
BNK015,PRD002,2024-04-01,Apr-2024,2497961,2523786,7959,2490002,99.68,18734.71
BNK015,PRD002,2024-05-01,May-2024,2621195,2536642,5705,2615490,99.78,19658.97
BNK015,PRD002,2024-06-01,Jun-2024,2349286,2352539,3982,2345304,99.83,17619.65
BNK015,PRD002,2024-07-01,Jul-2024,2448406,2357831,7899,2440507,99.68,18363.05
BNK015,PRD002,2024-08-01,Aug-2024,2432842,2483856,5649,2427193,99.77,18246.32
BNK015,PRD002,2024-09-01,Sep-2024,2350018,2244468,5382,2344636,99.77,17625.14
BNK015,PRD002,2024-10-01,Oct-2024,2722845,2720272,9931,2712914,99.64,20421.34
BNK015,PRD002,2024-11-01,Nov-2024,2568635,2521849,10624,2558011,99.59,19264.76
BNK015,PRD002,2024-12-01,Dec-2024,2429894,2431143,3092,2426802,99.87,18224.21
BNK015,PRD002,2025-01-01,Jan-2025,2658422,2584304,3636,2654786,99.86,19938.17
BNK015,PRD002,2025-02-01,Feb-2025,2526956,2455808,6173,2520783,99.76,18952.18
BNK015,PRD002,2025-03-01,Mar-2025,2843861,2935913,14180,2829681,99.5,21328.96
BNK015,PRD003,2024-04-01,Apr-2024,2464872,2564575,6858,2458014,99.72,18486.54
BNK015,PRD003,2024-05-01,May-2024,2481268,2526563,11998,2469270,99.52,18609.51
BNK015,PRD003,2024-06-01,Jun-2024,2609960,2580174,12475,2597485,99.52,19574.7
BNK015,PRD003,2024-07-01,Jul-2024,2407673,2485226,11184,2396489,99.54,18057.55
BNK015,PRD003,2024-08-01,Aug-2024,2623217,2503559,7298,2615919,99.72,19674.13
BNK015,PRD003,2024-09-01,Sep-2024,2492708,2604434,7616,2485092,99.69,18695.32
BNK015,PRD003,2024-10-01,Oct-2024,2691263,2558672,8482,2682781,99.68,20184.47
BNK015,PRD003,2024-11-01,Nov-2024,2568646,2662388,10516,2558130,99.59,19264.85
BNK015,PRD003,2024-12-01,Dec-2024,2452254,2501971,7727,2444527,99.68,18391.91
BNK015,PRD003,2025-01-01,Jan-2025,2948659,3078326,10574,2938085,99.64,22114.94
BNK015,PRD003,2025-02-01,Feb-2025,2634378,2590045,7473,2626905,99.72,19757.84
BNK015,PRD003,2025-03-01,Mar-2025,2383611,2397456,9956,2373655,99.58,17877.09
BNK015,PRD004,2024-04-01,Apr-2024,2344667,2333207,6167,2338500,99.74,17585.0
BNK015,PRD004,2024-05-01,May-2024,2159005,2076597,5522,2153483,99.74,16192.54
BNK015,PRD004,2024-06-01,Jun-2024,2300719,2357305,2882,2297837,99.87,17255.39
BNK015,PRD004,2024-07-01,Jul-2024,2362180,2362850,5741,2356439,99.76,17716.35
BNK015,PRD004,2024-08-01,Aug-2024,2350134,2298787,8052,2342082,99.66,17626.01
BNK015,PRD004,2024-09-01,Sep-2024,2362216,2251385,10130,2352086,99.57,17716.63
BNK015,PRD004,2024-10-01,Oct-2024,2193999,2259110,8747,2185252,99.6,16454.99
BNK015,PRD004,2024-11-01,Nov-2024,2392096,2343789,8458,2383638,99.65,17940.72
BNK015,PRD004,2024-12-01,Dec-2024,2709958,2750049,12109,2697849,99.55,20324.69
BNK015,PRD004,2025-01-01,Jan-2025,2381286,2295886,10713,2370573,99.55,17859.65
BNK015,PRD004,2025-02-01,Feb-2025,2350822,2361994,6056,2344766,99.74,17631.17
BNK015,PRD004,2025-03-01,Mar-2025,2242792,2293465,8894,2233898,99.6,16820.95
BNK015,PRD005,2024-04-01,Apr-2024,1535023,1482978,4682,1530341,99.69,11512.68
BNK015,PRD005,2024-05-01,May-2024,1593475,1542700,2832,1590643,99.82,11951.06
BNK015,PRD005,2024-06-01,Jun-2024,1638398,1709237,7218,1631180,99.56,12287.99
BNK015,PRD005,2024-07-01,Jul-2024,1579764,1546692,5053,1574711,99.68,11848.23
BNK015,PRD005,2024-08-01,Aug-2024,1437312,1435470,5608,1431704,99.61,10779.85
BNK015,PRD005,2024-09-01,Sep-2024,1481047,1421811,5364,1475683,99.64,11107.86
BNK015,PRD005,2024-10-01,Oct-2024,1732898,1724345,3935,1728963,99.77,12996.74
BNK015,PRD005,2024-11-01,Nov-2024,1598285,1608762,5332,1592953,99.67,11987.14
BNK015,PRD005,2024-12-01,Dec-2024,1577837,1499707,4281,1573556,99.73,11833.78
BNK015,PRD005,2025-01-01,Jan-2025,1545287,1535416,6118,1539169,99.6,11589.66
BNK015,PRD005,2025-02-01,Feb-2025,1660809,1723568,6530,1654279,99.61,12456.07
BNK015,PRD005,2025-03-01,Mar-2025,1658699,1667269,3685,1655014,99.78,12440.24
BNK016,PRD001,2024-04-01,Apr-2024,279934,289072,594,279340,99.79,2099.51
BNK016,PRD001,2024-05-01,May-2024,290671,294351,1143,289528,99.61,2180.04
BNK016,PRD001,2024-06-01,Jun-2024,328966,333296,1446,327520,99.56,2467.25
BNK016,PRD001,2024-07-01,Jul-2024,319453,310277,1302,318151,99.59,2395.9
BNK016,PRD001,2024-08-01,Aug-2024,294914,296084,1349,293565,99.54,2211.86
BNK016,PRD001,2024-09-01,Sep-2024,304098,316001,781,303317,99.74,2280.74
BNK016,PRD001,2024-10-01,Oct-2024,343487,343525,527,342960,99.85,2576.15
BNK016,PRD001,2024-11-01,Nov-2024,306527,298522,319,306208,99.9,2298.95
BNK016,PRD001,2024-12-01,Dec-2024,373433,383037,1395,372038,99.63,2800.75
BNK016,PRD001,2025-01-01,Jan-2025,301781,303767,985,300796,99.67,2263.36
BNK016,PRD001,2025-02-01,Feb-2025,334195,348872,1312,332883,99.61,2506.47
BNK016,PRD001,2025-03-01,Mar-2025,331825,324005,639,331186,99.81,2488.69
BNK016,PRD002,2024-04-01,Apr-2024,285925,281957,1324,284601,99.54,2144.44
BNK016,PRD002,2024-05-01,May-2024,301410,315895,357,301053,99.88,2260.58
BNK016,PRD002,2024-06-01,Jun-2024,315888,326301,974,314914,99.69,2369.17
BNK016,PRD002,2024-07-01,Jul-2024,303812,293903,965,302847,99.68,2278.6
BNK016,PRD002,2024-08-01,Aug-2024,310917,321347,1123,309794,99.64,2331.88
BNK016,PRD002,2024-09-01,Sep-2024,312810,313322,1447,311363,99.54,2346.08
BNK016,PRD002,2024-10-01,Oct-2024,337268,336664,994,336274,99.71,2529.52
BNK016,PRD002,2024-11-01,Nov-2024,329629,318606,512,329117,99.84,2472.22
BNK016,PRD002,2024-12-01,Dec-2024,322001,311919,594,321407,99.82,2415.01
BNK016,PRD002,2025-01-01,Jan-2025,339579,330422,500,339079,99.85,2546.85
BNK016,PRD002,2025-02-01,Feb-2025,363890,363119,1064,362826,99.71,2729.18
BNK016,PRD002,2025-03-01,Mar-2025,309210,294443,1339,307871,99.57,2319.08
BNK016,PRD003,2024-04-01,Apr-2024,243546,243853,374,243172,99.85,1826.6
BNK016,PRD003,2024-05-01,May-2024,230597,240338,384,230213,99.83,1729.48
BNK016,PRD003,2024-06-01,Jun-2024,242396,245731,1182,241214,99.51,1817.98
BNK016,PRD003,2024-07-01,Jul-2024,262319,274051,1124,261195,99.57,1967.4
BNK016,PRD003,2024-08-01,Aug-2024,252144,251681,727,251417,99.71,1891.08
BNK016,PRD003,2024-09-01,Sep-2024,246379,248415,387,245992,99.84,1847.85
BNK016,PRD003,2024-10-01,Oct-2024,268977,260039,818,268159,99.7,2017.33
BNK016,PRD003,2024-11-01,Nov-2024,283630,271401,960,282670,99.66,2127.23
BNK016,PRD003,2024-12-01,Dec-2024,245163,245719,261,244902,99.89,1838.73
BNK016,PRD003,2025-01-01,Jan-2025,288530,291574,1242,287288,99.57,2163.98
BNK016,PRD003,2025-02-01,Feb-2025,274990,285377,934,274056,99.66,2062.43
BNK016,PRD003,2025-03-01,Mar-2025,285318,289865,391,284927,99.86,2139.89
BNK016,PRD004,2024-04-01,Apr-2024,404884,412113,1923,402961,99.53,3036.63
BNK016,PRD004,2024-05-01,May-2024,439399,448083,1976,437423,99.55,3295.5
BNK016,PRD004,2024-06-01,Jun-2024,481632,494572,1410,480222,99.71,3612.25
BNK016,PRD004,2024-07-01,Jul-2024,475645,491683,2202,473443,99.54,3567.34
BNK016,PRD004,2024-08-01,Aug-2024,458477,470666,925,457552,99.8,3438.58
BNK016,PRD004,2024-09-01,Sep-2024,449001,450964,1523,447478,99.66,3367.51
BNK016,PRD004,2024-10-01,Oct-2024,426741,405707,1696,425045,99.6,3200.56
BNK016,PRD004,2024-11-01,Nov-2024,481057,466885,1202,479855,99.75,3607.93
BNK016,PRD004,2024-12-01,Dec-2024,492772,489129,702,492070,99.86,3695.8
BNK016,PRD004,2025-01-01,Jan-2025,475682,478758,1495,474187,99.69,3567.62
BNK016,PRD004,2025-02-01,Feb-2025,541915,525857,1403,540512,99.74,4064.37
BNK016,PRD004,2025-03-01,Mar-2025,508927,511934,872,508055,99.83,3816.95
BNK016,PRD005,2024-04-01,Apr-2024,387625,395590,921,386704,99.76,2907.19
BNK016,PRD005,2024-05-01,May-2024,429498,440141,1562,427936,99.64,3221.24
BNK016,PRD005,2024-06-01,Jun-2024,422413,410351,695,421718,99.84,3168.1
BNK016,PRD005,2024-07-01,Jul-2024,402528,410460,1289,401239,99.68,3018.96
BNK016,PRD005,2024-08-01,Aug-2024,401895,382012,1952,399943,99.51,3014.21
BNK016,PRD005,2024-09-01,Sep-2024,389311,386795,1831,387480,99.53,2919.83
BNK016,PRD005,2024-10-01,Oct-2024,395863,377564,522,395341,99.87,2968.97
BNK016,PRD005,2024-11-01,Nov-2024,463482,464455,1601,461881,99.65,3476.12
BNK016,PRD005,2024-12-01,Dec-2024,457177,471817,2186,454991,99.52,3428.83
BNK016,PRD005,2025-01-01,Jan-2025,448156,455186,809,447347,99.82,3361.17
BNK016,PRD005,2025-02-01,Feb-2025,452202,456702,512,451690,99.89,3391.52
BNK016,PRD005,2025-03-01,Mar-2025,436464,416214,732,435732,99.83,3273.48
BNK017,PRD001,2024-04-01,Apr-2024,322831,315597,434,322397,99.87,2421.23
BNK017,PRD001,2024-05-01,May-2024,311530,302193,816,310714,99.74,2336.48
BNK017,PRD001,2024-06-01,Jun-2024,313014,314566,1463,311551,99.53,2347.61
BNK017,PRD001,2024-07-01,Jul-2024,317275,312435,1057,316218,99.67,2379.57
BNK017,PRD001,2024-08-01,Aug-2024,306635,305247,1487,305148,99.52,2299.77
BNK017,PRD001,2024-09-01,Sep-2024,291497,291678,495,291002,99.83,2186.23
BNK017,PRD001,2024-10-01,Oct-2024,324247,311828,765,323482,99.76,2431.86
BNK017,PRD001,2024-11-01,Nov-2024,314003,323215,989,313014,99.69,2355.03
BNK017,PRD001,2024-12-01,Dec-2024,318065,317544,797,317268,99.75,2385.49
BNK017,PRD001,2025-01-01,Jan-2025,315057,320778,1292,313765,99.59,2362.93
BNK017,PRD001,2025-02-01,Feb-2025,375926,366821,1100,374826,99.71,2819.45
BNK017,PRD001,2025-03-01,Mar-2025,350934,357993,660,350274,99.81,2632.01
BNK017,PRD002,2024-04-01,Apr-2024,579350,550945,1776,577574,99.69,4345.13
BNK017,PRD002,2024-05-01,May-2024,527309,536468,723,526586,99.86,3954.82
BNK017,PRD002,2024-06-01,Jun-2024,520801,519580,2461,518340,99.53,3906.01
BNK017,PRD002,2024-07-01,Jul-2024,591812,618272,1228,590584,99.79,4438.6
BNK017,PRD002,2024-08-01,Aug-2024,610510,592174,1829,608681,99.7,4578.83
BNK017,PRD002,2024-09-01,Sep-2024,618071,599699,1129,616942,99.82,4635.53
BNK017,PRD002,2024-10-01,Oct-2024,579119,556341,940,578179,99.84,4343.4
BNK017,PRD002,2024-11-01,Nov-2024,628264,635415,2295,625969,99.63,4711.98
BNK017,PRD002,2024-12-01,Dec-2024,615178,614088,719,614459,99.88,4613.84
BNK017,PRD002,2025-01-01,Jan-2025,608799,632968,3008,605791,99.51,4566.0
BNK017,PRD002,2025-02-01,Feb-2025,636432,662908,3142,633290,99.51,4773.24
BNK017,PRD002,2025-03-01,Mar-2025,568229,542894,1878,566351,99.67,4261.72
BNK017,PRD003,2024-04-01,Apr-2024,577986,569159,653,577333,99.89,4334.9
BNK017,PRD003,2024-05-01,May-2024,573934,552145,1623,572311,99.72,4304.51
BNK017,PRD003,2024-06-01,Jun-2024,537460,546817,555,536905,99.9,4030.95
BNK017,PRD003,2024-07-01,Jul-2024,521718,540595,1276,520442,99.76,3912.89
BNK017,PRD003,2024-08-01,Aug-2024,535734,560298,1113,534621,99.79,4018.01
BNK017,PRD003,2024-09-01,Sep-2024,538700,534341,1452,537248,99.73,4040.25
BNK017,PRD003,2024-10-01,Oct-2024,579960,577102,1509,578451,99.74,4349.7
BNK017,PRD003,2024-11-01,Nov-2024,636641,656643,2383,634258,99.63,4774.81
BNK017,PRD003,2024-12-01,Dec-2024,637905,660634,2054,635851,99.68,4784.29
BNK017,PRD003,2025-01-01,Jan-2025,606368,604730,2397,603971,99.6,4547.77
BNK017,PRD003,2025-02-01,Feb-2025,560659,582708,862,559797,99.85,4204.95
BNK017,PRD003,2025-03-01,Mar-2025,629294,628452,1424,627870,99.77,4719.71
BNK017,PRD004,2024-04-01,Apr-2024,363907,370840,943,362964,99.74,2729.3
BNK017,PRD004,2024-05-01,May-2024,380306,385244,1105,379201,99.71,2852.3
BNK017,PRD004,2024-06-01,Jun-2024,358710,360874,876,357834,99.76,2690.33
BNK017,PRD004,2024-07-01,Jul-2024,365745,351891,394,365351,99.89,2743.09
BNK017,PRD004,2024-08-01,Aug-2024,414532,417678,744,413788,99.82,3108.99
BNK017,PRD004,2024-09-01,Sep-2024,366398,361089,1510,364888,99.59,2747.99
BNK017,PRD004,2024-10-01,Oct-2024,391825,407091,1546,390279,99.61,2938.69
BNK017,PRD004,2024-11-01,Nov-2024,373785,360509,1318,372467,99.65,2803.39
BNK017,PRD004,2024-12-01,Dec-2024,400429,405685,940,399489,99.77,3003.22
BNK017,PRD004,2025-01-01,Jan-2025,426533,412116,548,425985,99.87,3199.0
BNK017,PRD004,2025-02-01,Feb-2025,378887,370076,820,378067,99.78,2841.66
BNK017,PRD004,2025-03-01,Mar-2025,402789,417402,1119,401670,99.72,3020.92
BNK017,PRD005,2024-04-01,Apr-2024,361205,349188,1011,360194,99.72,2709.04
BNK017,PRD005,2024-05-01,May-2024,344430,335875,667,343763,99.81,2583.23
BNK017,PRD005,2024-06-01,Jun-2024,386483,382503,712,385771,99.82,2898.63
BNK017,PRD005,2024-07-01,Jul-2024,392592,375075,1135,391457,99.71,2944.45
BNK017,PRD005,2024-08-01,Aug-2024,385325,370063,1920,383405,99.5,2889.94
BNK017,PRD005,2024-09-01,Sep-2024,360036,356070,1701,358335,99.53,2700.27
BNK017,PRD005,2024-10-01,Oct-2024,392609,377941,1088,391521,99.72,2944.57
BNK017,PRD005,2024-11-01,Nov-2024,371824,366501,424,371400,99.89,2788.68
BNK017,PRD005,2024-12-01,Dec-2024,438063,454310,1256,436807,99.71,3285.48
BNK017,PRD005,2025-01-01,Jan-2025,424909,443965,654,424255,99.85,3186.82
BNK017,PRD005,2025-02-01,Feb-2025,413038,423318,1167,411871,99.72,3097.79
BNK017,PRD005,2025-03-01,Mar-2025,427417,428860,1521,425896,99.64,3205.63
BNK018,PRD001,2024-04-01,Apr-2024,344282,337667,467,343815,99.86,2582.12
BNK018,PRD001,2024-05-01,May-2024,343973,344775,358,343615,99.9,2579.8
BNK018,PRD001,2024-06-01,Jun-2024,350154,351383,751,349403,99.79,2626.16
BNK018,PRD001,2024-07-01,Jul-2024,376055,368519,1512,374543,99.6,2820.42
BNK018,PRD001,2024-08-01,Aug-2024,402037,413968,1362,400675,99.66,3015.28
BNK018,PRD001,2024-09-01,Sep-2024,364677,362383,1651,363026,99.55,2735.08
BNK018,PRD001,2024-10-01,Oct-2024,391926,404797,1404,390522,99.64,2939.45
BNK018,PRD001,2024-11-01,Nov-2024,355291,355881,1243,354048,99.65,2664.68
BNK018,PRD001,2024-12-01,Dec-2024,416366,406867,1572,414794,99.62,3122.75
BNK018,PRD001,2025-01-01,Jan-2025,409798,397012,850,408948,99.79,3073.49
BNK018,PRD001,2025-02-01,Feb-2025,359505,357899,518,358987,99.86,2696.29
BNK018,PRD001,2025-03-01,Mar-2025,419739,412210,1245,418494,99.7,3148.05
BNK018,PRD002,2024-04-01,Apr-2024,301678,289679,526,301152,99.83,2262.59
BNK018,PRD002,2024-05-01,May-2024,313134,304767,1223,311911,99.61,2348.51
BNK018,PRD002,2024-06-01,Jun-2024,304043,298314,719,303324,99.76,2280.33
BNK018,PRD002,2024-07-01,Jul-2024,340413,350333,971,339442,99.71,2553.1
BNK018,PRD002,2024-08-01,Aug-2024,329091,314480,1581,327510,99.52,2468.18
BNK018,PRD002,2024-09-01,Sep-2024,302667,293350,871,301796,99.71,2270.01
BNK018,PRD002,2024-10-01,Oct-2024,348559,335382,1503,347056,99.57,2614.2
BNK018,PRD002,2024-11-01,Nov-2024,321253,319420,1312,319941,99.59,2409.4
BNK018,PRD002,2024-12-01,Dec-2024,313285,321774,890,312395,99.72,2349.64
BNK018,PRD002,2025-01-01,Jan-2025,360417,366956,1042,359375,99.71,2703.13
BNK018,PRD002,2025-02-01,Feb-2025,319729,305091,1124,318605,99.65,2397.97
BNK018,PRD002,2025-03-01,Mar-2025,364117,369160,733,363384,99.8,2730.88
BNK018,PRD003,2024-04-01,Apr-2024,278500,291680,1021,277479,99.63,2088.75
BNK018,PRD003,2024-05-01,May-2024,299374,308187,317,299057,99.89,2245.31
BNK018,PRD003,2024-06-01,Jun-2024,303123,317334,597,302526,99.8,2273.42
BNK018,PRD003,2024-07-01,Jul-2024,321877,310771,1208,320669,99.62,2414.08
BNK018,PRD003,2024-08-01,Aug-2024,307013,312721,920,306093,99.7,2302.6
BNK018,PRD003,2024-09-01,Sep-2024,338793,323887,1368,337425,99.6,2540.95
BNK018,PRD003,2024-10-01,Oct-2024,300957,289141,946,300011,99.69,2257.18
BNK018,PRD003,2024-11-01,Nov-2024,316312,320887,1022,315290,99.68,2372.34
BNK018,PRD003,2024-12-01,Dec-2024,344845,328339,1356,343489,99.61,2586.34
BNK018,PRD003,2025-01-01,Jan-2025,340604,324918,682,339922,99.8,2554.54
BNK018,PRD003,2025-02-01,Feb-2025,350073,349726,1110,348963,99.68,2625.55
BNK018,PRD003,2025-03-01,Mar-2025,346956,345859,796,346160,99.77,2602.17
BNK018,PRD004,2024-04-01,Apr-2024,575810,550985,1853,573957,99.68,4318.58
BNK018,PRD004,2024-05-01,May-2024,526172,519179,1080,525092,99.79,3946.29
BNK018,PRD004,2024-06-01,Jun-2024,557456,539925,1402,556054,99.75,4180.92
BNK018,PRD004,2024-07-01,Jul-2024,579873,564725,2379,577494,99.59,4349.05
BNK018,PRD004,2024-08-01,Aug-2024,588701,582077,1857,586844,99.68,4415.26
BNK018,PRD004,2024-09-01,Sep-2024,574499,580993,1841,572658,99.68,4308.75
BNK018,PRD004,2024-10-01,Oct-2024,584771,586127,843,583928,99.86,4385.78
BNK018,PRD004,2024-11-01,Nov-2024,592857,614999,900,591957,99.85,4446.43
BNK018,PRD004,2024-12-01,Dec-2024,573349,577420,799,572550,99.86,4300.12
BNK018,PRD004,2025-01-01,Jan-2025,641065,653970,1989,639076,99.69,4807.99
BNK018,PRD004,2025-02-01,Feb-2025,575163,550481,1969,573194,99.66,4313.73
BNK018,PRD004,2025-03-01,Mar-2025,622170,646420,1845,620325,99.7,4666.28
BNK018,PRD005,2024-04-01,Apr-2024,245334,251307,599,244735,99.76,1840.01
BNK018,PRD005,2024-05-01,May-2024,256998,245646,1073,255925,99.58,1927.49
BNK018,PRD005,2024-06-01,Jun-2024,247988,256282,976,247012,99.61,1859.91
BNK018,PRD005,2024-07-01,Jul-2024,233330,224025,718,232612,99.69,1749.98
BNK018,PRD005,2024-08-01,Aug-2024,243574,247395,431,243143,99.82,1826.81
BNK018,PRD005,2024-09-01,Sep-2024,274608,276204,887,273721,99.68,2059.57
BNK018,PRD005,2024-10-01,Oct-2024,274534,279324,907,273627,99.67,2059.01
BNK018,PRD005,2024-11-01,Nov-2024,262999,270690,372,262627,99.86,1972.5
BNK018,PRD005,2024-12-01,Dec-2024,265638,266538,964,264674,99.64,1992.29
BNK018,PRD005,2025-01-01,Jan-2025,288981,290428,1332,287649,99.54,2167.36
BNK018,PRD005,2025-02-01,Feb-2025,303771,307818,804,302967,99.74,2278.28
BNK018,PRD005,2025-03-01,Mar-2025,277839,279106,545,277294,99.8,2083.79
BNK019,PRD001,2024-04-01,Apr-2024,427273,446998,861,426412,99.8,3204.55
BNK019,PRD001,2024-05-01,May-2024,398021,417243,1554,396467,99.61,2985.16
BNK019,PRD001,2024-06-01,Jun-2024,412307,404136,2050,410257,99.5,3092.31
BNK019,PRD001,2024-07-01,Jul-2024,393099,374297,1738,391361,99.56,2948.24
BNK019,PRD001,2024-08-01,Aug-2024,440710,443074,927,439783,99.79,3305.33
BNK019,PRD001,2024-09-01,Sep-2024,455767,434698,737,455030,99.84,3418.26
BNK019,PRD001,2024-10-01,Oct-2024,400226,403514,987,399239,99.75,3001.7
BNK019,PRD001,2024-11-01,Nov-2024,444878,440420,608,444270,99.86,3336.59
BNK019,PRD001,2024-12-01,Dec-2024,477302,491282,1858,475444,99.61,3579.77
BNK019,PRD001,2025-01-01,Jan-2025,449606,453033,1689,447917,99.62,3372.05
BNK019,PRD001,2025-02-01,Feb-2025,481688,492804,1060,480628,99.78,3612.67
BNK019,PRD001,2025-03-01,Mar-2025,429008,440629,524,428484,99.88,3217.56
BNK019,PRD002,2024-04-01,Apr-2024,356215,342698,1681,354534,99.53,2671.62
BNK019,PRD002,2024-05-01,May-2024,380462,396770,1673,378789,99.56,2853.47
BNK019,PRD002,2024-06-01,Jun-2024,378281,379203,460,377821,99.88,2837.11
BNK019,PRD002,2024-07-01,Jul-2024,374421,381825,863,373558,99.77,2808.16
BNK019,PRD002,2024-08-01,Aug-2024,380802,398739,1899,378903,99.5,2856.02
BNK019,PRD002,2024-09-01,Sep-2024,394014,391332,535,393479,99.86,2955.11
BNK019,PRD002,2024-10-01,Oct-2024,373960,373057,876,373084,99.77,2804.71
BNK019,PRD002,2024-11-01,Nov-2024,403860,399761,828,403032,99.79,3028.95
BNK019,PRD002,2024-12-01,Dec-2024,405617,404843,1641,403976,99.6,3042.13
BNK019,PRD002,2025-01-01,Jan-2025,379365,381685,1246,378119,99.67,2845.24
BNK019,PRD002,2025-02-01,Feb-2025,433517,423383,853,432664,99.8,3251.38
BNK019,PRD002,2025-03-01,Mar-2025,417327,401156,1378,415949,99.67,3129.95
BNK019,PRD003,2024-04-01,Apr-2024,390291,393954,891,389400,99.77,2927.19
BNK019,PRD003,2024-05-01,May-2024,389586,394113,1928,387658,99.51,2921.9
BNK019,PRD003,2024-06-01,Jun-2024,412036,393283,652,411384,99.84,3090.27
BNK019,PRD003,2024-07-01,Jul-2024,400511,410833,999,399512,99.75,3003.83
BNK019,PRD003,2024-08-01,Aug-2024,401892,419934,489,401403,99.88,3014.19
BNK019,PRD003,2024-09-01,Sep-2024,463632,441087,1984,461648,99.57,3477.24
BNK019,PRD003,2024-10-01,Oct-2024,409798,390240,1147,408651,99.72,3073.49
BNK019,PRD003,2024-11-01,Nov-2024,425349,426338,772,424577,99.82,3190.12
BNK019,PRD003,2024-12-01,Dec-2024,427252,411928,1674,425578,99.61,3204.39
BNK019,PRD003,2025-01-01,Jan-2025,420614,427492,1401,419213,99.67,3154.61
BNK019,PRD003,2025-02-01,Feb-2025,400316,411892,855,399461,99.79,3002.38
BNK019,PRD003,2025-03-01,Mar-2025,429693,408566,1555,428138,99.64,3222.7
BNK019,PRD004,2024-04-01,Apr-2024,410430,404692,1909,408521,99.53,3078.23
BNK019,PRD004,2024-05-01,May-2024,389279,384861,1764,387515,99.55,2919.59
BNK019,PRD004,2024-06-01,Jun-2024,416325,433139,1598,414727,99.62,3122.44
BNK019,PRD004,2024-07-01,Jul-2024,421167,408484,569,420598,99.86,3158.76
BNK019,PRD004,2024-08-01,Aug-2024,435389,415350,1676,433713,99.62,3265.42
BNK019,PRD004,2024-09-01,Sep-2024,424007,434369,1254,422753,99.7,3180.06
BNK019,PRD004,2024-10-01,Oct-2024,424830,416432,1028,423802,99.76,3186.23
BNK019,PRD004,2024-11-01,Nov-2024,490736,469242,1032,489704,99.79,3680.52
BNK019,PRD004,2024-12-01,Dec-2024,420635,441261,2103,418532,99.5,3154.77
BNK019,PRD004,2025-01-01,Jan-2025,502683,494729,956,501727,99.81,3770.13
BNK019,PRD004,2025-02-01,Feb-2025,417826,418691,1637,416189,99.61,3133.7
BNK019,PRD004,2025-03-01,Mar-2025,494580,490491,1852,492728,99.63,3709.36
BNK019,PRD005,2024-04-01,Apr-2024,473125,465048,2194,470931,99.54,3548.44
BNK019,PRD005,2024-05-01,May-2024,424863,426619,660,424203,99.84,3186.47
BNK019,PRD005,2024-06-01,Jun-2024,481355,491229,1076,480279,99.78,3610.17
BNK019,PRD005,2024-07-01,Jul-2024,430302,450774,2144,428158,99.5,3227.27
BNK019,PRD005,2024-08-01,Aug-2024,483992,475158,2259,481733,99.53,3629.94
BNK019,PRD005,2024-09-01,Sep-2024,503083,493906,741,502342,99.85,3773.13
BNK019,PRD005,2024-10-01,Oct-2024,505765,524990,2054,503711,99.59,3793.24
BNK019,PRD005,2024-11-01,Nov-2024,467790,488081,1296,466494,99.72,3508.43
BNK019,PRD005,2024-12-01,Dec-2024,539803,554869,1130,538673,99.79,4048.53
BNK019,PRD005,2025-01-01,Jan-2025,442629,447585,1792,440837,99.6,3319.72
BNK019,PRD005,2025-02-01,Feb-2025,484757,471774,932,483825,99.81,3635.68
BNK019,PRD005,2025-03-01,Mar-2025,502526,501350,1885,500641,99.62,3768.95
BNK020,PRD001,2024-04-01,Apr-2024,437800,423964,1575,436225,99.64,3283.51
BNK020,PRD001,2024-05-01,May-2024,442896,430772,733,442163,99.83,3321.72
BNK020,PRD001,2024-06-01,Jun-2024,483532,505300,2273,481259,99.53,3626.49
BNK020,PRD001,2024-07-01,Jul-2024,463370,449680,839,462531,99.82,3475.28
BNK020,PRD001,2024-08-01,Aug-2024,486466,492160,1341,485125,99.72,3648.5
BNK020,PRD001,2024-09-01,Sep-2024,501498,497864,2281,499217,99.55,3761.24
BNK020,PRD001,2024-10-01,Oct-2024,492295,503135,2115,490180,99.57,3692.21
BNK020,PRD001,2024-11-01,Nov-2024,506886,508718,1666,505220,99.67,3801.65
BNK020,PRD001,2024-12-01,Dec-2024,507515,487687,585,506930,99.88,3806.37
BNK020,PRD001,2025-01-01,Jan-2025,516371,503240,2329,514042,99.55,3872.79
BNK020,PRD001,2025-02-01,Feb-2025,536012,529976,620,535392,99.88,4020.09
BNK020,PRD001,2025-03-01,Mar-2025,558219,554844,982,557237,99.82,4186.65
BNK020,PRD002,2024-04-01,Apr-2024,347668,340520,579,347089,99.83,2607.52
BNK020,PRD002,2024-05-01,May-2024,377909,376532,1743,376166,99.54,2834.32
BNK020,PRD002,2024-06-01,Jun-2024,346294,335204,1039,345255,99.7,2597.21
BNK020,PRD002,2024-07-01,Jul-2024,398536,394274,1269,397267,99.68,2989.02
BNK020,PRD002,2024-08-01,Aug-2024,345743,359455,973,344770,99.72,2593.07
BNK020,PRD002,2024-09-01,Sep-2024,417252,409911,567,416685,99.86,3129.39
BNK020,PRD002,2024-10-01,Oct-2024,405070,414518,670,404400,99.83,3038.03
BNK020,PRD002,2024-11-01,Nov-2024,388455,372346,1373,387082,99.65,2913.41
BNK020,PRD002,2024-12-01,Dec-2024,419654,424357,2056,417598,99.51,3147.41
BNK020,PRD002,2025-01-01,Jan-2025,387064,374325,455,386609,99.88,2902.98
BNK020,PRD002,2025-02-01,Feb-2025,419632,405453,1867,417765,99.56,3147.24
BNK020,PRD002,2025-03-01,Mar-2025,405115,397339,488,404627,99.88,3038.37
BNK020,PRD003,2024-04-01,Apr-2024,475872,457672,1668,474204,99.65,3569.04
BNK020,PRD003,2024-05-01,May-2024,460367,449001,1606,458761,99.65,3452.75
BNK020,PRD003,2024-06-01,Jun-2024,519348,493679,1648,517700,99.68,3895.11
BNK020,PRD003,2024-07-01,Jul-2024,485033,483854,1627,483406,99.66,3637.75
BNK020,PRD003,2024-08-01,Aug-2024,467669,455730,1590,466079,99.66,3507.52
BNK020,PRD003,2024-09-01,Sep-2024,521509,538471,1684,519825,99.68,3911.32
BNK020,PRD003,2024-10-01,Oct-2024,468570,446862,1692,466878,99.64,3514.28
BNK020,PRD003,2024-11-01,Nov-2024,554257,543085,2412,551845,99.56,4156.93
BNK020,PRD003,2024-12-01,Dec-2024,512369,495883,1366,511003,99.73,3842.77
BNK020,PRD003,2025-01-01,Jan-2025,554841,560110,2089,552752,99.62,4161.31
BNK020,PRD003,2025-02-01,Feb-2025,531747,535946,1500,530247,99.72,3988.11
BNK020,PRD003,2025-03-01,Mar-2025,542404,535275,1191,541213,99.78,4068.03
BNK020,PRD004,2024-04-01,Apr-2024,416540,398417,1821,414719,99.56,3124.05
BNK020,PRD004,2024-05-01,May-2024,380342,373846,1687,378655,99.56,2852.57
BNK020,PRD004,2024-06-01,Jun-2024,389978,372748,716,389262,99.82,2924.84
BNK020,PRD004,2024-07-01,Jul-2024,448211,429729,1396,446815,99.69,3361.59
BNK020,PRD004,2024-08-01,Aug-2024,432509,441453,1796,430713,99.58,3243.82
BNK020,PRD004,2024-09-01,Sep-2024,446340,449693,909,445431,99.8,3347.55
BNK020,PRD004,2024-10-01,Oct-2024,464124,463956,1604,462520,99.65,3480.94
BNK020,PRD004,2024-11-01,Nov-2024,444465,461517,1880,442585,99.58,3333.49
BNK020,PRD004,2024-12-01,Dec-2024,412851,397088,732,412119,99.82,3096.38
BNK020,PRD004,2025-01-01,Jan-2025,464141,450557,1833,462308,99.61,3481.06
BNK020,PRD004,2025-02-01,Feb-2025,450677,443901,532,450145,99.88,3380.08
BNK020,PRD004,2025-03-01,Mar-2025,453327,461940,1614,451713,99.64,3399.96
BNK020,PRD005,2024-04-01,Apr-2024,348927,342783,1056,347871,99.7,2616.96
BNK020,PRD005,2024-05-01,May-2024,372591,380951,881,371710,99.76,2794.44
BNK020,PRD005,2024-06-01,Jun-2024,342357,336554,582,341775,99.83,2567.68
BNK020,PRD005,2024-07-01,Jul-2024,381109,392437,1777,379332,99.53,2858.32
BNK020,PRD005,2024-08-01,Aug-2024,380017,394915,1333,378684,99.65,2850.13
BNK020,PRD005,2024-09-01,Sep-2024,373380,370167,1544,371836,99.59,2800.35
BNK020,PRD005,2024-10-01,Oct-2024,416030,425389,914,415116,99.78,3120.23
BNK020,PRD005,2024-11-01,Nov-2024,386733,393906,708,386025,99.82,2900.5
BNK020,PRD005,2024-12-01,Dec-2024,434328,454724,1048,433280,99.76,3257.47
BNK020,PRD005,2025-01-01,Jan-2025,360588,365149,1779,358809,99.51,2704.41
BNK020,PRD005,2025-02-01,Feb-2025,428299,432376,1095,427204,99.74,3212.25
BNK020,PRD005,2025-03-01,Mar-2025,448509,440189,1713,446796,99.62,3363.82
